old_api_call,new_api_call,old_offset,new_offset,class_sim,method_sim,arg_sim,offset_sim,label
io.vertx.ext.web.handler.impl.HttpStatusException.getStatusCode(),io.vertx.ext.web.handler.HttpException.getStatusCode(),22,21,0.6666666666666666,1.0,1.0,0.5,1
io.vertx.ext.web.RoutingContext.getCookie(anyString()),io.vertx.ext.web.RoutingContext.cookieMap(),3,3,1.0,0.5,0.0,1.0,0
"io.vertx.ext.web.Cookie.cookie(""rsid"", ""B9qWECXyvoJUFeX6MlUI0rdsb6KO+1hVre/oD1mN/CN4VoLIUnj4T/IHduc/n6k03bYgvBh7oB3JHI""
                                + ""xCI7JZAa8E5oMBeRSWa9qr15frXLoJaNEy0hbrXDlIwC9iqGWqIrmhaA=="")",io.vertx.ext.web.RoutingContext.cookieMap(),4,3,0.0,0.5,0.0,0.5,0
"io.vertx.ext.web.Cookie.cookie(""rsid"", ""EsePVWzrq5VIHvKucUcPzKQlZamJwB9lpvqWFkawwXF4ANOheTKUHc1geuA89cYw39hHoR9/pR3Kc4x""
                                + ""Ca+Q3UpASoq5sdBSLYfe1+4q/He9gbrxi/lS7CmkHnH0JqQiyRfnlPKNzCa5H/06D7G2+pKm4A/zGhhk="")",io.vertx.ext.web.RoutingContext.cookieMap(),7,3,0.0,0.5,0.0,0.2,0
"io.vertx.ext.web.Cookie.cookie(""rsid"", ""EsuOVTz9qY5AEuOucUkAzbRrZaSc0QRkrf3oSXS9/hxTHeycbR/yTp9gc+E89c4x3LRLzxx6oB3Ueow""
                                + ""sGO40PP909p4BND+MZsqo59SuHehbMpYu71S3MA=="")",io.vertx.ext.web.RoutingContext.cookieMap(),10,3,0.0,0.5,0.0,0.125,0
io.vertx.ext.web.handler.impl.HttpStatusException.getStatusCode(),io.vertx.ext.web.handler.HttpException.getStatusCode(),35,34,0.6666666666666666,1.0,1.0,0.5,1
io.vertx.ext.web.handler.impl.HttpStatusException.getStatusCode(),io.vertx.ext.web.handler.HttpException.getPayload(),35,35,0.6666666666666666,0.0,1.0,1.0,0
io.vertx.ext.web.handler.impl.HttpStatusException.getPayload(),io.vertx.ext.web.handler.HttpException.getStatusCode(),36,34,0.6666666666666666,0.0,1.0,0.3333333333333333,0
io.vertx.ext.web.handler.impl.HttpStatusException.getPayload(),io.vertx.ext.web.handler.HttpException.getPayload(),36,35,0.6666666666666666,1.0,1.0,0.5,1
io.vertx.ext.web.handler.CookieHandler.create(),io.vertx.ext.web.handler.StaticHandler.create(),3,27,0.3333333333333333,0.3333333333333333,1.0,0.04,0
"io.vertx.ext.web.Router.post(""/*"")",io.vertx.ext.web.templ.pebble.PebbleTemplateEngine.create(vertx),27,26,0.0,0.0,0.0,0.5,0
"io.vertx.ext.web.Router.get(""/*"")",io.vertx.ext.web.templ.pebble.PebbleTemplateEngine.create(vertx),29,26,0.0,0.0,0.0,0.25,0
io.vertx.ext.web.RoutingContext.cookies(),io.vertx.ext.web.RoutingContext.cookieMap(),5,5,1.0,0.0,1.0,1.0,1
"io.vertx.ext.web.Cookie.cookie(OPT_OUT_COOKIE_NAME, OPT_OUT_COOKIE_VALUE)",io.vertx.ext.web.RoutingContext.cookieMap(),5,5,0.0,0.5,0.0,1.0,0
io.vertx.ext.web.RoutingContext.getBodyAsJson(),io.vertx.ext.web.RoutingContext.body(),2,6,1.0,0.5,1.0,0.2,1
io.vertx.ext.web.RoutingContext.normalisedPath(),io.vertx.ext.web.RoutingContext.normalizedPath(),2,2,1.0,1.0,1.0,1.0,1
org.springframework.web.context.support.AnnotationConfigWebApplicationContext.destroy(),org.springframework.web.context.support.AnnotationConfigWebApplicationContext.close(),4,4,1.0,0.0,1.0,1.0,1
"org.springframework.http.CacheControl.maxAge(0, TimeUnit.SECONDS)",org.springframework.http.CacheControl.noCache(),3,3,1.0,0.0,0.0,1.0,0
"org.springframework.web.client.RestTemplate.getForEntity(url, Game[].class, category)","org.springframework.web.client.RestTemplate.getForObject(url, Game[].class)",2,2,1.0,0.0,0.8,1.0,0
org.springframework.http.ResponseEntity.getBody(),"org.springframework.web.client.RestTemplate.getForObject(url, Game[].class)",3,2,0.0,0.0,0.0,0.5,0
org.springframework.web.bind.MethodArgumentNotValidException.getBindingResult(),org.springframework.web.bind.MethodArgumentNotValidException.getFieldErrors(),2,2,1.0,0.0,1.0,1.0,0
org.springframework.http.HttpStatusCode.is4xxClientError(),org.springframework.http.HttpStatus.is4xxClientError(),3,3,0.6666666666666666,1.0,1.0,1.0,1
org.springframework.http.HttpHeaders.getValuesAsList(X_FORWARDED_HOST),org.springframework.web.util.UriComponentsBuilder.fromHttpRequest(requestWrapper),7,6,0.0,0.0,0.0,0.5,0
org.springframework.http.HttpHeaders.getValuesAsList(X_FORWARDED_HOST),org.springframework.web.util.UriComponentsBuilder.replaceQuery(null),7,7,0.0,0.0,0.0,1.0,0
org.springframework.http.HttpMethod.valueOf(method),org.springframework.web.bind.annotation.RequestMethod.valueOf(method),8,8,0.3333333333333333,0.3333333333333333,1.0,1.0,0
"org.springframework.web.client.RestOperations.getForEntity(any(URI.class), eq(String.class))","org.springframework.web.client.RestOperations.exchange(eq(TOKEN_KEYS_ENDPOINT_URI), eq(GET), any(HttpEntity.class), eq(String.class))",2,2,1.0,0.0,0.33333333333333337,1.0,0
org.springframework.web.cors.CorsConfiguration.setAllowCredentials(true),org.springframework.web.cors.CorsConfiguration.applyPermitDefaultValues(),45,33,1.0,0.0,0.0,0.07692307692307693,0
org.elasticsearch.client.Client.admin(),org.elasticsearch.client.RestHighLevelClient.cluster(),4,4,0.25,0.0,1.0,1.0,0
"org.elasticsearch.common.logging.ESLogger.trace(""About to start river: {}"", this.definition.getRiverName())","org.elasticsearch.river.mongodb.util.MongoDBRiverHelper.getMongoStatus(this.mongoDBRiver.esClient, this.definition.getRiverName())",7,20,0.0,0.0,0.5,0.07142857142857142,0
"org.elasticsearch.common.logging.ESLogger.trace(""About to start river: {}"", this.definition.getRiverName())","org.elasticsearch.river.mongodb.util.MongoDBRiverHelper.getSetting(this.mongoDBRiver.esClient, this.definition.getRiverName())",7,22,0.0,0.0,0.5,0.0625,0
"org.elasticsearch.common.logging.ESLogger.trace(""About to start river: {}"", this.definition.getRiverName())","org.elasticsearch.common.logging.ESLogger.error(""The river[{}] setting is empty. closing..."", this.definition.getRiverName())",7,26,1.0,0.0,0.5,0.05,0
"org.elasticsearch.index.query.FilterBuilders.notFilter(FilterBuilders.existsFilter(""id""))","org.elasticsearch.index.query.QueryBuilders.notQuery(QueryBuilders.existsQuery(""id""))",7,7,0.3333333333333333,0.3333333333333333,0.0,1.0,1
"org.elasticsearch.index.query.FilterBuilders.notFilter(FilterBuilders.existsFilter(""id""))","org.elasticsearch.index.query.QueryBuilders.existsQuery(""id"")",7,7,0.3333333333333333,0.0,0.0,1.0,0
"org.elasticsearch.index.query.FilterBuilders.notFilter(FilterBuilders.existsFilter(""id""))",org.elasticsearch.index.query.QueryBuilders.idsQuery(),7,8,0.3333333333333333,0.0,0.0,0.5,0
"org.elasticsearch.index.query.FilterBuilders.existsFilter(""id"")","org.elasticsearch.index.query.QueryBuilders.notQuery(QueryBuilders.existsQuery(""id""))",7,7,0.3333333333333333,0.0,0.0,1.0,0
"org.elasticsearch.index.query.FilterBuilders.existsFilter(""id"")","org.elasticsearch.index.query.QueryBuilders.existsQuery(""id"")",7,7,0.3333333333333333,0.3333333333333333,1.0,1.0,1
"org.elasticsearch.index.query.FilterBuilders.existsFilter(""id"")",org.elasticsearch.index.query.QueryBuilders.idsQuery(),7,8,0.3333333333333333,0.0,0.0,0.5,0
org.elasticsearch.index.query.FilterBuilders.idsFilter(),"org.elasticsearch.index.query.QueryBuilders.notQuery(QueryBuilders.existsQuery(""id""))",8,7,0.3333333333333333,0.0,0.0,0.5,0
org.elasticsearch.index.query.FilterBuilders.idsFilter(),"org.elasticsearch.index.query.QueryBuilders.existsQuery(""id"")",8,7,0.3333333333333333,0.0,0.0,0.5,0
org.elasticsearch.index.query.FilterBuilders.idsFilter(),org.elasticsearch.index.query.QueryBuilders.idsQuery(),8,8,0.3333333333333333,0.3333333333333333,1.0,1.0,1
org.elasticsearch.search.fetch.subphase.highlight.FieldHighlightContext.hitContext.cache(),org.elasticsearch.search.fetch.subphase.highlight.FieldHighlightContext.cache.get(CACHE_KEY),4,4,0.5,0.0,0.0,1.0,0
org.elasticsearch.search.fetch.subphase.highlight.FieldHighlightContext.hitContext.cache(),"org.elasticsearch.search.fetch.subphase.highlight.FieldHighlightContext.cache.put(CACHE_KEY, entry)",4,7,0.5,0.0,0.0,0.25,0
org.elasticsearch.search.fetch.subphase.highlight.FieldHighlightContext.hitContext.cache(),org.elasticsearch.search.fetch.subphase.highlight.FieldHighlightContext.cache.get(CACHE_KEY),7,4,0.5,0.0,0.0,0.25,0
org.elasticsearch.search.fetch.subphase.highlight.FieldHighlightContext.hitContext.cache(),"org.elasticsearch.search.fetch.subphase.highlight.FieldHighlightContext.cache.put(CACHE_KEY, entry)",7,7,0.5,0.0,0.0,1.0,0
org.elasticsearch.action.admin.cluster.state.ClusterStateResponse.getState(),org.elasticsearch.client.indices.GetMappingsRequest.indices(indexName),3,2,0.0,0.0,0.0,0.5,0
org.elasticsearch.action.admin.cluster.state.ClusterStateResponse.getState(),org.elasticsearch.client.RestHighLevelClient.indices(),3,5,0.0,0.0,1.0,0.3333333333333333,0
org.elasticsearch.action.admin.cluster.state.ClusterStateResponse.getState(),org.elasticsearch.client.indices.GetMappingsResponse.mappings(),3,9,0.2,0.0,1.0,0.14285714285714285,0
org.elasticsearch.action.admin.cluster.state.ClusterStateResponse.getState(),org.elasticsearch.client.indices.GetMappingsRequest.indices(indexName),6,2,0.0,0.0,0.0,0.2,0
org.elasticsearch.action.admin.cluster.state.ClusterStateResponse.getState(),org.elasticsearch.client.RestHighLevelClient.indices(),6,5,0.0,0.0,1.0,0.5,0
org.elasticsearch.action.admin.cluster.state.ClusterStateResponse.getState(),org.elasticsearch.client.indices.GetMappingsResponse.mappings(),6,9,0.2,0.0,1.0,0.25,0
org.elasticsearch.common.collect.ImmutableOpenMap.get(mappingName),org.elasticsearch.client.indices.GetMappingsRequest.indices(indexName),8,2,0.0,0.0,0.0,0.14285714285714285,0
org.elasticsearch.common.collect.ImmutableOpenMap.get(mappingName),org.elasticsearch.client.RestHighLevelClient.indices(),8,5,0.0,0.0,0.0,0.25,0
org.elasticsearch.common.collect.ImmutableOpenMap.get(mappingName),org.elasticsearch.client.indices.GetMappingsResponse.mappings(),8,9,0.0,0.0,0.0,0.5,0
"org.apache.maven.project.MavenProjectBuilder.buildFromRepository(artifact, remoteRepositories, localRepository, true)",org.apache.maven.project.ProjectBuildingRequest.setLocalRepository(localRepository),158,158,0.2,0.25,0.4,1.0,0
"org.apache.maven.project.MavenProjectBuilder.buildFromRepository(artifact, remoteRepositories, localRepository, true)",org.apache.maven.project.ProjectBuildingRequest.setRemoteRepositories(remoteRepositories),158,159,0.2,0.0,0.4,0.5,0
"org.apache.maven.project.MavenProjectBuilder.buildFromRepository(artifact, remoteRepositories, localRepository, true)",org.apache.maven.project.ProjectBuildingRequest.setProcessPlugins(false),158,160,0.2,0.0,0.0,0.3333333333333333,0
"org.apache.maven.project.MavenProjectBuilder.buildFromRepository(artifact, remoteRepositories, localRepository, true)",org.apache.maven.project.ProjectBuildingRequest.setRepositorySession(session.getRepositorySession()),158,161,0.2,0.25,0.0,0.25,0
"org.apache.maven.project.MavenProjectBuilder.buildFromRepository(artifact, remoteRepositories, localRepository, true)",org.apache.maven.execution.MavenSession.getRepositorySession(),158,161,0.25,0.3333333333333333,0.0,0.25,0
"org.apache.maven.project.MavenProjectBuilder.buildFromRepository(artifact, remoteRepositories, localRepository, true)",org.apache.maven.project.ProjectBuildingRequest.setValidationLevel(ModelBuildingRequest.VALIDATION_LEVEL_MINIMAL),158,162,0.2,0.0,0.0,0.2,0
"org.apache.maven.project.MavenProjectBuilder.buildFromRepository(artifact, remoteRepositories, localRepository, true)",org.apache.maven.project.ProjectBuildingRequest.setSystemProperties(session.getSystemProperties()),158,163,0.2,0.0,0.0,0.16666666666666666,0
"org.apache.maven.project.MavenProjectBuilder.buildFromRepository(artifact, remoteRepositories, localRepository, true)",org.apache.maven.execution.MavenSession.getSystemProperties(),158,163,0.25,0.0,0.0,0.16666666666666666,0
"org.apache.maven.project.MavenProjectBuilder.buildFromRepository(artifact, remoteRepositories, localRepository, true)","org.apache.maven.project.ProjectBuilder.build(artifact, true, request)",158,165,0.6666666666666666,0.5,0.5714285714285714,0.125,1
org.apache.maven.project.MavenProject.getActiveProfiles(),org.apache.maven.project.MavenProject.getInjectedProfileIds(),11,2,1.0,0.0,1.0,0.1,0
org.apache.maven.project.MavenProject.getVersion(),org.apache.maven.project.MavenProject.getProperties(),1,1,1.0,0.0,1.0,1.0,0
org.apache.maven.surefire.util.internal.StringUtils.isNotBlank(clazz),org.apache.maven.surefire.shared.utils.StringUtils.isNotBlank(clazz),4,4,1.0,1.0,1.0,1.0,0
org.apache.maven.plugins.assembly.AssemblerConfigurationSource.isDryRun(),org.apache.maven.plugins.assembly.AssemblerConfigurationSource.getOverrideGid(),14,9,1.0,0.0,1.0,0.16666666666666666,0
org.apache.maven.plugins.assembly.AssemblerConfigurationSource.isDryRun(),org.apache.maven.plugins.assembly.AssemblerConfigurationSource.getOverrideGroupName(),14,10,1.0,0.0,1.0,0.2,0
org.apache.maven.plugins.assembly.AssemblerConfigurationSource.isDryRun(),org.apache.maven.plugins.assembly.AssemblerConfigurationSource.getOverrideUid(),14,11,1.0,0.0,1.0,0.25,0
org.apache.maven.plugins.assembly.AssemblerConfigurationSource.isDryRun(),org.apache.maven.plugins.assembly.AssemblerConfigurationSource.getOverrideUserName(),14,12,1.0,0.0,1.0,0.3333333333333333,0
org.apache.maven.plugins.assembly.AssemblerConfigurationSource.getArchiverConfig(),org.apache.maven.plugins.assembly.AssemblerConfigurationSource.getOverrideGid(),15,9,1.0,0.0,1.0,0.14285714285714285,0
org.apache.maven.plugins.assembly.AssemblerConfigurationSource.getArchiverConfig(),org.apache.maven.plugins.assembly.AssemblerConfigurationSource.getOverrideGroupName(),15,10,1.0,0.0,1.0,0.16666666666666666,0
org.apache.maven.plugins.assembly.AssemblerConfigurationSource.getArchiverConfig(),org.apache.maven.plugins.assembly.AssemblerConfigurationSource.getOverrideUid(),15,11,1.0,0.0,1.0,0.2,0
org.apache.maven.plugins.assembly.AssemblerConfigurationSource.getArchiverConfig(),org.apache.maven.plugins.assembly.AssemblerConfigurationSource.getOverrideUserName(),15,12,1.0,0.0,1.0,0.25,0
org.apache.maven.plugins.assembly.AssemblerConfigurationSource.isUpdateOnly(),org.apache.maven.plugins.assembly.AssemblerConfigurationSource.getOverrideGid(),17,9,1.0,0.0,1.0,0.1111111111111111,0
org.apache.maven.plugins.assembly.AssemblerConfigurationSource.isUpdateOnly(),org.apache.maven.plugins.assembly.AssemblerConfigurationSource.getOverrideGroupName(),17,10,1.0,0.0,1.0,0.125,0
org.apache.maven.plugins.assembly.AssemblerConfigurationSource.isUpdateOnly(),org.apache.maven.plugins.assembly.AssemblerConfigurationSource.getOverrideUid(),17,11,1.0,0.0,1.0,0.14285714285714285,0
org.apache.maven.plugins.assembly.AssemblerConfigurationSource.isUpdateOnly(),org.apache.maven.plugins.assembly.AssemblerConfigurationSource.getOverrideUserName(),17,12,1.0,0.0,1.0,0.16666666666666666,0
org.apache.maven.plugins.assembly.AssemblerConfigurationSource.getJarArchiveConfiguration(),org.apache.maven.plugins.assembly.AssemblerConfigurationSource.getOverrideGid(),18,9,1.0,0.0,1.0,0.1,0
org.apache.maven.plugins.assembly.AssemblerConfigurationSource.getJarArchiveConfiguration(),org.apache.maven.plugins.assembly.AssemblerConfigurationSource.getOverrideGroupName(),18,10,1.0,0.0,1.0,0.1111111111111111,0
org.apache.maven.plugins.assembly.AssemblerConfigurationSource.getJarArchiveConfiguration(),org.apache.maven.plugins.assembly.AssemblerConfigurationSource.getOverrideUid(),18,11,1.0,0.0,1.0,0.125,0
org.apache.maven.plugins.assembly.AssemblerConfigurationSource.getJarArchiveConfiguration(),org.apache.maven.plugins.assembly.AssemblerConfigurationSource.getOverrideUserName(),18,12,1.0,0.0,1.0,0.14285714285714285,0
org.apache.maven.project.MavenProject.getPackaging(),org.apache.maven.project.MavenProject.getProperties(),28,136,1.0,0.0,1.0,0.009174311926605505,0
org.apache.maven.project.MavenProject.getPackaging(),org.apache.maven.project.MavenProject.getProperties(),28,137,1.0,0.0,1.0,0.00909090909090909,0
org.apache.maven.project.MavenProject.getPackaging(),org.apache.maven.project.MavenProject.getProperties(),28,138,1.0,0.0,1.0,0.009009009009009009,0
org.apache.maven.project.MavenProject.getPackaging(),org.apache.maven.project.MavenProject.getProperties(),28,139,1.0,0.0,1.0,0.008928571428571428,0
org.apache.maven.project.MavenProject.getPackaging(),org.apache.maven.project.MavenProject.getProperties(),28,140,1.0,0.0,1.0,0.008849557522123894,0
org.apache.maven.project.MavenProject.getPackaging(),org.apache.maven.project.MavenProject.getProperties(),28,141,1.0,0.0,1.0,0.008771929824561403,0
org.apache.maven.project.MavenProject.getPackaging(),org.apache.maven.project.MavenProject.getProperties(),28,142,1.0,0.0,1.0,0.008695652173913044,0
org.apache.maven.plugins.assembly.archive.task.testutils.MockAndControlForAddDependencySetsTask.expectGetReactorProjects(projects),org.apache.maven.plugins.assembly.AssemblerConfigurationSource.getReactorProjects(),16,12,0.0,0.5,0.0,0.2,0
org.apache.maven.plugins.assembly.archive.task.testutils.MockAndControlForAddDependencySetsTask.expectGetReactorProjects(projects),org.apache.maven.plugins.assembly.AssemblerConfigurationSource.getProject(),16,13,0.0,0.0,0.0,0.25,0
"com.google.common.io.Files.toString(DrillFileUtils.getResourceAsFile(planName), Charsets.UTF_8)","com.google.common.io.Files.asCharSource(DrillFileUtils.getResourceAsFile(planName), Charsets.UTF_8)",3,3,1.0,0.0,1.0,1.0,1
com.google.common.base.Objects.toStringHelper(this),com.google.common.base.MoreObjects.toStringHelper(this),2,2,0.5,1.0,1.0,1.0,1
com.google.common.net.HostAndPort.getHostText(),com.google.common.net.HostAndPort.getHost(),2,2,1.0,0.5,1.0,1.0,1
com.google.common.util.concurrent.Service.start(),com.google.common.util.concurrent.Service.startAsync(),17,17,1.0,0.0,1.0,1.0,1
"com.google.common.io.CharStreams.join(newReaderSupplier(reader), CharStreams.newReaderSupplier(""\n""))","com.google.common.io.CharSource.concat(newReaderSupplier(reader), CharSource.wrap(""\n""))",4,4,0.0,0.0,0.5,1.0,1
"com.google.common.io.CharStreams.join(newReaderSupplier(reader), CharStreams.newReaderSupplier(""\n""))","com.google.common.io.CharSource.wrap(""\n"")",4,6,0.0,0.0,0.0,0.3333333333333333,0
"com.google.common.io.CharStreams.newReaderSupplier(""\n"")","com.google.common.io.CharSource.concat(newReaderSupplier(reader), CharSource.wrap(""\n""))",6,4,0.0,0.0,0.0,0.3333333333333333,0
"com.google.common.io.CharStreams.newReaderSupplier(""\n"")","com.google.common.io.CharSource.wrap(""\n"")",6,6,0.0,0.0,1.0,1.0,1
com.google.common.io.InputSupplier.getInput(),"com.google.common.io.CharSource.concat(newReaderSupplier(reader), CharSource.wrap(""\n""))",7,4,0.0,0.0,0.0,0.25,0
com.google.common.io.InputSupplier.getInput(),"com.google.common.io.CharSource.wrap(""\n"")",7,6,0.0,0.0,0.0,0.5,0
com.google.common.io.Closeables.closeQuietly(in),"com.google.common.io.Closeables.close(in, true)",14,14,1.0,0.5,0.6666666666666667,1.0,1
com.google.common.io.Closeables.closeQuietly(in),"com.google.common.io.Closeables.close(reader, true)",14,15,1.0,0.5,0.0,0.5,0
com.google.common.io.Closeables.closeQuietly(reader),"com.google.common.io.Closeables.close(in, true)",15,14,1.0,0.5,0.0,0.5,0
com.google.common.io.Closeables.closeQuietly(reader),"com.google.common.io.Closeables.close(reader, true)",15,15,1.0,0.5,0.6666666666666667,1.0,1
com.google.common.collect.Maps.newHashMap(),"com.google.common.collect.ImmutableMap.Builder.putAll(Splitter.on(';').withKeyValueSeparator(""="").split(matcher.group(3)))",6,8,0.0,0.0,0.0,0.3333333333333333,0
com.google.common.collect.Maps.newHashMap(),com.google.common.base.Splitter.on(';'),6,8,0.0,0.0,0.0,0.3333333333333333,0
com.google.common.collect.Maps.newHashMap(),com.google.common.collect.ImmutableMap.Builder.build(),6,11,0.0,0.0,1.0,0.16666666666666666,0
com.google.common.collect.Lists.newArrayList(),"com.google.common.collect.ImmutableList.of(ColTypeImpl.SOURCE, ColTypeImpl.SOURCE, cluster.getMetadataProvider())",1,11,0.0,0.25,0.0,0.09090909090909091,0
com.azure.core.amqp.implementation.AzureTokenManagerProvider.getScopesFromResource(connectionString.getEntityPath()),com.azure.core.amqp.implementation.ConnectionStringProperties.getEndpoint(),3,6,0.0,0.0,0.0,0.25,0
com.azure.core.amqp.implementation.AzureTokenManagerProvider.getScopesFromResource(connectionString.getEntityPath()),com.azure.core.amqp.implementation.ConnectionOptions.getAuthorizationType(),3,14,0.0,0.0,0.0,0.08333333333333333,0
com.azure.core.amqp.implementation.AzureTokenManagerProvider.getScopesFromResource(connectionString.getEntityPath()),"com.azure.core.amqp.implementation.ClaimsBasedSecurityChannel.authorize(tokenAudience, tokenAudience)",3,17,0.0,0.0,0.0,0.06666666666666667,0
com.azure.core.amqp.implementation.ConnectionStringProperties.getEntityPath(),com.azure.core.amqp.implementation.ConnectionStringProperties.getEndpoint(),3,6,1.0,0.0,1.0,0.25,0
com.azure.core.amqp.implementation.ConnectionStringProperties.getEntityPath(),com.azure.core.amqp.implementation.ConnectionOptions.getAuthorizationType(),3,14,0.25,0.0,1.0,0.08333333333333333,0
com.azure.core.amqp.implementation.ConnectionStringProperties.getEntityPath(),"com.azure.core.amqp.implementation.ClaimsBasedSecurityChannel.authorize(tokenAudience, tokenAudience)",3,17,0.0,0.0,0.0,0.06666666666666667,0
"com.azure.core.amqp.ClaimsBasedSecurityNode.authorize(tokenAudience, tokenAudience)",com.azure.core.amqp.implementation.ConnectionStringProperties.getEndpoint(),14,6,0.0,0.0,0.0,0.1111111111111111,0
"com.azure.core.amqp.ClaimsBasedSecurityNode.authorize(tokenAudience, tokenAudience)",com.azure.core.amqp.implementation.ConnectionOptions.getAuthorizationType(),14,14,0.0,0.0,0.0,1.0,0
"com.azure.core.amqp.ClaimsBasedSecurityNode.authorize(tokenAudience, tokenAudience)","com.azure.core.amqp.implementation.ClaimsBasedSecurityChannel.authorize(tokenAudience, tokenAudience)",14,17,0.6,1.0,1.0,0.25,0
com.azure.core.amqp.implementation.ConnectionStringProperties.getSharedAccessKeyName(),com.azure.core.amqp.implementation.AzureTokenManagerProvider.getScopesFromResource(connectionProperties.getEntityPath()),8,7,0.0,0.0,0.0,0.5,0
com.azure.core.amqp.implementation.ConnectionStringProperties.getSharedAccessKey(),com.azure.core.amqp.implementation.AzureTokenManagerProvider.getScopesFromResource(connectionProperties.getEntityPath()),9,7,0.0,0.0,0.0,0.3333333333333333,0
com.azure.core.amqp.implementation.ConnectionOptions.getAuthorizationType(),com.azure.core.amqp.implementation.AzureTokenManagerProvider.getScopesFromResource(connectionProperties.getEntityPath()),23,7,0.0,0.0,0.0,0.058823529411764705,0
com.azure.core.amqp.implementation.RequestResponseUtils.getResponseStatusCode(amqpMessage),com.azure.core.amqp.implementation.RequestResponseUtils.getStatusCode(amqpMessage),2,3,1.0,0.6666666666666666,1.0,0.5,1
com.azure.core.amqp.exception.AmqpResponseCode.fromValue(statusCode),com.azure.core.amqp.implementation.RequestResponseUtils.getStatusCode(amqpMessage),4,3,0.2,0.0,0.0,0.5,0
com.azure.core.amqp.implementation.AmqpSendLink.getLinkSize(),com.azure.core.amqp.implementation.AmqpSendLink.send(anyList()),11,15,1.0,0.0,0.0,0.2,0
com.azure.core.amqp.implementation.AmqpSendLink.getLinkSize(),com.azure.core.amqp.implementation.AmqpSendLink.send(any(Message.class)),11,16,1.0,0.0,0.0,0.16666666666666666,0
com.azure.core.amqp.AmqpMessageConstant.PARTITION_KEY_ANNOTATION_NAME.getValue(),com.azure.core.amqp.models.AmqpAnnotatedMessage.getMessageAnnotations(),4,35,0.25,0.0,1.0,0.03125,0
com.azure.core.amqp.AmqpMessageConstant.PARTITION_KEY_ANNOTATION_NAME.getValue(),com.azure.core.amqp.models.AmqpAnnotatedMessage.getMessageAnnotations(),4,36,0.25,0.0,1.0,0.030303030303030304,0
"org.neo4j.driver.reactive.RxQueryRunner.run(query, parameters)","org.neo4j.driver.reactive.ReactiveQueryRunner.run(query, parameters)",2,2,0.5,1.0,1.0,1.0,1
"org.neo4j.driver.v1.Values.parameters(""uri"", uri().toString(), ""metaUri"", identificationPojo.uri().toString(), ""label"", tag.label(), ""comment"", tag.comment(), ""privateContext"", tag.comment(), ""friendContext"", tag.comment(), ""publicContext"", tag.comment(), ImagesNeo4j.props.images.name(), ImageJson.toJsonArray(tag.images()), ""creationDate"", tagCreationDate.getTime(), ""external_uri"", identificationPojo.getExternalResourceUri().toString(), ""relationExternalUri"", identificationPojo.getRelationExternalResourceUri().toString(), FriendlyResourceNeo4j.props.last_modification_date.name(), new Date().getTime(), FriendlyResourceNeo4j.props.owner.name(), UserUris.ownerUserNameFromUri(uri()), ""shareLevel"", tag.getShareLevel().getIndex())","org.neo4j.driver.Values.parameters(""uri"", uri().toString(), ""metaUri"", identificationPojo.uri().toString(), ""label"", tag.label(), ""comment"", tag.comment(), ""privateContext"", tag.comment(), ""friendContext"", tag.comment(), ""publicContext"", tag.comment(), ImagesNeo4j.props.images.name(), ImageJson.toJsonArray(tag.images()), ""creationDate"", tagCreationDate.getTime(), ""external_uri"", identificationPojo.getExternalResourceUri().toString(), ""relationExternalUri"", identificationPojo.getRelationExternalResourceUri().toString(), FriendlyResourceNeo4j.props.last_modification_date.name(), new Date().getTime(), FriendlyResourceNeo4j.props.owner.name(), UserUris.ownerUserNameFromUri(uri()), ""shareLevel"", tag.getShareLevel().getIndex())",44,44,1.0,1.0,1.0,1.0,1
org.neo4j.driver.v1.types.Node.get(name),org.neo4j.driver.types.Node.get(name),1,1,1.0,1.0,1.0,1.0,1
org.neo4j.driver.v1.types.Node.get(name),org.neo4j.driver.Value.isNull(),1,2,0.0,0.0,0.0,0.5,0
org.neo4j.driver.v1.types.Node.get(name),org.neo4j.driver.Value.asLong(),1,5,0.0,0.0,0.0,0.2,0
org.neo4j.driver.v1.Value.isNull(),org.neo4j.driver.types.Node.get(name),2,1,0.0,0.0,0.0,0.5,0
org.neo4j.driver.v1.Value.isNull(),org.neo4j.driver.Value.isNull(),2,2,1.0,1.0,1.0,1.0,1
org.neo4j.driver.v1.Value.isNull(),org.neo4j.driver.Value.asLong(),2,5,1.0,0.0,1.0,0.25,0
org.neo4j.driver.v1.Value.asLong(),org.neo4j.driver.types.Node.get(name),5,1,0.0,0.0,0.0,0.2,0
org.neo4j.driver.v1.Value.asLong(),org.neo4j.driver.Value.isNull(),5,2,1.0,0.0,1.0,0.25,0
org.neo4j.driver.v1.Value.asLong(),org.neo4j.driver.Value.asLong(),5,5,1.0,1.0,1.0,1.0,1
org.neo4j.driver.v1.Driver.session(),org.neo4j.driver.Driver.session(),2,2,1.0,1.0,1.0,1.0,1
org.neo4j.driver.v1.Driver.session(),"org.neo4j.driver.Session.run(neo4jFriendlyResource.queryPrefix() + ""RETURN n.nb_visits as number;"", parameters(
                            ""uri"", neo4jFriendlyResource.uri().toString()
                    ))",2,3,0.0,0.0,0.0,0.5,0
org.neo4j.driver.v1.Driver.session(),"org.neo4j.driver.Values.parameters(""uri"", neo4jFriendlyResource.uri().toString())",2,5,0.0,0.0,0.0,0.25,0
org.neo4j.driver.v1.Driver.session(),"org.neo4j.driver.Record.get(""number"")",2,9,0.0,0.0,0.0,0.125,0
"org.neo4j.driver.v1.Session.run(neo4jFriendlyResource.queryPrefix() + ""RETURN n.nb_visits as number;"", parameters(
                            ""uri"", neo4jFriendlyResource.uri().toString()
                    ))",org.neo4j.driver.Driver.session(),3,2,0.0,0.0,0.0,0.5,0
"org.neo4j.driver.v1.Session.run(neo4jFriendlyResource.queryPrefix() + ""RETURN n.nb_visits as number;"", parameters(
                            ""uri"", neo4jFriendlyResource.uri().toString()
                    ))","org.neo4j.driver.Session.run(neo4jFriendlyResource.queryPrefix() + ""RETURN n.nb_visits as number;"", parameters(
                            ""uri"", neo4jFriendlyResource.uri().toString()
                    ))",3,3,1.0,1.0,1.0,1.0,1
"org.neo4j.driver.v1.Session.run(neo4jFriendlyResource.queryPrefix() + ""RETURN n.nb_visits as number;"", parameters(
                            ""uri"", neo4jFriendlyResource.uri().toString()
                    ))","org.neo4j.driver.Values.parameters(""uri"", neo4jFriendlyResource.uri().toString())",3,5,0.0,0.0,0.0,0.3333333333333333,0
"org.neo4j.driver.v1.Session.run(neo4jFriendlyResource.queryPrefix() + ""RETURN n.nb_visits as number;"", parameters(
                            ""uri"", neo4jFriendlyResource.uri().toString()
                    ))","org.neo4j.driver.Record.get(""number"")",3,9,0.0,0.0,0.0,0.14285714285714285,0
"org.neo4j.driver.v1.Values.parameters(""uri"", neo4jFriendlyResource.uri().toString())",org.neo4j.driver.Driver.session(),5,2,0.0,0.0,0.0,0.25,0
"org.neo4j.driver.v1.Values.parameters(""uri"", neo4jFriendlyResource.uri().toString())","org.neo4j.driver.Session.run(neo4jFriendlyResource.queryPrefix() + ""RETURN n.nb_visits as number;"", parameters(
                            ""uri"", neo4jFriendlyResource.uri().toString()
                    ))",5,3,0.0,0.0,0.0,0.3333333333333333,0
"org.neo4j.driver.v1.Values.parameters(""uri"", neo4jFriendlyResource.uri().toString())","org.neo4j.driver.Values.parameters(""uri"", neo4jFriendlyResource.uri().toString())",5,5,1.0,1.0,1.0,1.0,1
"org.neo4j.driver.v1.Values.parameters(""uri"", neo4jFriendlyResource.uri().toString())","org.neo4j.driver.Record.get(""number"")",5,9,0.0,0.0,0.0,0.2,0
"org.neo4j.driver.v1.Record.get(""number"")",org.neo4j.driver.Driver.session(),9,2,0.0,0.0,0.0,0.125,0
"org.neo4j.driver.v1.Record.get(""number"")","org.neo4j.driver.Session.run(neo4jFriendlyResource.queryPrefix() + ""RETURN n.nb_visits as number;"", parameters(
                            ""uri"", neo4jFriendlyResource.uri().toString()
                    ))",9,3,0.0,0.0,0.0,0.14285714285714285,0
"org.neo4j.driver.v1.Record.get(""number"")","org.neo4j.driver.Values.parameters(""uri"", neo4jFriendlyResource.uri().toString())",9,5,0.0,0.0,0.0,0.2,0
"org.neo4j.driver.v1.Record.get(""number"")","org.neo4j.driver.Record.get(""number"")",9,9,1.0,1.0,1.0,1.0,1
org.neo4j.driver.v1.Driver.isEncrypted(),org.neo4j.driver.Driver.isEncrypted(),2,2,1.0,1.0,1.0,1.0,1
"org.neo4j.driver.v1.GraphDatabase.driver(neo4j.boltURI(), Config.build().withoutEncryption().toConfig())","org.neo4j.driver.GraphDatabase.driver(neo4j.boltURI(), Config.builder().withoutEncryption().build())",1,1,1.0,1.0,0.5,1.0,1
"org.neo4j.driver.v1.GraphDatabase.driver(neo4j.boltURI(), Config.build().withoutEncryption().toConfig())",org.neo4j.driver.Config.builder(),1,1,0.0,0.0,0.0,1.0,0
org.neo4j.driver.v1.Config.build(),"org.neo4j.driver.GraphDatabase.driver(neo4j.boltURI(), Config.builder().withoutEncryption().build())",1,1,0.0,0.0,0.0,1.0,0
org.neo4j.driver.v1.Config.build(),org.neo4j.driver.Config.builder(),1,1,1.0,0.0,1.0,1.0,1
org.apache.mesos.MesosSchedulerDriver.abort(),org.apache.mesos.SchedulerDriver.abort(),7,7,0.6666666666666666,1.0,1.0,1.0,0
org.apache.mesos.MesosSchedulerDriver.start(),org.apache.mesos.SchedulerDriver.start(),3,3,0.6666666666666666,1.0,1.0,1.0,0
org.apache.mesos.Protos.MasterInfo.parseFrom(bytes),org.apache.mesos.Protos.Address.newBuilder(),5,22,0.25,0.0,0.0,0.05555555555555555,0
org.apache.mesos.Protos.MasterInfo.parseFrom(bytes),org.apache.mesos.Protos.MasterInfo.newBuilder(),5,27,1.0,0.0,0.0,0.043478260869565216,0
org.apache.mesos.hdfs.state.LiveState.getNameNodeHosts(),org.apache.mesos.hdfs.state.PersistentState.getNameNodes(),13,13,0.3333333333333333,0.25,1.0,1.0,0
org.apache.mesos.hdfs.state.LiveState.getNameNodeHosts(),org.apache.mesos.hdfs.state.PersistentState.getJournalNodes(),13,16,0.3333333333333333,0.0,1.0,0.25,0
org.apache.mesos.hdfs.state.LiveState.getJournalNodeHosts(),org.apache.mesos.hdfs.state.PersistentState.getNameNodes(),17,13,0.3333333333333333,0.0,1.0,0.2,0
org.apache.mesos.hdfs.state.LiveState.getJournalNodeHosts(),org.apache.mesos.hdfs.state.PersistentState.getJournalNodes(),17,16,0.3333333333333333,0.25,1.0,0.5,0
org.apache.mesos.hdfs.state.LiveState.getStagingTasks(),org.apache.mesos.hdfs.state.LiveState.getCurrentAcquisitionPhase(),5,3,1.0,0.0,1.0,0.3333333333333333,0
org.apache.mesos.hdfs.state.LiveState.getStagingTasks(),org.apache.mesos.hdfs.state.LiveState.getCurrentAcquisitionPhase(),5,13,1.0,0.0,1.0,0.1111111111111111,0
org.apache.mesos.hdfs.state.LiveState.getStagingTasks(),org.apache.mesos.hdfs.util.DnsResolver.journalNodesResolvable(),5,26,0.0,0.0,1.0,0.045454545454545456,0
org.apache.mesos.hdfs.state.LiveState.getNameNodes(),org.apache.mesos.hdfs.state.LiveState.getCurrentAcquisitionPhase(),13,3,1.0,0.0,1.0,0.09090909090909091,0
org.apache.mesos.hdfs.state.LiveState.getNameNodes(),org.apache.mesos.hdfs.state.LiveState.getCurrentAcquisitionPhase(),13,13,1.0,0.0,1.0,1.0,0
org.apache.mesos.hdfs.state.LiveState.getNameNodes(),org.apache.mesos.hdfs.util.DnsResolver.journalNodesResolvable(),13,26,0.0,0.25,1.0,0.07142857142857142,0
org.apache.mesos.hdfs.state.LiveState.getJournalNodes(),org.apache.mesos.hdfs.state.LiveState.getCurrentAcquisitionPhase(),13,3,1.0,0.0,1.0,0.09090909090909091,0
org.apache.mesos.hdfs.state.LiveState.getJournalNodes(),org.apache.mesos.hdfs.state.LiveState.getCurrentAcquisitionPhase(),13,13,1.0,0.0,1.0,1.0,0
org.apache.mesos.hdfs.state.LiveState.getJournalNodes(),org.apache.mesos.hdfs.util.DnsResolver.journalNodesResolvable(),13,26,0.0,0.6666666666666666,1.0,0.07142857142857142,0
org.apache.mesos.hdfs.state.LiveState.notInDfsHosts(offer.getSlaveId().getValue()),org.apache.mesos.hdfs.state.LiveState.getCurrentAcquisitionPhase(),52,3,1.0,0.0,0.0,0.02,0
org.apache.mesos.hdfs.state.LiveState.notInDfsHosts(offer.getSlaveId().getValue()),org.apache.mesos.hdfs.state.LiveState.getCurrentAcquisitionPhase(),52,13,1.0,0.0,0.0,0.025,0
org.apache.mesos.hdfs.state.LiveState.notInDfsHosts(offer.getSlaveId().getValue()),org.apache.mesos.hdfs.util.DnsResolver.journalNodesResolvable(),52,26,0.0,0.0,0.0,0.037037037037037035,0
org.apache.mesos.Protos.TaskState.values(),org.apache.mesos.v1.Protos.TaskState.values(),14,14,1.0,1.0,1.0,1.0,1
org.apache.mesos.Protos.TaskState.values(),org.apache.mesos.v1.Protos.TaskState.name(),14,15,1.0,0.0,1.0,0.5,0
org.apache.mesos.Protos.TaskState.name(),org.apache.mesos.v1.Protos.TaskState.values(),15,14,1.0,0.0,1.0,0.5,0
org.apache.mesos.Protos.TaskState.name(),org.apache.mesos.v1.Protos.TaskState.name(),15,15,1.0,1.0,1.0,1.0,1
com.alibaba.fastjson2.support.spring.http.converter.FastJsonHttpMessageConverter.setFastJsonConfig(config),com.alibaba.fastjson2.support.spring6.http.converter.FastJsonHttpMessageConverter.setFastJsonConfig(config),5,5,1.0,1.0,1.0,1.0,0
com.alibaba.fastjson2.support.spring.http.converter.FastJsonHttpMessageConverter.setFastJsonConfig(config),com.alibaba.fastjson2.support.spring6.http.converter.FastJsonHttpMessageConverter.setDefaultCharset(StandardCharsets.UTF_8),5,6,1.0,0.0,0.0,0.5,0
com.alibaba.fastjson2.support.spring.http.converter.FastJsonHttpMessageConverter.setFastJsonConfig(config),com.alibaba.fastjson2.support.spring6.http.converter.FastJsonHttpMessageConverter.setSupportedMediaTypes(mediaTypeList),5,9,1.0,0.0,0.0,0.2,0
com.alibaba.fastjson2.support.spring.http.converter.FastJsonHttpMessageConverter.setDefaultCharset(StandardCharsets.UTF_8),com.alibaba.fastjson2.support.spring6.http.converter.FastJsonHttpMessageConverter.setFastJsonConfig(config),6,5,1.0,0.0,0.0,0.5,0
com.alibaba.fastjson2.support.spring.http.converter.FastJsonHttpMessageConverter.setDefaultCharset(StandardCharsets.UTF_8),com.alibaba.fastjson2.support.spring6.http.converter.FastJsonHttpMessageConverter.setDefaultCharset(StandardCharsets.UTF_8),6,6,1.0,1.0,1.0,1.0,0
com.alibaba.fastjson2.support.spring.http.converter.FastJsonHttpMessageConverter.setDefaultCharset(StandardCharsets.UTF_8),com.alibaba.fastjson2.support.spring6.http.converter.FastJsonHttpMessageConverter.setSupportedMediaTypes(mediaTypeList),6,9,1.0,0.0,0.0,0.25,0
com.alibaba.fastjson2.support.spring.http.converter.FastJsonHttpMessageConverter.setSupportedMediaTypes(mediaTypeList),com.alibaba.fastjson2.support.spring6.http.converter.FastJsonHttpMessageConverter.setFastJsonConfig(config),9,5,1.0,0.0,0.0,0.2,0
com.alibaba.fastjson2.support.spring.http.converter.FastJsonHttpMessageConverter.setSupportedMediaTypes(mediaTypeList),com.alibaba.fastjson2.support.spring6.http.converter.FastJsonHttpMessageConverter.setDefaultCharset(StandardCharsets.UTF_8),9,6,1.0,0.0,0.0,0.25,0
com.alibaba.fastjson2.support.spring.http.converter.FastJsonHttpMessageConverter.setSupportedMediaTypes(mediaTypeList),com.alibaba.fastjson2.support.spring6.http.converter.FastJsonHttpMessageConverter.setSupportedMediaTypes(mediaTypeList),9,9,1.0,1.0,1.0,1.0,0
com.alibaba.fastjson2.JSONObject.toJSONString(),com.alibaba.fastjson2.JSONObject.toString(),14,14,1.0,0.5,1.0,1.0,0
com.alibaba.fastjson2.JSONObject.toJavaObject(GroupMemberInfo.class),com.alibaba.fastjson2.JSONObject.to(GroupMemberInfo.class),4,4,1.0,0.0,1.0,1.0,1
com.alibaba.fastjson2.JSON.toJSONBytes(paraMap),"com.alibaba.fastjson2.JSONB.toBytes(paraMap, JSONWriter.Feature.WriteClassName)",34,34,0.0,0.5,0.6666666666666667,1.0,0
com.alibaba.fastjson2.JSONArray.toJavaList(EssenceMessage.class),com.alibaba.fastjson2.JSONArray.toList(EssenceMessage.class),4,4,1.0,0.5,1.0,1.0,1
com.alibaba.fastjson2.support.spring6.http.converter.FastJsonHttpMessageConverter.setSupportedMediaTypes(supportedMediaTypes),com.alibaba.fastjson2.support.spring.http.converter.FastJsonHttpMessageConverter.setSupportedMediaTypes(supportedMediaTypes),24,24,1.0,1.0,1.0,1.0,0
com.alibaba.fastjson2.support.spring6.http.converter.FastJsonHttpMessageConverter.setSupportedMediaTypes(supportedMediaTypes),com.alibaba.fastjson2.support.spring.http.converter.FastJsonHttpMessageConverter.setFastJsonConfig(fastJsonConfig),24,32,1.0,0.0,0.0,0.1111111111111111,0
com.alibaba.fastjson2.support.spring6.http.converter.FastJsonHttpMessageConverter.setFastJsonConfig(fastJsonConfig),com.alibaba.fastjson2.support.spring.http.converter.FastJsonHttpMessageConverter.setSupportedMediaTypes(supportedMediaTypes),32,24,1.0,0.0,0.0,0.1111111111111111,0
com.alibaba.fastjson2.support.spring6.http.converter.FastJsonHttpMessageConverter.setFastJsonConfig(fastJsonConfig),com.alibaba.fastjson2.support.spring.http.converter.FastJsonHttpMessageConverter.setFastJsonConfig(fastJsonConfig),32,32,1.0,1.0,1.0,1.0,0
"com.alibaba.fastjson2.JSON.toJSONString(o, excludePropertyPreFilter())",com.alibaba.fastjson2.JSON.toJSON(o),11,11,1.0,0.5,0.6666666666666667,1.0,0
twitter4j.http.RequestToken.getAuthenticationURL(),twitter4j.Twitter.setOAuthAccessToken(accessToken),21,15,0.0,0.0,0.0,0.14285714285714285,0
twitter4j.http.RequestToken.getAuthenticationURL(),twitter4j.Twitter.getScreenName(),21,17,0.0,0.0,1.0,0.2,0
twitter4j.http.RequestToken.getAuthenticationURL(),twitter4j.Twitter.getScreenName(),21,18,0.0,0.0,1.0,0.25,0
twitter4j.http.RequestToken.getAuthenticationURL(),twitter4j.Twitter.getFriendsTimeline(),21,27,0.0,0.0,1.0,0.14285714285714285,0
twitter4j.http.RequestToken.getAuthenticationURL(),twitter4j.ResponseList.isEmpty(),21,28,0.0,0.0,1.0,0.125,0
twitter4j.http.RequestToken.getAuthenticationURL(),twitter4j.Status.getText(),21,31,0.0,0.0,1.0,0.09090909090909091,0
twitter4j.http.RequestToken.getAuthenticationURL(),twitter4j.auth.RequestToken.getAuthenticationURL(),21,50,1.0,1.0,1.0,0.03333333333333333,1
"twitter4j.http.AuthorizationFactory.getInstance(conf, true)",twitter4j.auth.AuthorizationFactory.getInstance(conf),25,25,1.0,1.0,0.6666666666666667,1.0,1
twitter4j.StatusUpdate.setMedia(fileToAttach),twitter4j.v1.StatusUpdate.of(abbreviatedTweetTxt),12,10,1.0,0.0,0.0,0.3333333333333333,0
twitter4j.StatusUpdate.setMedia(fileToAttach),twitter4j.v1.StatusUpdate.media(fileToAttach),12,12,1.0,0.5,1.0,1.0,1
twitter4j.StatusUpdate.setMedia(fileToAttach),twitter4j.Twitter.v1(),12,14,0.0,0.0,0.0,0.3333333333333333,0
twitter4j.StatusUpdate.setMedia(fileToAttach),twitter4j.v1.Status.getText(),12,15,0.5,0.0,0.0,0.25,0
twitter4j.StatusUpdate.setMedia(fileToAttach),twitter4j.v1.Status.getText(),12,16,0.5,0.0,0.0,0.2,0
twitter4j.Twitter.updateStatus(status),twitter4j.v1.StatusUpdate.of(abbreviatedTweetTxt),14,10,0.0,1.0,0.0,0.2,0
twitter4j.Twitter.updateStatus(status),twitter4j.v1.StatusUpdate.media(fileToAttach),14,12,0.0,0.0,0.0,0.3333333333333333,0
twitter4j.Twitter.updateStatus(status),twitter4j.Twitter.v1(),14,14,1.0,0.0,0.0,1.0,0
twitter4j.Twitter.updateStatus(status),twitter4j.v1.Status.getText(),14,15,0.0,0.0,0.0,0.5,0
twitter4j.Twitter.updateStatus(status),twitter4j.v1.Status.getText(),14,16,0.0,0.0,0.0,0.3333333333333333,0
twitter4j.Status.getText(),twitter4j.v1.StatusUpdate.of(abbreviatedTweetTxt),15,10,0.5,0.0,0.0,0.16666666666666666,0
twitter4j.Status.getText(),twitter4j.v1.StatusUpdate.media(fileToAttach),15,12,0.5,0.0,0.0,0.25,0
twitter4j.Status.getText(),twitter4j.Twitter.v1(),15,14,0.0,0.0,1.0,0.5,0
twitter4j.Status.getText(),twitter4j.v1.Status.getText(),15,15,1.0,1.0,1.0,1.0,1
twitter4j.Status.getText(),twitter4j.v1.Status.getText(),15,16,1.0,1.0,1.0,0.5,0
twitter4j.Status.getText(),twitter4j.v1.StatusUpdate.of(abbreviatedTweetTxt),16,10,0.5,0.0,0.0,0.14285714285714285,0
twitter4j.Status.getText(),twitter4j.v1.StatusUpdate.media(fileToAttach),16,12,0.5,0.0,0.0,0.2,0
twitter4j.Status.getText(),twitter4j.Twitter.v1(),16,14,0.0,0.0,1.0,0.3333333333333333,0
twitter4j.Status.getText(),twitter4j.v1.Status.getText(),16,15,1.0,1.0,1.0,0.5,0
twitter4j.Status.getText(),twitter4j.v1.Status.getText(),16,16,1.0,1.0,1.0,1.0,1
twitter4j.json.DataObjectFactory.getRawJSON(ret),twitter4j.Status.getRetweetCount(),6,20,0.0,0.0,0.0,0.06666666666666667,0
twitter4j.Twitter.v1(),twitter4j.Twitter.users(),5,5,1.0,0.0,1.0,1.0,0
twitter4j.Twitter.v1(),twitter4j.Twitter.favorites(),5,29,1.0,0.0,1.0,0.04,0
twitter4j.Twitter.v1(),twitter4j.Twitter.favorites(),5,36,1.0,0.0,1.0,0.03125,0
twitter4j.Twitter.v1(),twitter4j.Twitter.users(),29,5,1.0,0.0,1.0,0.04,0
twitter4j.Twitter.v1(),twitter4j.Twitter.favorites(),29,29,1.0,0.0,1.0,1.0,0
twitter4j.Twitter.v1(),twitter4j.Twitter.favorites(),29,36,1.0,0.0,1.0,0.125,0
twitter4j.Twitter.v1(),twitter4j.Twitter.users(),36,5,1.0,0.0,1.0,0.03125,0
twitter4j.Twitter.v1(),twitter4j.Twitter.favorites(),36,29,1.0,0.0,1.0,0.125,0
twitter4j.Twitter.v1(),twitter4j.Twitter.favorites(),36,36,1.0,0.0,1.0,1.0,0
"twitter4j.Twitter.setOAuthConsumer(getConfig().getClientId(), vaultStringSecret.get().orElse(getConfig().getClientSecret()))",twitter4j.OAuthAuthorization.getOAuthRequestToken(uri.toString()),4,4,0.0,0.0,0.0,1.0,0
"twitter4j.Twitter.setOAuthConsumer(getConfig().getClientId(), vaultStringSecret.get().orElse(getConfig().getClientSecret()))",twitter4j.RequestToken.getAuthenticationURL(),4,9,0.0,0.0,0.0,0.16666666666666666,0
twitter4j.Twitter.getOAuthRequestToken(uri.toString()),twitter4j.OAuthAuthorization.getOAuthRequestToken(uri.toString()),8,4,0.0,1.0,1.0,0.2,1
twitter4j.Twitter.getOAuthRequestToken(uri.toString()),twitter4j.RequestToken.getAuthenticationURL(),8,9,0.0,0.0,0.0,0.5,0
twitter4j.auth.RequestToken.getToken(),twitter4j.OAuthAuthorization.getOAuthRequestToken(uri.toString()),11,4,0.0,0.25,0.0,0.125,0
twitter4j.auth.RequestToken.getToken(),twitter4j.RequestToken.getAuthenticationURL(),11,9,1.0,0.0,1.0,0.3333333333333333,0
twitter4j.auth.RequestToken.getTokenSecret(),twitter4j.OAuthAuthorization.getOAuthRequestToken(uri.toString()),12,4,0.0,0.2,0.0,0.1111111111111111,0
twitter4j.auth.RequestToken.getTokenSecret(),twitter4j.RequestToken.getAuthenticationURL(),12,9,1.0,0.0,1.0,0.25,0
twitter4j.auth.RequestToken.getAuthenticationURL(),twitter4j.OAuthAuthorization.getOAuthRequestToken(uri.toString()),14,4,0.0,0.0,0.0,0.09090909090909091,0
twitter4j.auth.RequestToken.getAuthenticationURL(),twitter4j.RequestToken.getAuthenticationURL(),14,9,1.0,1.0,1.0,0.16666666666666666,1
org.mockito.Matchers.any(HttpRequest.class),org.mockito.Mockito.any(HttpRequest.class),7,7,0.0,1.0,1.0,1.0,0
org.mockito.Mockito.when(OSUtility.getInstalledBrowsersWithVersion()),org.mockito.MockedStatic.when(() -> OSUtility.getInstalledBrowsersWithVersion()),18,18,0.0,1.0,0.0,1.0,0
org.mockito.Mockito.when(adbWrapper.getDeviceList()),org.mockito.MockedStatic.when(() -> OSUtility.getInstalledBrowsersWithVersion()),22,18,0.0,1.0,0.0,0.2,0
org.mockito.Matchers.anyLong(),org.mockito.ArgumentMatchers.anyLong(),4,4,0.5,1.0,1.0,1.0,1
org.mockito.Matchers.anyLong(),org.mockito.ArgumentMatchers.any(),4,4,0.5,0.0,1.0,1.0,0
org.mockito.Matchers.any(),org.mockito.ArgumentMatchers.anyLong(),4,4,0.5,0.0,1.0,1.0,0
org.mockito.Matchers.any(),org.mockito.ArgumentMatchers.any(),4,4,0.5,1.0,1.0,1.0,1
org.mockito.Matchers.eq(senderId),org.mockito.ArgumentMatchers.eq(senderId),14,14,0.5,1.0,1.0,1.0,1
org.mockito.Matchers.eq(senderId),org.mockito.ArgumentMatchers.eq(escrow),14,14,0.5,1.0,0.0,1.0,0
org.mockito.Matchers.eq(senderId),org.mockito.ArgumentMatchers.eq(escrowId),14,19,0.5,1.0,0.0,0.16666666666666666,0
org.mockito.Matchers.eq(senderId),org.mockito.ArgumentMatchers.eq(req),14,20,0.5,1.0,0.0,0.14285714285714285,0
org.mockito.Matchers.eq(escrow),org.mockito.ArgumentMatchers.eq(senderId),14,14,0.5,1.0,0.0,1.0,0
org.mockito.Matchers.eq(escrow),org.mockito.ArgumentMatchers.eq(escrow),14,14,0.5,1.0,1.0,1.0,1
org.mockito.Matchers.eq(escrow),org.mockito.ArgumentMatchers.eq(escrowId),14,19,0.5,1.0,0.0,0.16666666666666666,0
org.mockito.Matchers.eq(escrow),org.mockito.ArgumentMatchers.eq(req),14,20,0.5,1.0,0.0,0.14285714285714285,0
org.mockito.Matchers.eq(escrowId),org.mockito.ArgumentMatchers.eq(senderId),19,14,0.5,1.0,0.0,0.16666666666666666,0
org.mockito.Matchers.eq(escrowId),org.mockito.ArgumentMatchers.eq(escrow),19,14,0.5,1.0,0.0,0.16666666666666666,0
org.mockito.Matchers.eq(escrowId),org.mockito.ArgumentMatchers.eq(escrowId),19,19,0.5,1.0,1.0,1.0,1
org.mockito.Matchers.eq(escrowId),org.mockito.ArgumentMatchers.eq(req),19,20,0.5,1.0,0.0,0.5,0
org.mockito.Matchers.eq(req),org.mockito.ArgumentMatchers.eq(senderId),20,14,0.5,1.0,0.0,0.14285714285714285,0
org.mockito.Matchers.eq(req),org.mockito.ArgumentMatchers.eq(escrow),20,14,0.5,1.0,0.0,0.14285714285714285,0
org.mockito.Matchers.eq(req),org.mockito.ArgumentMatchers.eq(escrowId),20,19,0.5,1.0,0.0,0.5,0
org.mockito.Matchers.eq(req),org.mockito.ArgumentMatchers.eq(req),20,20,0.5,1.0,1.0,1.0,1
org.mockito.MockitoAnnotations.initMocks(this),org.mockito.MockitoAnnotations.openMocks(this),2,2,1.0,0.3333333333333333,1.0,1.0,1
org.mockito.MockitoAnnotations.initMocks(this),org.mockito.ArgumentMatchers.any(CronFieldName.class),2,5,0.0,0.0,0.0,0.25,0
org.mockito.Matchers.any(CronFieldName.class),org.mockito.MockitoAnnotations.openMocks(this),5,2,0.0,0.0,0.0,0.25,0
org.mockito.Matchers.any(CronFieldName.class),org.mockito.ArgumentMatchers.any(CronFieldName.class),5,5,0.5,1.0,1.0,1.0,1
org.mockito.Matchers.eq(storeFile),org.mockito.ArgumentMatchers.eq(storeFile),8,8,0.5,1.0,1.0,1.0,1
org.mockito.Matchers.eq(storeFile),org.mockito.ArgumentMatchers.anyInt(),8,8,0.5,0.0,0.0,1.0,0
org.mockito.Matchers.eq(storeFile),org.mockito.ArgumentMatchers.any(OpenOption.class),8,8,0.5,0.0,0.0,1.0,0
org.mockito.Matchers.anyInt(),org.mockito.ArgumentMatchers.eq(storeFile),8,8,0.5,0.0,0.0,1.0,0
org.mockito.Matchers.anyInt(),org.mockito.ArgumentMatchers.anyInt(),8,8,0.5,1.0,1.0,1.0,1
org.mockito.Matchers.anyInt(),org.mockito.ArgumentMatchers.any(OpenOption.class),8,8,0.5,0.0,0.0,1.0,0
org.mockito.Matchers.any(OpenOption.class),org.mockito.ArgumentMatchers.eq(storeFile),8,8,0.5,0.0,0.0,1.0,0
org.mockito.Matchers.any(OpenOption.class),org.mockito.ArgumentMatchers.anyInt(),8,8,0.5,0.0,0.0,1.0,0
org.mockito.Matchers.any(OpenOption.class),org.mockito.ArgumentMatchers.any(OpenOption.class),8,8,0.5,1.0,1.0,1.0,1
org.mockito.Matchers.anyObject(),org.mockito.ArgumentMatchers.any(),6,6,0.5,0.0,1.0,1.0,1
org.mockito.Matchers.anyString(),org.mockito.ArgumentMatchers.anyString(),2,2,0.5,1.0,1.0,1.0,1
org.mockito.Matchers.anyString(),org.mockito.ArgumentMatchers.anyString(),2,3,0.5,1.0,1.0,0.5,0
org.mockito.Matchers.anyString(),org.mockito.ArgumentMatchers.anyString(),2,4,0.5,1.0,1.0,0.3333333333333333,0
org.mockito.Matchers.anyString(),org.mockito.ArgumentMatchers.any(),2,4,0.5,0.0,1.0,0.3333333333333333,0
org.mockito.Matchers.anyString(),org.mockito.ArgumentMatchers.any(String.class),2,5,0.5,0.0,0.0,0.25,0
org.mockito.Matchers.anyString(),org.mockito.ArgumentMatchers.anyString(),3,2,0.5,1.0,1.0,0.5,0
org.mockito.Matchers.anyString(),org.mockito.ArgumentMatchers.anyString(),3,3,0.5,1.0,1.0,1.0,1
org.mockito.Matchers.anyString(),org.mockito.ArgumentMatchers.anyString(),3,4,0.5,1.0,1.0,0.5,0
org.mockito.Matchers.anyString(),org.mockito.ArgumentMatchers.any(),3,4,0.5,0.0,1.0,0.5,0
org.mockito.Matchers.anyString(),org.mockito.ArgumentMatchers.any(String.class),3,5,0.5,0.0,0.0,0.3333333333333333,0
org.mockito.Matchers.anyString(),org.mockito.ArgumentMatchers.anyString(),4,2,0.5,1.0,1.0,0.3333333333333333,0
org.mockito.Matchers.anyString(),org.mockito.ArgumentMatchers.anyString(),4,3,0.5,1.0,1.0,0.5,0
org.mockito.Matchers.anyString(),org.mockito.ArgumentMatchers.anyString(),4,4,0.5,1.0,1.0,1.0,1
org.mockito.Matchers.anyString(),org.mockito.ArgumentMatchers.any(),4,4,0.5,0.0,1.0,1.0,0
org.mockito.Matchers.anyString(),org.mockito.ArgumentMatchers.any(String.class),4,5,0.5,0.0,0.0,0.5,0
org.mockito.Matchers.anyVararg(),org.mockito.ArgumentMatchers.anyString(),4,2,0.5,0.0,1.0,0.3333333333333333,0
org.mockito.Matchers.anyVararg(),org.mockito.ArgumentMatchers.anyString(),4,3,0.5,0.0,1.0,0.5,0
org.mockito.Matchers.anyVararg(),org.mockito.ArgumentMatchers.anyString(),4,4,0.5,0.0,1.0,1.0,0
org.mockito.Matchers.anyVararg(),org.mockito.ArgumentMatchers.any(),4,4,0.5,0.0,1.0,1.0,1
org.mockito.Matchers.anyVararg(),org.mockito.ArgumentMatchers.any(String.class),4,5,0.5,0.0,0.0,0.5,0
org.mockito.Matchers.any(String.class),org.mockito.ArgumentMatchers.anyString(),5,2,0.5,0.0,0.0,0.25,0
org.mockito.Matchers.any(String.class),org.mockito.ArgumentMatchers.anyString(),5,3,0.5,0.0,0.0,0.3333333333333333,0
org.mockito.Matchers.any(String.class),org.mockito.ArgumentMatchers.anyString(),5,4,0.5,0.0,0.0,0.5,0
org.mockito.Matchers.any(String.class),org.mockito.ArgumentMatchers.any(),5,4,0.5,1.0,0.0,0.5,0
org.mockito.Matchers.any(String.class),org.mockito.ArgumentMatchers.any(String.class),5,5,0.5,1.0,1.0,1.0,1
org.mockito.Mockito.mock(QueueProperties.class),org.mockito.ArgumentMatchers.any(),3,4,0.0,0.0,0.0,0.5,0
org.mockito.Mockito.mock(QueueProperties.class),org.mockito.ArgumentMatchers.any(),3,4,0.0,0.0,0.0,0.5,0
org.mockito.Mockito.mock(QueueProperties.class),org.mockito.ArgumentMatchers.any(),3,4,0.0,0.0,0.0,0.5,0
mesosphere.marathon.client.utils.MarathonException.getStatus(),mesosphere.marathon.client.MarathonException.getStatus(),10,10,1.0,1.0,1.0,1.0,1
mesosphere.marathon.client.utils.MarathonException.getStatus(),mesosphere.marathon.client.MarathonException.getStatus(),10,12,1.0,1.0,1.0,0.3333333333333333,0
mesosphere.marathon.client.utils.MarathonException.getStatus(),mesosphere.marathon.client.MarathonException.getStatus(),10,15,1.0,1.0,1.0,0.16666666666666666,0
mesosphere.marathon.client.utils.MarathonException.getStatus(),mesosphere.marathon.client.MarathonException.getStatus(),10,29,1.0,1.0,1.0,0.05,0
mesosphere.marathon.client.utils.MarathonException.getStatus(),mesosphere.marathon.client.MarathonException.getStatus(),12,10,1.0,1.0,1.0,0.3333333333333333,0
mesosphere.marathon.client.utils.MarathonException.getStatus(),mesosphere.marathon.client.MarathonException.getStatus(),12,12,1.0,1.0,1.0,1.0,1
mesosphere.marathon.client.utils.MarathonException.getStatus(),mesosphere.marathon.client.MarathonException.getStatus(),12,15,1.0,1.0,1.0,0.25,0
mesosphere.marathon.client.utils.MarathonException.getStatus(),mesosphere.marathon.client.MarathonException.getStatus(),12,29,1.0,1.0,1.0,0.05555555555555555,0
mesosphere.marathon.client.utils.MarathonException.getStatus(),mesosphere.marathon.client.MarathonException.getStatus(),15,10,1.0,1.0,1.0,0.16666666666666666,0
mesosphere.marathon.client.utils.MarathonException.getStatus(),mesosphere.marathon.client.MarathonException.getStatus(),15,12,1.0,1.0,1.0,0.25,0
mesosphere.marathon.client.utils.MarathonException.getStatus(),mesosphere.marathon.client.MarathonException.getStatus(),15,15,1.0,1.0,1.0,1.0,1
mesosphere.marathon.client.utils.MarathonException.getStatus(),mesosphere.marathon.client.MarathonException.getStatus(),15,29,1.0,1.0,1.0,0.06666666666666667,0
mesosphere.marathon.client.utils.MarathonException.getStatus(),mesosphere.marathon.client.MarathonException.getStatus(),29,10,1.0,1.0,1.0,0.05,0
mesosphere.marathon.client.utils.MarathonException.getStatus(),mesosphere.marathon.client.MarathonException.getStatus(),29,12,1.0,1.0,1.0,0.05555555555555555,0
mesosphere.marathon.client.utils.MarathonException.getStatus(),mesosphere.marathon.client.MarathonException.getStatus(),29,15,1.0,1.0,1.0,0.06666666666666667,0
mesosphere.marathon.client.utils.MarathonException.getStatus(),mesosphere.marathon.client.MarathonException.getStatus(),29,29,1.0,1.0,1.0,1.0,1
"mesosphere.marathon.client.utils.ModelUtils.GSON.fromJson(updateAppRequest.getBody().readUtf8(), App.class)","mesosphere.client.common.ModelUtils.GSON.fromJson(updateAppRequest.getBody().readUtf8(), App.class)",19,19,1.0,1.0,1.0,1.0,1
mesosphere.marathon.client.utils.ModelUtils.toString(this),mesosphere.client.common.ModelUtils.toString(this),2,2,1.0,1.0,1.0,1.0,1
mesosphere.marathon.client.utils.MarathonException.getMessage(),mesosphere.marathon.client.MarathonException.getMessage(),6,6,1.0,1.0,1.0,1.0,1
mesosphere.marathon.client.utils.MarathonException.getMessage(),mesosphere.marathon.client.MarathonException.getStatus(),6,9,1.0,0.0,1.0,0.25,0
mesosphere.marathon.client.utils.MarathonException.getStatus(),mesosphere.marathon.client.MarathonException.getMessage(),9,6,1.0,0.0,1.0,0.25,0
mesosphere.marathon.client.utils.MarathonException.getStatus(),mesosphere.marathon.client.MarathonException.getStatus(),9,9,1.0,1.0,1.0,1.0,1
"mesosphere.marathon.client.utils.ModelUtils.GSON.toJson(app, writer)","mesosphere.client.common.ModelUtils.GSON.toJson(app, writer)",3,3,1.0,1.0,1.0,1.0,1
"com.google.zxing.client.j2se.MatrixToImageWriter.writeToFile(bitMatrix, ""png"", new File(imgPath))","com.google.zxing.client.j2se.MatrixToImageWriter.writeToPath(bitMatrix, ""png"", new File(imgPath).toPath())",11,13,1.0,0.3333333333333333,0.6666666666666667,0.3333333333333333,1
com.google.zxing.client.j2se.MatrixToImageWriter.toBufferedImage(bitMatrix),"com.google.zxing.client.j2se.MatrixToImageWriter.writeToPath(bitMatrix, ""PNG"", qrCodeFile.toPath())",37,33,1.0,0.0,0.5,0.2,0
"com.googlecode.objectify.Key.create(User.class, Long.parseLong(sig))","com.googlecode.objectify.ObjectifyService.key(User.class, Long.parseLong(sig))",11,11,0.0,1.0,1.0,1.0,1
com.googlecode.objectify.ObjectifyService.setFactory(new ObjectifyFactory()),com.googlecode.objectify.ObjectifyService.init(),3,3,1.0,0.0,0.0,1.0,1
com.googlecode.objectify.Objectify.load(),com.googlecode.objectify.ObjectifyService.ofy(),3,3,0.5,0.0,1.0,1.0,0
com.googlecode.objectify.Objectify.load(),com.googlecode.objectify.ObjectifyService.ofy(),3,8,0.5,0.0,1.0,0.16666666666666666,0
com.googlecode.objectify.Objectify.save(),com.googlecode.objectify.ObjectifyService.ofy(),8,3,0.5,0.0,1.0,0.16666666666666666,0
com.googlecode.objectify.Objectify.save(),com.googlecode.objectify.ObjectifyService.ofy(),8,8,0.5,0.0,1.0,1.0,0
com.googlecode.objectify.ObjectifyService.init(),com.googlecode.objectify.ObjectifyService.begin(),4,4,1.0,0.0,1.0,1.0,0
com.googlecode.objectify.ObjectifyService.register(Assignment.class),com.googlecode.objectify.ObjectifyService.begin(),6,4,1.0,0.0,0.0,0.3333333333333333,0
com.googlecode.objectify.ObjectifyService.register(BLTIConsumer.class),com.googlecode.objectify.ObjectifyService.begin(),7,4,1.0,0.0,0.0,0.25,0
com.googlecode.objectify.ObjectifyService.register(Domain.class),com.googlecode.objectify.ObjectifyService.begin(),8,4,1.0,0.0,0.0,0.2,0
com.googlecode.objectify.ObjectifyService.register(Group.class),com.googlecode.objectify.ObjectifyService.begin(),9,4,1.0,0.0,0.0,0.16666666666666666,0
com.googlecode.objectify.ObjectifyService.register(HWTransaction.class),com.googlecode.objectify.ObjectifyService.begin(),10,4,1.0,0.0,0.0,0.14285714285714285,0
com.googlecode.objectify.ObjectifyService.register(Nonce.class),com.googlecode.objectify.ObjectifyService.begin(),11,4,1.0,0.0,0.0,0.125,0
com.googlecode.objectify.ObjectifyService.register(PracticeExamTransaction.class),com.googlecode.objectify.ObjectifyService.begin(),12,4,1.0,0.0,0.0,0.1111111111111111,0
com.googlecode.objectify.ObjectifyService.register(ProposedQuestion.class),com.googlecode.objectify.ObjectifyService.begin(),13,4,1.0,0.0,0.0,0.1,0
com.googlecode.objectify.ObjectifyService.register(Question.class),com.googlecode.objectify.ObjectifyService.begin(),14,4,1.0,0.0,0.0,0.09090909090909091,0
com.googlecode.objectify.ObjectifyService.register(QuizTransaction.class),com.googlecode.objectify.ObjectifyService.begin(),15,4,1.0,0.0,0.0,0.08333333333333333,0
com.googlecode.objectify.ObjectifyService.register(Response.class),com.googlecode.objectify.ObjectifyService.begin(),16,4,1.0,0.0,0.0,0.07692307692307693,0
com.googlecode.objectify.ObjectifyService.register(Score.class),com.googlecode.objectify.ObjectifyService.begin(),17,4,1.0,0.0,0.0,0.07142857142857142,0
com.googlecode.objectify.ObjectifyService.register(Subject.class),com.googlecode.objectify.ObjectifyService.begin(),18,4,1.0,0.0,0.0,0.06666666666666667,0
com.googlecode.objectify.ObjectifyService.register(Text.class),com.googlecode.objectify.ObjectifyService.begin(),19,4,1.0,0.0,0.0,0.0625,0
com.googlecode.objectify.ObjectifyService.register(Topic.class),com.googlecode.objectify.ObjectifyService.begin(),20,4,1.0,0.0,0.0,0.058823529411764705,0
com.googlecode.objectify.ObjectifyService.register(User.class),com.googlecode.objectify.ObjectifyService.begin(),21,4,1.0,0.0,0.0,0.05555555555555555,0
com.googlecode.objectify.ObjectifyService.register(UserReport.class),com.googlecode.objectify.ObjectifyService.begin(),22,4,1.0,0.0,0.0,0.05263157894736842,0
com.googlecode.objectify.ObjectifyService.register(Video.class),com.googlecode.objectify.ObjectifyService.begin(),23,4,1.0,0.0,0.0,0.05,0
com.googlecode.objectify.Objectify.delete(),com.googlecode.objectify.ObjectifyService.ofy(),3,2,0.5,0.0,1.0,0.5,0
com.googlecode.objectify.ObjectifyService.reset(),com.googlecode.objectify.ObjectifyService.begin(),10,10,1.0,0.0,1.0,1.0,0
com.googlecode.objectify.ObjectifyService.ofy(),com.googlecode.objectify.ObjectifyService.factory(),2,2,1.0,0.0,1.0,1.0,0
com.googlecode.objectify.ObjectifyService.ofy(),"com.googlecode.objectify.ObjectifyService.run(new Work<List<PersistentObject>>() {
            @Override
            public List<PersistentObject> run() {
                return OfyService.ofy().load().type(clz).filter(attribute, value).list();
            }
        })",3,5,1.0,0.0,0.0,0.3333333333333333,0
com.googlecode.objectify.Key.getRaw(),com.googlecode.objectify.cmd.Query.startAt(cursor),6,10,0.0,0.0,0.0,0.2,0
com.googlecode.objectify.Key.getRaw(),com.googlecode.objectify.cmd.Query.iterator(),6,14,0.0,0.0,1.0,0.1111111111111111,0
"io.airlift.log.Logger.info(""Cleaned %s backup shards in %s"", uuids.size(), nanosSince(start))","io.airlift.log.Logger.error(e, ""Error cleaning backup shard: %s"", uuid)",12,28,1.0,0.0,0.0,0.058823529411764705,0
"io.airlift.log.Logger.debug(e, ""Error creating explain plan"")","io.airlift.log.Logger.warn(e, ""Error creating explain plan"")",68,71,1.0,0.0,1.0,0.25,0
"io.airlift.log.Logger.warn(e, ""Failed to write checkpoint for table %s for version %s"", table, newVersion)","io.airlift.log.Logger.error(e, ""Failed to write checkpoint for table %s for version %s"", table, newVersion)",24,25,1.0,0.0,1.0,0.5,0
io.airlift.log.Logger.get(getClass()),"io.airlift.log.Logger.warn(e, ""failed to drop table"")",8,8,1.0,0.0,0.0,1.0,0
io.airlift.log.Logging.initialize(),"io.airlift.log.Logging.setLevel(OAuth2WebUiAuthenticationFilter.class.getName(), Level.DEBUG)",4,4,1.0,0.0,0.0,1.0,0
"io.airlift.log.Logger.error(""Error in Kinesis putRecords: %d records."", putRecordsResult.getFailedRecordCount(), putRecordsResult.getRecords())","io.airlift.log.Logger.warn(""Error in Kinesis putRecords: %d records."", putRecordsResult.getFailedRecordCount(), putRecordsResult.getRecords())",26,30,1.0,0.0,1.0,0.2,0
org.apache.hadoop.hbase.util.FSUtils.getRootDir(conf),org.apache.hadoop.hbase.util.CommonFSUtils.getRootDir(conf),22,22,0.6666666666666666,1.0,1.0,1.0,0
org.apache.hadoop.hbase.util.FSUtils.getRootDir(conf),"org.apache.hadoop.hbase.util.CommonFSUtils.setRootDir(conf, inputRoot)",22,24,0.6666666666666666,0.0,0.6666666666666667,0.3333333333333333,0
"org.apache.hadoop.hbase.util.FSUtils.setRootDir(conf, inputRoot)",org.apache.hadoop.hbase.util.CommonFSUtils.getRootDir(conf),24,22,0.6666666666666666,0.0,0.6666666666666667,0.3333333333333333,0
"org.apache.hadoop.hbase.util.FSUtils.setRootDir(conf, inputRoot)","org.apache.hadoop.hbase.util.CommonFSUtils.setRootDir(conf, inputRoot)",24,24,0.6666666666666666,1.0,1.0,1.0,0
"org.apache.hadoop.hbase.util.FSUtils.listStatus(fs, tmpPath)","org.apache.hadoop.hbase.util.CommonFSUtils.listStatus(fs, tmpPath)",21,22,0.6666666666666666,1.0,1.0,0.5,0
org.apache.hadoop.hive.metastore.MetaStoreUtils.isExternalTable(wrapperApiTable),org.apache.hadoop.hive.metastore.utils.MetaStoreUtils.isExternalTable(wrapperApiTable),4,4,1.0,1.0,1.0,1.0,0
org.apache.hadoop.hive.metastore.MetaStoreUtils.isExternalTable(wrapperApiTable),org.apache.hadoop.hive.metastore.utils.MetaStoreUtils.isMaterializedViewTable(wrapperApiTable),4,6,1.0,0.25,1.0,0.3333333333333333,0
org.apache.hadoop.hive.metastore.MetaStoreUtils.isIndexTable(wrapperApiTable),org.apache.hadoop.hive.metastore.utils.MetaStoreUtils.isExternalTable(wrapperApiTable),6,4,1.0,0.3333333333333333,1.0,0.3333333333333333,0
org.apache.hadoop.hive.metastore.MetaStoreUtils.isIndexTable(wrapperApiTable),org.apache.hadoop.hive.metastore.utils.MetaStoreUtils.isMaterializedViewTable(wrapperApiTable),6,6,1.0,0.25,1.0,1.0,0
org.apache.hadoop.hive.metastore.TableType.INDEX_TABLE.toString(),org.apache.hadoop.hive.metastore.utils.MetaStoreUtils.isExternalTable(wrapperApiTable),7,4,0.0,0.0,0.0,0.25,0
org.apache.hadoop.hive.metastore.TableType.INDEX_TABLE.toString(),org.apache.hadoop.hive.metastore.utils.MetaStoreUtils.isMaterializedViewTable(wrapperApiTable),7,6,0.0,0.0,0.0,0.5,0
org.apache.hadoop.hive.metastore.MetaStoreUtils.isMaterializedViewTable(wrapperApiTable),org.apache.hadoop.hive.metastore.utils.MetaStoreUtils.isExternalTable(wrapperApiTable),8,4,1.0,0.25,1.0,0.2,0
org.apache.hadoop.hive.metastore.MetaStoreUtils.isMaterializedViewTable(wrapperApiTable),org.apache.hadoop.hive.metastore.utils.MetaStoreUtils.isMaterializedViewTable(wrapperApiTable),8,6,1.0,1.0,1.0,0.3333333333333333,0
org.apache.hadoop.hive.llap.daemon.rpc.LlapDaemonProtocolProtos.SignableVertexSpec.getTokenIdentifier(),org.apache.hadoop.security.UserGroupInformation.hashCode(),45,48,0.0,0.0,1.0,0.25,0
"org.apache.hadoop.security.SecurityUtil.setTokenService(jobToken, address)",org.apache.hadoop.security.UserGroupInformation.hashCode(),48,48,0.0,0.0,0.0,1.0,0
org.apache.hadoop.security.UserGroupInformation.addToken(jobToken),org.apache.hadoop.security.UserGroupInformation.hashCode(),49,48,1.0,0.0,0.0,0.5,0
"junit.framework.Assert.assertNotNull(factory.createNotifier(workingConfiguration, ""test"", """"))","org.junit.Assert.assertNotNull(factory.createNotifier(workingConfiguration, ""test"", """"))",2,2,1.0,1.0,1.0,1.0,1
"junit.framework.Assert.assertNotNull(factory.createNotifier(workingConfiguration, ""test"", """"))","org.junit.Assert.assertNull(factory.createNotifier(nonWorkingConfiguration, ""test"", """"))",2,4,1.0,0.0,0.0,0.3333333333333333,0
"junit.framework.Assert.assertNull(factory.createNotifier(nonWorkingConfiguration, ""test"", """"))","org.junit.Assert.assertNotNull(factory.createNotifier(workingConfiguration, ""test"", """"))",4,2,1.0,0.0,0.0,0.3333333333333333,0
"junit.framework.Assert.assertNull(factory.createNotifier(nonWorkingConfiguration, ""test"", """"))","org.junit.Assert.assertNull(factory.createNotifier(nonWorkingConfiguration, ""test"", """"))",4,4,1.0,1.0,1.0,1.0,1
"junit.framework.Assert.assertEquals(researchObject.getUri().relativize(copyAnnotation.getUri()), ro.getUri().relativize(annotation.getUri()))","org.junit.Assert.assertEquals(researchObject.getUri().relativize(copyAnnotation.getUri()), ro.getUri().relativize(annotation.getUri()))",8,8,1.0,1.0,1.0,1.0,1
"junit.framework.Assert.assertEquals(researchObject.getUri().relativize(copyAnnotation.getUri()), ro.getUri().relativize(annotation.getUri()))","org.junit.Assert.assertTrue(r.hasProperty(RDF.type, AO.Annotation))",8,14,1.0,0.0,0.0,0.14285714285714285,0
"junit.framework.Assert.assertEquals(researchObject.getUri().relativize(copyAnnotation.getUri()), ro.getUri().relativize(annotation.getUri()))","org.junit.Assert.assertTrue(r.hasProperty(RDF.type, RO.AggregatedAnnotation))",8,15,1.0,0.0,0.0,0.125,0
"junit.framework.Assert.assertEquals(researchObject.getUri().relativize(copyAnnotation.getUri()), ro.getUri().relativize(annotation.getUri()))",org.junit.Assert.assertTrue(r.hasProperty(RO.annotatesAggregatedResource)),8,16,1.0,0.0,0.0,0.1111111111111111,0
"junit.framework.Assert.assertEquals(researchObject.getUri().relativize(copyAnnotation.getUri()), ro.getUri().relativize(annotation.getUri()))",org.junit.Assert.assertTrue(r.hasProperty(AO.body)),8,17,1.0,0.0,0.0,0.1,0
"junit.framework.Assert.assertTrue(r.hasProperty(RDF.type, AO.Annotation))","org.junit.Assert.assertEquals(researchObject.getUri().relativize(copyAnnotation.getUri()), ro.getUri().relativize(annotation.getUri()))",14,8,1.0,0.0,0.0,0.14285714285714285,0
"junit.framework.Assert.assertTrue(r.hasProperty(RDF.type, AO.Annotation))","org.junit.Assert.assertTrue(r.hasProperty(RDF.type, AO.Annotation))",14,14,1.0,1.0,1.0,1.0,1
"junit.framework.Assert.assertTrue(r.hasProperty(RDF.type, AO.Annotation))","org.junit.Assert.assertTrue(r.hasProperty(RDF.type, RO.AggregatedAnnotation))",14,15,1.0,1.0,0.0,0.5,0
"junit.framework.Assert.assertTrue(r.hasProperty(RDF.type, AO.Annotation))",org.junit.Assert.assertTrue(r.hasProperty(RO.annotatesAggregatedResource)),14,16,1.0,1.0,0.0,0.3333333333333333,0
"junit.framework.Assert.assertTrue(r.hasProperty(RDF.type, AO.Annotation))",org.junit.Assert.assertTrue(r.hasProperty(AO.body)),14,17,1.0,1.0,0.0,0.25,0
"junit.framework.Assert.assertTrue(r.hasProperty(RDF.type, RO.AggregatedAnnotation))","org.junit.Assert.assertEquals(researchObject.getUri().relativize(copyAnnotation.getUri()), ro.getUri().relativize(annotation.getUri()))",15,8,1.0,0.0,0.0,0.125,0
"junit.framework.Assert.assertTrue(r.hasProperty(RDF.type, RO.AggregatedAnnotation))","org.junit.Assert.assertTrue(r.hasProperty(RDF.type, AO.Annotation))",15,14,1.0,1.0,0.0,0.5,0
"junit.framework.Assert.assertTrue(r.hasProperty(RDF.type, RO.AggregatedAnnotation))","org.junit.Assert.assertTrue(r.hasProperty(RDF.type, RO.AggregatedAnnotation))",15,15,1.0,1.0,1.0,1.0,1
"junit.framework.Assert.assertTrue(r.hasProperty(RDF.type, RO.AggregatedAnnotation))",org.junit.Assert.assertTrue(r.hasProperty(RO.annotatesAggregatedResource)),15,16,1.0,1.0,0.0,0.5,0
"junit.framework.Assert.assertTrue(r.hasProperty(RDF.type, RO.AggregatedAnnotation))",org.junit.Assert.assertTrue(r.hasProperty(AO.body)),15,17,1.0,1.0,0.0,0.3333333333333333,0
junit.framework.Assert.assertTrue(r.hasProperty(RO.annotatesAggregatedResource)),"org.junit.Assert.assertEquals(researchObject.getUri().relativize(copyAnnotation.getUri()), ro.getUri().relativize(annotation.getUri()))",16,8,1.0,0.0,0.0,0.1111111111111111,0
junit.framework.Assert.assertTrue(r.hasProperty(RO.annotatesAggregatedResource)),"org.junit.Assert.assertTrue(r.hasProperty(RDF.type, AO.Annotation))",16,14,1.0,1.0,0.0,0.3333333333333333,0
junit.framework.Assert.assertTrue(r.hasProperty(RO.annotatesAggregatedResource)),"org.junit.Assert.assertTrue(r.hasProperty(RDF.type, RO.AggregatedAnnotation))",16,15,1.0,1.0,0.0,0.5,0
junit.framework.Assert.assertTrue(r.hasProperty(RO.annotatesAggregatedResource)),org.junit.Assert.assertTrue(r.hasProperty(RO.annotatesAggregatedResource)),16,16,1.0,1.0,1.0,1.0,1
junit.framework.Assert.assertTrue(r.hasProperty(RO.annotatesAggregatedResource)),org.junit.Assert.assertTrue(r.hasProperty(AO.body)),16,17,1.0,1.0,0.0,0.5,0
junit.framework.Assert.assertTrue(r.hasProperty(AO.body)),"org.junit.Assert.assertEquals(researchObject.getUri().relativize(copyAnnotation.getUri()), ro.getUri().relativize(annotation.getUri()))",17,8,1.0,0.0,0.0,0.1,0
junit.framework.Assert.assertTrue(r.hasProperty(AO.body)),"org.junit.Assert.assertTrue(r.hasProperty(RDF.type, AO.Annotation))",17,14,1.0,1.0,0.0,0.25,0
junit.framework.Assert.assertTrue(r.hasProperty(AO.body)),"org.junit.Assert.assertTrue(r.hasProperty(RDF.type, RO.AggregatedAnnotation))",17,15,1.0,1.0,0.0,0.3333333333333333,0
junit.framework.Assert.assertTrue(r.hasProperty(AO.body)),org.junit.Assert.assertTrue(r.hasProperty(RO.annotatesAggregatedResource)),17,16,1.0,1.0,0.0,0.5,0
junit.framework.Assert.assertTrue(r.hasProperty(AO.body)),org.junit.Assert.assertTrue(r.hasProperty(AO.body)),17,17,1.0,1.0,1.0,1.0,1
org.junit.Assert.assertTrue(byteCastField.isSetHasException()),org.junit.jupiter.api.Assertions.assertTrue(byteCastField.isSetHasException()),8,8,0.0,1.0,1.0,1.0,0
org.junit.rules.ExpectedException.expect(IllegalArgumentException.class),"org.junit.jupiter.api.Assertions.assertThrows(IllegalArgumentException.class, () -> parser.parse(writeConfigXmlToFile(config)))",3,11,0.0,0.0,0.6666666666666667,0.1111111111111111,0
"org.junit.rules.ExpectedException.expectMessage(""Found the invalidTag node under conditionalResources."")","org.junit.jupiter.api.Assertions.assertThrows(IllegalArgumentException.class, () -> parser.parse(writeConfigXmlToFile(config)))",4,11,0.0,0.0,0.0,0.125,0
"junit.framework.TestCase.assertEquals(20000, dh.getDateAfter().getTime())","org.junit.Assert.assertEquals(20000, dh.getDateAfter().getTime())",7,7,0.0,1.0,1.0,1.0,1
"junit.framework.TestCase.assertEquals(20000, dh.getDateAfter().getTime())","org.junit.Assert.assertEquals(30000, dh.getDateAfter().getTime())",7,10,0.0,1.0,0.5,0.25,0
"junit.framework.TestCase.assertEquals(30000, dh.getDateAfter().getTime())","org.junit.Assert.assertEquals(20000, dh.getDateAfter().getTime())",10,7,0.0,1.0,0.5,0.25,0
"junit.framework.TestCase.assertEquals(30000, dh.getDateAfter().getTime())","org.junit.Assert.assertEquals(30000, dh.getDateAfter().getTime())",10,10,0.0,1.0,1.0,1.0,1
"org.junit.jupiter.api.Assertions.assertEquals(group, capturedGroup.get())","org.junit.Assert.assertEquals(group, capturedGroup.get())",19,18,0.0,1.0,1.0,0.5,0
"org.junit.Assert.assertSame(HandshakeStatus.NOT_HANDSHAKING, engineMock.getHandshakeStatus())",org.junit.Assert.assertFalse(syncFlush()),33,27,1.0,0.0,0.0,0.14285714285714285,0
edu.stanford.nlp.ling.Sentence.listToString(sentence),edu.stanford.nlp.ling.SentenceUtils.listToString(sentence),11,11,0.5,1.0,1.0,1.0,1
edu.stanford.nlp.ie.crf.CRFClassifier.classifyWithInlineXML(input),edu.stanford.nlp.ie.AbstractSequenceClassifier.classifyWithInlineXML(input),1,1,0.25,1.0,1.0,1.0,0
edu.stanford.nlp.pipeline.StanfordCoreNLP.annotate(document),edu.stanford.nlp.pipeline.Annotator.annotate(document),23,10,0.0,1.0,1.0,0.07142857142857142,0
"edu.stanford.nlp.process.Morphology.stemStaticSynchronized(word, tag)","edu.stanford.nlp.process.Morphology.stemStatic(word, tag)",2,2,1.0,0.6666666666666666,1.0,1.0,1
edu.stanford.nlp.ie.crf.CRFClassifier.getClassifier(serializedClassifier),edu.stanford.nlp.ie.crf.CRFClassifier.getDefaultClassifier(),1,8,1.0,0.5,0.0,0.125,0
edu.stanford.nlp.parser.lexparser.LexicalizedParser.parse(tokenizedSentence),edu.stanford.nlp.parser.lexparser.LexicalizedParser.parseTree(tokenizedSentence),59,59,1.0,0.5,1.0,1.0,1
edu.stanford.nlp.parser.lexparser.LexicalizedParser.getBestParse(),edu.stanford.nlp.parser.lexparser.LexicalizedParser.parseTree(tokenizedSentence),60,59,1.0,0.3333333333333333,0.0,0.5,0
edu.stanford.nlp.tagger.maxent.MaxentTagger.tokenizeText(reader),edu.stanford.nlp.simple.Sentence.tokens(),2,4,0.0,0.0,0.0,0.3333333333333333,0
edu.stanford.nlp.tagger.maxent.MaxentTagger.tokenizeText(reader),edu.stanford.nlp.simple.Token.word(),2,5,0.0,0.0,0.0,0.25,0
edu.stanford.nlp.tagger.maxent.MaxentTagger.tokenizeText(reader),edu.stanford.nlp.simple.Token.posTag(),2,5,0.0,0.0,0.0,0.25,0
edu.stanford.nlp.tagger.maxent.MaxentTagger.tagSentence(sentence),edu.stanford.nlp.simple.Sentence.tokens(),4,4,0.0,0.0,0.0,1.0,0
edu.stanford.nlp.tagger.maxent.MaxentTagger.tagSentence(sentence),edu.stanford.nlp.simple.Token.word(),4,5,0.0,0.0,0.0,0.5,0
edu.stanford.nlp.tagger.maxent.MaxentTagger.tagSentence(sentence),edu.stanford.nlp.simple.Token.posTag(),4,5,0.0,0.3333333333333333,0.0,0.5,0
edu.stanford.nlp.dcoref.CorefChain.getMentionsInTextualOrder(),edu.stanford.nlp.coref.data.CorefChain.getMentionsInTextualOrder(),142,142,1.0,1.0,1.0,1.0,1
org.apache.pinot.common.utils.DataTable.getMetadata(),org.apache.pinot.common.datatable.DataTable.getMetadata(),2,2,1.0,1.0,1.0,1.0,1
org.apache.pinot.common.function.TransformFunctionType.getAliases(),org.apache.pinot.common.function.TransformFunctionType.getAlternativeNames(),10,10,1.0,0.0,1.0,1.0,1
org.apache.pinot.common.utils.DataTable.getNumberOfRows(),org.apache.pinot.common.datatable.DataTable.getNumberOfRows(),2,2,1.0,1.0,1.0,1.0,1
org.apache.pinot.common.request.context.ExpressionContext.forLiteral(inputFormat),org.apache.pinot.common.request.context.ExpressionContext.forLiteralContext(stringValue(inputFormat)),12,12,1.0,0.5,0.0,1.0,1
org.apache.pinot.common.request.context.ExpressionContext.forLiteral(inputFormat),org.apache.pinot.common.request.Literal.stringValue(inputFormat),12,12,0.0,0.0,1.0,1.0,0
org.apache.pinot.common.request.context.ExpressionContext.forLiteral(inputFormat),org.apache.pinot.common.request.context.ExpressionContext.forLiteralContext(stringValue(outputFormat)),12,14,1.0,0.5,0.0,0.3333333333333333,0
org.apache.pinot.common.request.context.ExpressionContext.forLiteral(inputFormat),org.apache.pinot.common.request.Literal.stringValue(outputFormat),12,14,0.0,0.0,0.0,0.3333333333333333,0
org.apache.pinot.common.request.context.ExpressionContext.forLiteral(inputFormat),org.apache.pinot.common.request.context.ExpressionContext.forLiteralContext(stringValue(granularity)),12,19,1.0,0.5,0.0,0.125,0
org.apache.pinot.common.request.context.ExpressionContext.forLiteral(inputFormat),org.apache.pinot.common.request.Literal.stringValue(granularity),12,19,0.0,0.0,0.0,0.125,0
org.apache.pinot.common.request.context.ExpressionContext.forLiteral(outputFormat),org.apache.pinot.common.request.context.ExpressionContext.forLiteralContext(stringValue(inputFormat)),14,12,1.0,0.5,0.0,0.3333333333333333,0
org.apache.pinot.common.request.context.ExpressionContext.forLiteral(outputFormat),org.apache.pinot.common.request.Literal.stringValue(inputFormat),14,12,0.0,0.0,0.0,0.3333333333333333,0
org.apache.pinot.common.request.context.ExpressionContext.forLiteral(outputFormat),org.apache.pinot.common.request.context.ExpressionContext.forLiteralContext(stringValue(outputFormat)),14,14,1.0,0.5,0.0,1.0,1
org.apache.pinot.common.request.context.ExpressionContext.forLiteral(outputFormat),org.apache.pinot.common.request.Literal.stringValue(outputFormat),14,14,0.0,0.0,1.0,1.0,0
org.apache.pinot.common.request.context.ExpressionContext.forLiteral(outputFormat),org.apache.pinot.common.request.context.ExpressionContext.forLiteralContext(stringValue(granularity)),14,19,1.0,0.5,0.0,0.16666666666666666,0
org.apache.pinot.common.request.context.ExpressionContext.forLiteral(outputFormat),org.apache.pinot.common.request.Literal.stringValue(granularity),14,19,0.0,0.0,0.0,0.16666666666666666,0
org.apache.pinot.common.request.context.ExpressionContext.forLiteral(granularity),org.apache.pinot.common.request.context.ExpressionContext.forLiteralContext(stringValue(inputFormat)),19,12,1.0,0.5,0.0,0.125,0
org.apache.pinot.common.request.context.ExpressionContext.forLiteral(granularity),org.apache.pinot.common.request.Literal.stringValue(inputFormat),19,12,0.0,0.0,0.0,0.125,0
org.apache.pinot.common.request.context.ExpressionContext.forLiteral(granularity),org.apache.pinot.common.request.context.ExpressionContext.forLiteralContext(stringValue(outputFormat)),19,14,1.0,0.5,0.0,0.16666666666666666,0
org.apache.pinot.common.request.context.ExpressionContext.forLiteral(granularity),org.apache.pinot.common.request.Literal.stringValue(outputFormat),19,14,0.0,0.0,0.0,0.16666666666666666,0
org.apache.pinot.common.request.context.ExpressionContext.forLiteral(granularity),org.apache.pinot.common.request.context.ExpressionContext.forLiteralContext(stringValue(granularity)),19,19,1.0,0.5,0.0,1.0,1
org.apache.pinot.common.request.context.ExpressionContext.forLiteral(granularity),org.apache.pinot.common.request.Literal.stringValue(granularity),19,19,0.0,0.0,1.0,1.0,0
org.apache.pinot.common.utils.DataTable.getNumberOfRows(),org.apache.pinot.common.datatable.DataTable.getNumberOfRows(),30,30,1.0,1.0,1.0,1.0,1
org.apache.pinot.common.utils.DataTable.getNumberOfRows(),org.apache.pinot.common.datatable.DataTable.getDataSchema(),30,33,1.0,0.0,1.0,0.25,0
org.apache.pinot.common.utils.DataTable.getNumberOfRows(),org.apache.pinot.common.datatable.DataTable.getDataSchema(),30,34,1.0,0.0,1.0,0.2,0
org.apache.pinot.common.utils.DataTable.getNumberOfRows(),org.apache.pinot.common.datatable.DataTable.getNumberOfRows(),30,34,1.0,1.0,1.0,0.2,0
org.apache.pinot.common.utils.DataTable.getDataSchema(),org.apache.pinot.common.datatable.DataTable.getNumberOfRows(),33,30,1.0,0.0,1.0,0.25,0
org.apache.pinot.common.utils.DataTable.getDataSchema(),org.apache.pinot.common.datatable.DataTable.getDataSchema(),33,33,1.0,1.0,1.0,1.0,1
org.apache.pinot.common.utils.DataTable.getDataSchema(),org.apache.pinot.common.datatable.DataTable.getDataSchema(),33,34,1.0,1.0,1.0,0.5,0
org.apache.pinot.common.utils.DataTable.getDataSchema(),org.apache.pinot.common.datatable.DataTable.getNumberOfRows(),33,34,1.0,0.0,1.0,0.5,0
org.apache.pinot.common.utils.DataTable.getDataSchema(),org.apache.pinot.common.datatable.DataTable.getNumberOfRows(),34,30,1.0,0.0,1.0,0.2,0
org.apache.pinot.common.utils.DataTable.getDataSchema(),org.apache.pinot.common.datatable.DataTable.getDataSchema(),34,33,1.0,1.0,1.0,0.5,0
org.apache.pinot.common.utils.DataTable.getDataSchema(),org.apache.pinot.common.datatable.DataTable.getDataSchema(),34,34,1.0,1.0,1.0,1.0,1
org.apache.pinot.common.utils.DataTable.getDataSchema(),org.apache.pinot.common.datatable.DataTable.getNumberOfRows(),34,34,1.0,0.0,1.0,1.0,0
org.apache.pinot.common.utils.DataTable.getNumberOfRows(),org.apache.pinot.common.datatable.DataTable.getNumberOfRows(),34,30,1.0,1.0,1.0,0.2,0
org.apache.pinot.common.utils.DataTable.getNumberOfRows(),org.apache.pinot.common.datatable.DataTable.getDataSchema(),34,33,1.0,0.0,1.0,0.5,0
org.apache.pinot.common.utils.DataTable.getNumberOfRows(),org.apache.pinot.common.datatable.DataTable.getDataSchema(),34,34,1.0,0.0,1.0,1.0,0
org.apache.pinot.common.utils.DataTable.getNumberOfRows(),org.apache.pinot.common.datatable.DataTable.getNumberOfRows(),34,34,1.0,1.0,1.0,1.0,1
org.apache.pinot.common.request.BrokerRequest.getFilterSubQueryMap(),org.apache.pinot.common.request.BrokerRequest.getPinotQuery(),37,37,1.0,0.2,1.0,1.0,0
org.apache.pinot.common.request.BrokerRequest.getFilterSubQueryMap(),org.apache.pinot.common.request.BrokerRequest.getPinotQuery(),37,37,1.0,0.2,1.0,1.0,0
org.apache.pinot.common.request.AggregationInfo.getAggregationParams(),org.apache.pinot.common.request.BrokerRequest.getPinotQuery(),47,37,0.0,0.0,1.0,0.09090909090909091,0
org.apache.pinot.common.request.AggregationInfo.getAggregationType(),org.apache.pinot.common.request.BrokerRequest.getPinotQuery(),52,37,0.0,0.0,1.0,0.0625,0
org.apache.pinot.common.request.AggregationInfo.getAggregationParams(),org.apache.pinot.common.request.BrokerRequest.getPinotQuery(),57,37,0.0,0.0,1.0,0.047619047619047616,0
org.apache.pinot.common.request.AggregationInfo.getAggregationType(),org.apache.pinot.common.request.BrokerRequest.getPinotQuery(),62,37,0.0,0.0,1.0,0.038461538461538464,0
"com.google.api.client.googleapis.auth.oauth2.GoogleClientSecrets.load(JacksonFactory.getDefaultInstance(), new InputStreamReader(in))",com.google.api.client.googleapis.auth.oauth2.GoogleCredential.fromStream(is),7,5,0.25,0.0,0.0,0.3333333333333333,0
com.google.api.client.googleapis.javanet.GoogleNetHttpTransport.newTrustedTransport(),com.google.api.client.googleapis.auth.oauth2.GoogleCredential.fromStream(is),14,5,0.2,0.0,0.0,0.1,0
com.google.api.client.googleapis.auth.oauth2.GoogleCredential.fromStream(inputStream),"com.google.api.client.googleapis.auth.oauth2.GoogleClientSecrets.load(JSON_FACTORY, new InputStreamReader(in))",4,7,0.25,0.0,0.0,0.25,0
com.google.api.client.googleapis.auth.oauth2.GoogleCredential.fromStream(inputStream),com.google.api.client.googleapis.javanet.GoogleNetHttpTransport.newTrustedTransport(),4,10,0.2,0.0,0.0,0.14285714285714285,0
com.google.api.client.googleapis.auth.oauth2.GoogleTokenResponse.getAccessToken(),com.google.api.client.googleapis.auth.oauth2.GoogleTokenResponse.getIdToken(),10,10,1.0,0.3333333333333333,1.0,1.0,0
com.google.api.client.googleapis.auth.oauth2.GoogleTokenResponse.getAccessToken(),com.google.api.client.googleapis.auth.oauth2.GoogleTokenResponse.parseIdToken(),10,12,1.0,0.25,1.0,0.3333333333333333,0
com.google.api.client.googleapis.auth.oauth2.GoogleTokenResponse.getAccessToken(),com.google.api.client.googleapis.auth.oauth2.GoogleIdToken.getPayload(),10,13,0.5,0.0,1.0,0.25,0
com.google.api.client.googleapis.apache.GoogleApacheHttpTransport.newTrustedTransport(),com.google.api.client.googleapis.apache.v2.GoogleApacheHttpTransport.newTrustedTransport(),4,4,1.0,1.0,1.0,1.0,1
com.google.api.client.googleapis.auth.oauth2.GoogleIdTokenVerifier.verify(idTokenString),com.google.api.client.googleapis.auth.oauth2.GoogleIdToken.Payload.toString(),10,22,0.6,0.0,0.0,0.07692307692307693,0
com.google.api.client.googleapis.auth.oauth2.GoogleIdToken.getPayload(),com.google.api.client.googleapis.auth.oauth2.GoogleIdToken.Payload.toString(),13,22,0.75,0.0,1.0,0.1,0
"io.trino.tempto.assertions.QueryAssert.assertThat(() -> dropPartition(""missing_table"", ""col"", ""f""))","io.trino.tempto.assertions.QueryAssert.assertQueryFailure(() -> dropPartition(""missing_table"", ""col"", ""f""))",6,6,1.0,0.0,1.0,1.0,1
"io.trino.tempto.assertions.QueryAssert.assertThat(() -> query(""SELECT * FROM "" + tableName))","io.trino.tempto.assertions.QueryAssert.assertQueryFailure(() -> onTrino().executeQuery(""SELECT * FROM "" + tableName))",15,15,1.0,0.0,0.0,1.0,1
"io.trino.tempto.query.QueryExecutor.query(""SELECT * FROM "" + tableName)","io.trino.tempto.assertions.QueryAssert.assertQueryFailure(() -> onTrino().executeQuery(""SELECT * FROM "" + tableName))",15,15,0.3333333333333333,0.0,0.0,1.0,0
"io.trino.tempto.hadoop.hdfs.HdfsClient.exist(warehouseDirectory + ""/test_drop_schema.db"")","io.trino.tempto.assertions.QueryAssert.assertQueryFailure(() -> onTrino().executeQuery(""DROP SCHEMA "" + schemaName))",6,10,0.0,0.0,0.0,0.2,0
"io.trino.tempto.assertions.QueryAssert.assertThat(() -> query(""DROP SCHEMA test_drop_schema""))","io.trino.tempto.assertions.QueryAssert.assertQueryFailure(() -> onTrino().executeQuery(""DROP SCHEMA "" + schemaName))",9,10,1.0,0.0,0.0,0.5,1
"io.trino.tempto.query.QueryExecutor.query(""DROP SCHEMA test_drop_schema"")","io.trino.tempto.assertions.QueryAssert.assertQueryFailure(() -> onTrino().executeQuery(""DROP SCHEMA "" + schemaName))",9,10,0.3333333333333333,0.0,0.0,0.5,0
"io.trino.tempto.hadoop.hdfs.HdfsClient.exist(warehouseDirectory + ""/test_drop_schema.db"")","io.trino.tempto.assertions.QueryAssert.assertQueryFailure(() -> onTrino().executeQuery(""DROP SCHEMA "" + schemaName))",15,10,0.0,0.0,0.0,0.16666666666666666,0
"io.trino.tempto.assertions.QueryAssert.assertQueryFailure(() -> onTrino().executeQuery(""UPDATE "" + hiveTableName + "" SET nationkey = nationkey + 100 WHERE regionkey = 1""))","io.trino.tempto.assertions.QueryAssert.assertThat(onTrino().executeQuery(""UPDATE "" + hiveTableName + "" SET nationkey = nationkey + 100 WHERE regionkey = 1""))",9,9,1.0,0.0,0.0,1.0,0
io.trino.tempto.query.QueryResult.rows(),io.trino.tempto.query.QueryResult.getOnlyValue(),24,24,1.0,0.0,1.0,1.0,0
"io.trino.tempto.query.QueryExecutor.query(format(findQuerySql, sql))",io.trino.tempto.query.QueryResult.getOnlyValue(),6,9,0.3333333333333333,0.0,0.0,0.25,0
io.trino.tempto.query.QueryResult.row(0),io.trino.tempto.query.QueryResult.getOnlyValue(),9,9,1.0,0.0,0.0,1.0,0
"io.trino.tempto.assertions.QueryAssert.Row(""b"", 1002)","io.trino.tempto.assertions.QueryAssert.Row.row(""b"", new byte[]{15, -15, 2, -16, -2, -2}, 1002)",10,11,0.6666666666666666,1.0,0.8,0.5,0
"io.trino.tempto.assertions.QueryAssert.Row(""b"", 1002)","io.trino.tempto.assertions.QueryAssert.Row.row(""a"", new byte[]{15, -15, 2, -16, -2, -1}, 1001)",10,18,0.6666666666666666,1.0,0.0,0.1111111111111111,0
"io.trino.tempto.assertions.QueryAssert.Row(""b"", 1002)","io.trino.tempto.assertions.QueryAssert.assertQueryFailure(() -> onSpark().executeQuery(format(selectByVarbinary, sparkTableName)))",10,23,1.0,0.0,0.0,0.07142857142857142,0
"io.trino.tempto.assertions.QueryAssert.Row.row(format(
                            ""CREATE TABLE hive.default.%s (\n"" +
                                    ""   n_integer integer,\n"" +
                                    ""   n_decimal decimal(9, 2),\n"" +
                                    ""   n_timestamp timestamp(3),\n"" +
                                    ""   n_char char(10),\n"" +
                                    ""   n_binary varbinary,\n"" +
                                    ""   n_union ROW(tag tinyint, field0 integer, field1 varchar),\n"" +
                                    ""   n_struct ROW(field1 integer, field2 varchar)\n"" +
                                    "")\n"" +
                                    ""WITH (\n"" +
                                    ""   bucket_count = 2,\n"" +
                                    ""   bucketed_by = ARRAY['%s'],\n"" +
                                    ""   bucketing_version = %s,\n"" +
                                    ""   format = 'ORC',\n"" +
                                    ""   sorted_by = ARRAY[]\n"" +
                                    "")"",
                            tableName,
                            columnToBeBucketed,
                            getExpectedBucketVersion(bucketingType)))",io.trino.tempto.query.QueryResult.rows(),21,24,0.25,0.0,0.0,0.25,0
net.serenitybdd.core.pages.WebElementFacade.click(),net.serenitybdd.core.pages.WebElementFacade.waitUntilVisible(),2,1,1.0,0.0,1.0,0.5,0
net.serenitybdd.core.pages.WebElementFacade.click(),net.serenitybdd.core.pages.WebElementFacade.waitUntilVisible(),2,2,1.0,0.0,1.0,1.0,0
net.serenitybdd.core.pages.WebElementFacade.click(),net.serenitybdd.core.pages.WebElementFacade.waitUntilVisible(),2,10,1.0,0.0,1.0,0.1111111111111111,0
net.serenitybdd.core.pages.WebElementFacade.click(),net.serenitybdd.core.pages.WebElementFacade.waitUntilVisible(),2,12,1.0,0.0,1.0,0.09090909090909091,0
net.serenitybdd.core.pages.WebElementFacade.click(),net.serenitybdd.core.pages.WebElementFacade.waitUntilVisible(),2,14,1.0,0.0,1.0,0.07692307692307693,0
net.serenitybdd.core.pages.WebElementFacade.click(),net.serenitybdd.core.pages.WebElementFacade.waitUntilVisible(),10,1,1.0,0.0,1.0,0.1,0
net.serenitybdd.core.pages.WebElementFacade.click(),net.serenitybdd.core.pages.WebElementFacade.waitUntilVisible(),10,2,1.0,0.0,1.0,0.1111111111111111,0
net.serenitybdd.core.pages.WebElementFacade.click(),net.serenitybdd.core.pages.WebElementFacade.waitUntilVisible(),10,10,1.0,0.0,1.0,1.0,0
net.serenitybdd.core.pages.WebElementFacade.click(),net.serenitybdd.core.pages.WebElementFacade.waitUntilVisible(),10,12,1.0,0.0,1.0,0.3333333333333333,0
net.serenitybdd.core.pages.WebElementFacade.click(),net.serenitybdd.core.pages.WebElementFacade.waitUntilVisible(),10,14,1.0,0.0,1.0,0.2,0
net.serenitybdd.core.pages.WebElementFacade.click(),net.serenitybdd.core.pages.WebElementFacade.waitUntilVisible(),12,1,1.0,0.0,1.0,0.08333333333333333,0
net.serenitybdd.core.pages.WebElementFacade.click(),net.serenitybdd.core.pages.WebElementFacade.waitUntilVisible(),12,2,1.0,0.0,1.0,0.09090909090909091,0
net.serenitybdd.core.pages.WebElementFacade.click(),net.serenitybdd.core.pages.WebElementFacade.waitUntilVisible(),12,10,1.0,0.0,1.0,0.3333333333333333,0
net.serenitybdd.core.pages.WebElementFacade.click(),net.serenitybdd.core.pages.WebElementFacade.waitUntilVisible(),12,12,1.0,0.0,1.0,1.0,0
net.serenitybdd.core.pages.WebElementFacade.click(),net.serenitybdd.core.pages.WebElementFacade.waitUntilVisible(),12,14,1.0,0.0,1.0,0.3333333333333333,0
net.serenitybdd.core.pages.WebElementFacade.click(),net.serenitybdd.core.pages.WebElementFacade.waitUntilVisible(),14,1,1.0,0.0,1.0,0.07142857142857142,0
net.serenitybdd.core.pages.WebElementFacade.click(),net.serenitybdd.core.pages.WebElementFacade.waitUntilVisible(),14,2,1.0,0.0,1.0,0.07692307692307693,0
net.serenitybdd.core.pages.WebElementFacade.click(),net.serenitybdd.core.pages.WebElementFacade.waitUntilVisible(),14,10,1.0,0.0,1.0,0.2,0
net.serenitybdd.core.pages.WebElementFacade.click(),net.serenitybdd.core.pages.WebElementFacade.waitUntilVisible(),14,12,1.0,0.0,1.0,0.3333333333333333,0
net.serenitybdd.core.pages.WebElementFacade.click(),net.serenitybdd.core.pages.WebElementFacade.waitUntilVisible(),14,14,1.0,0.0,1.0,1.0,0
net.serenitybdd.core.pages.WebElementFacade.type(numCuenta),net.serenitybdd.core.pages.WebElementFacade.waitUntilVisible(),8,9,1.0,0.0,0.0,0.5,0
net.serenitybdd.core.pages.WebElementFacade.click(),net.serenitybdd.core.pages.WebElementFacade.waitUntilVisible(),10,9,1.0,0.0,1.0,0.5,0
net.serenitybdd.core.pages.WebElementFacade.typeAndEnter(numSubPoliza),net.serenitybdd.core.pages.WebElementFacade.waitUntilVisible(),5,5,1.0,0.0,0.0,1.0,0
net.serenitybdd.core.pages.WebElementFacade.selectByIndex(1),net.serenitybdd.core.pages.WebElementFacade.click(),1,1,1.0,0.0,0.0,1.0,0
net.serenitybdd.core.pages.WebElementFacade.selectByIndex(1),net.serenitybdd.core.pages.WebElementFacade.click(),1,2,1.0,0.0,0.0,0.5,0
net.serenitybdd.core.pages.WebElementFacade.clear(),net.serenitybdd.core.pages.WebElementFacade.type(email),1,1,1.0,0.0,0.0,1.0,0
net.serenitybdd.core.pages.WebElementFacade.sendKeys(email),net.serenitybdd.core.pages.WebElementFacade.type(email),2,1,1.0,0.0,1.0,0.5,0
net.serenitybdd.core.pages.WebElementFacade.shouldBeVisible(),net.serenitybdd.core.pages.WebElementFacade.waitUntilPresent(),2,2,1.0,0.0,1.0,1.0,0
net.serenitybdd.core.pages.WebElementFacade.shouldBeVisible(),net.serenitybdd.core.pages.WebElementFacade.waitUntilPresent(),2,3,1.0,0.0,1.0,0.5,0
net.serenitybdd.core.pages.WebElementFacade.shouldBeEnabled(),net.serenitybdd.core.pages.WebElementFacade.waitUntilPresent(),3,2,1.0,0.0,1.0,0.5,0
net.serenitybdd.core.pages.WebElementFacade.shouldBeEnabled(),net.serenitybdd.core.pages.WebElementFacade.waitUntilPresent(),3,3,1.0,0.0,1.0,1.0,0
net.serenitybdd.core.pages.WebElementFacade.shouldBeVisible(),net.serenitybdd.core.pages.WebElementFacade.waitUntilPresent(),4,2,1.0,0.0,1.0,0.3333333333333333,0
net.serenitybdd.core.pages.WebElementFacade.shouldBeVisible(),net.serenitybdd.core.pages.WebElementFacade.waitUntilPresent(),4,3,1.0,0.0,1.0,0.5,0
net.serenitybdd.core.pages.WebElementFacade.shouldBeEnabled(),net.serenitybdd.core.pages.WebElementFacade.waitUntilPresent(),5,2,1.0,0.0,1.0,0.25,0
net.serenitybdd.core.pages.WebElementFacade.shouldBeEnabled(),net.serenitybdd.core.pages.WebElementFacade.waitUntilPresent(),5,3,1.0,0.0,1.0,0.3333333333333333,0
net.serenitybdd.core.pages.WebElementFacade.getText(),net.serenitybdd.core.pages.WebElementFacade.waitUntilEnabled(),4,3,1.0,0.0,1.0,0.5,0
net.serenitybdd.core.pages.WebElementFacade.getText(),net.serenitybdd.core.pages.WebElementFacade.click(),4,5,1.0,0.0,1.0,0.5,0
net.serenitybdd.core.pages.WebElementFacade.shouldNotBeVisible(),net.serenitybdd.core.pages.WebElementFacade.isVisible(),1,1,1.0,0.2,1.0,1.0,0
"org.junit.jupiter.api.Assertions.assertEquals(expected, actual)",org.junit.jupiter.api.Assertions.assertTrue(expected.isEquivalentTo((Quantity)actual)),4,4,1.0,0.0,0.0,1.0,0
org.junit.jupiter.api.Assertions.assertNotNull(completions.getId()),org.junit.jupiter.api.Assertions.assertTrue(messageList.size() > 1),8,11,1.0,0.0,0.0,0.25,0
org.junit.jupiter.api.Assertions.assertNotNull(completions.getChoices()),org.junit.jupiter.api.Assertions.assertTrue(messageList.size() > 1),9,11,1.0,0.0,0.0,0.3333333333333333,0
org.junit.jupiter.api.Assertions.assertFalse(completions.getChoices().isEmpty()),org.junit.jupiter.api.Assertions.assertTrue(messageList.size() > 1),10,11,1.0,0.0,0.0,0.5,0
org.junit.jupiter.api.Assertions.assertNotNull(completions.getChoices().get(0).getText()),org.junit.jupiter.api.Assertions.assertTrue(messageList.size() > 1),11,11,1.0,0.0,0.0,1.0,0
org.junit.jupiter.api.Assertions.assertTrue(result.jsonValue instanceof  JsonString),"org.junit.jupiter.api.Assertions.assertInstanceOf(JsonString.class, result.jsonValue)",7,7,1.0,0.0,0.0,1.0,0
org.junit.jupiter.api.Assertions.assertNull(play1.getSource()),"org.junit.jupiter.api.Assertions.assertSame(COLS, play.getCols())",5,6,1.0,0.0,0.0,0.5,0
org.junit.jupiter.api.Assertions.assertNull(play1.getSource()),"org.junit.jupiter.api.Assertions.assertSame(ROWS, play.getRows())",5,7,1.0,0.0,0.0,0.3333333333333333,0
"org.junit.jupiter.api.Assertions.assertEquals(play, play1)","org.junit.jupiter.api.Assertions.assertSame(COLS, play.getCols())",6,6,1.0,0.0,0.0,1.0,0
"org.junit.jupiter.api.Assertions.assertEquals(play, play1)","org.junit.jupiter.api.Assertions.assertSame(ROWS, play.getRows())",6,7,1.0,0.0,0.0,0.5,0
"org.junit.jupiter.api.Assertions.assertEquals(play.getId(), play1.getId())","org.junit.jupiter.api.Assertions.assertSame(COLS, play.getCols())",7,6,1.0,0.0,0.0,0.5,0
"org.junit.jupiter.api.Assertions.assertEquals(play.getId(), play1.getId())","org.junit.jupiter.api.Assertions.assertSame(ROWS, play.getRows())",7,7,1.0,0.0,0.0,1.0,0
"org.junit.jupiter.api.Assertions.assertArrayEquals(new byte[0], data.toBytes())","org.junit.jupiter.api.Assertions.assertThrows(NullPointerException.class, () -> BinaryData.fromString(expected))",9,6,1.0,0.0,0.0,0.25,0
"org.junit.jupiter.api.Assertions.assertEquals("""", data.toString())","org.junit.jupiter.api.Assertions.assertThrows(NullPointerException.class, () -> BinaryData.fromString(expected))",10,6,1.0,0.0,0.0,0.2,0
org.junit.jupiter.api.Assertions.fail(),"org.junit.jupiter.api.Assertions.assertThrows(NotFoundException.class, () -> {
            createResource(""entities?fn=Test%20Person3"")
                    .request(MediaType.APPLICATION_JSON_TYPE)
                    .get(SearchResult.class);
        })",9,5,1.0,0.0,0.0,0.2,0
"org.junit.jupiter.api.Assumptions.assumeTrue(!DBConnection.isSqlAzure(DriverManager.getConnection(connectionString)), TestResource.getResource(""R_skipAzure""))","org.junit.jupiter.api.Assumptions.assumeFalse(isSqlAzure(), TestResource.getResource(""R_skipAzure""))",2,2,1.0,0.3333333333333333,0.5,1.0,0
"org.junit.jupiter.api.Assumptions.assumeTrue(!DBConnection.isSqlAzure(DriverManager.getConnection(connectionString)), TestResource.getResource(""R_skipAzure""))","org.junit.jupiter.api.Assertions.fail(TestResource.getResource(""R_unexpectedErrorMessage"") + e.toString())",2,28,0.0,0.0,0.0,0.037037037037037035,0
org.junit.jupiter.api.Assertions.assertFalse(dtmfResult.isPresent()),"org.junit.jupiter.api.Assertions.assertInstanceOf(CollectTonesResult.class, dtmfResult.get())",6,7,1.0,0.0,0.0,0.5,0
"org.junit.jupiter.api.Assertions.assertSame(expectedOutcome, outcome)","org.junit.jupiter.api.Assertions.assertEquals(singletonList(expectedOutcome), outcome)",8,9,1.0,0.0,0.5,0.5,0
com.icegreen.greenmail.junit.GreenMailRule.getSmtp(),com.icegreen.greenmail.junit.GreenMailRule.getSmtps(),3,4,1.0,0.0,1.0,0.5,0
com.icegreen.greenmail.junit.GreenMailRule.getReceivedMessages(),com.icegreen.greenmail.junit4.GreenMailRule.getReceivedMessages(),9,9,1.0,1.0,1.0,1.0,0
com.icegreen.greenmail.util.GreenMail.getReceivedMessages(),"com.icegreen.greenmail.junit5.GreenMailExtension.waitForIncomingEmail(1000, 1)",35,28,0.6666666666666666,0.0,0.0,0.125,0
com.icegreen.greenmail.util.GreenMail.getReceivedMessages(),com.icegreen.greenmail.junit5.GreenMailExtension.getReceivedMessages(),35,30,0.6666666666666666,1.0,1.0,0.16666666666666666,0
com.icegreen.greenmail.smtp.InterruptableGreenMail.start(),com.icegreen.greenmail.util.InterruptableGreenMail.start(),15,15,1.0,1.0,1.0,1.0,0
com.icegreen.greenmail.util.GreenMail.purgeEmailFromAllMailboxes(),com.icegreen.greenmail.junit5.GreenMailExtension.purgeEmailFromAllMailboxes(),2,2,0.6666666666666666,1.0,1.0,1.0,0
"com.icegreen.greenmail.spring.GreenMailBean.setHostname(""localhost"")",com.icegreen.greenmail.util.GreenMail.getSmtp(),2,3,0.6666666666666666,0.0,0.0,0.5,0
com.icegreen.greenmail.spring.GreenMailBean.setSmtpProtocol(true),com.icegreen.greenmail.util.GreenMail.getSmtp(),4,3,0.6666666666666666,0.0,0.0,0.5,0
com.icegreen.greenmail.spring.GreenMailBean.setImapProtocol(true),com.icegreen.greenmail.util.GreenMail.getSmtp(),5,3,0.6666666666666666,0.0,0.0,0.3333333333333333,0
com.icegreen.greenmail.spring.GreenMailBean.getGreenMail(),com.icegreen.greenmail.util.GreenMail.getSmtp(),7,3,0.6666666666666666,0.0,1.0,0.2,0
com.icegreen.greenmail.util.GreenMail.stop(),com.icegreen.greenmail.junit4.GreenMailRule.stop(),10,10,0.6666666666666666,1.0,1.0,1.0,0
org.apache.flink.table.api.bridge.java.StreamTableEnvironment.sqlQuery(sql),org.apache.flink.table.api.bridge.java.StreamTableEnvironment.executeSql(sql),1,1,1.0,0.3333333333333333,1.0,1.0,0
"org.apache.flink.table.api.bridge.java.StreamTableEnvironment.toAppendStream(table, Row.class)",org.apache.flink.table.api.bridge.java.StreamTableEnvironment.executeSql(sql),2,1,1.0,0.0,0.0,0.5,0
org.apache.flink.table.sources.StreamTableSource.getTableSchema(),org.apache.flink.table.api.bridge.java.StreamTableEnvironment.create(flinkEnv),20,3,0.5,0.25,0.0,0.05555555555555555,0
org.apache.flink.table.api.bridge.java.StreamTableEnvironment.sqlUpdate(sql),org.apache.flink.table.api.bridge.java.StreamTableEnvironment.executeSql(sql),1,1,1.0,0.3333333333333333,1.0,1.0,0
"org.apache.flink.table.api.bridge.java.StreamTableEnvironment.createTemporaryView(""orders_view"", table1)",org.apache.flink.table.api.bridge.java.StreamTableEnvironment.toChangelogStream(result2),15,61,1.0,0.0,0.0,0.02127659574468085,0
"org.apache.flink.table.api.bridge.java.StreamTableEnvironment.createTemporaryView(""orders_view"", table1)","org.apache.flink.table.api.bridge.java.StreamTableEnvironment.toDataStream(result, Row.class)",15,75,1.0,0.0,0.0,0.01639344262295082,0
"org.apache.flink.table.api.bridge.java.StreamTableEnvironment.toAppendStream(result, Row.class)",org.apache.flink.table.api.bridge.java.StreamTableEnvironment.toChangelogStream(result2),29,61,1.0,0.3333333333333333,0.0,0.030303030303030304,0
"org.apache.flink.table.api.bridge.java.StreamTableEnvironment.toAppendStream(result, Row.class)","org.apache.flink.table.api.bridge.java.StreamTableEnvironment.toDataStream(result, Row.class)",29,75,1.0,0.3333333333333333,1.0,0.02127659574468085,1
org.apache.flink.table.connector.sink.OutputFormatProvider.of(outPutFormat),org.apache.flink.table.connector.sink.SinkFunctionProvider.of(sinkFunction),13,19,0.2,0.2,0.0,0.14285714285714285,0
"org.apache.flink.table.api.bridge.java.StreamTableEnvironment.executeSql(""select * from dept"")",org.apache.flink.table.api.bridge.java.StreamTableEnvironment.useDatabase(defaultDatabase),48,31,1.0,0.0,0.0,0.05555555555555555,0
"org.apache.flink.table.api.bridge.java.StreamTableEnvironment.executeSql(""select * from dept"")",org.apache.flink.table.api.bridge.java.StreamTableEnvironment.listTables(),48,33,1.0,0.0,0.0,0.0625,0
"org.apache.flink.table.api.bridge.java.StreamTableEnvironment.executeSql(""select * from dept"")",org.apache.flink.table.api.bridge.java.StreamTableEnvironment.listFunctions(),48,37,1.0,0.0,0.0,0.08333333333333333,0
"org.apache.flink.table.api.bridge.java.StreamTableEnvironment.executeSql(""select * from dept"")","org.apache.flink.table.api.bridge.java.StreamTableEnvironment.sqlQuery(""select * from dept"")",48,50,1.0,0.3333333333333333,1.0,0.3333333333333333,0
org.apache.mahout.math.VectorWritable.get(),"org.apache.mahout.common.HadoopUtil.delete(conf, output)",15,9,0.0,0.0,0.0,0.14285714285714285,0
org.apache.mahout.math.Vector.iterateNonZero(),org.apache.mahout.math.Vector.nonZeroes(),2,2,1.0,0.25,1.0,1.0,1
"com.azure.core.util.logging.ClientLogger.info(""Listing next certificates page - Page {} "", continuationToken)","com.azure.core.util.logging.ClientLogger.verbose(""Listing next certificates page - Page {} "", continuationToken)",4,4,1.0,0.0,1.0,1.0,0
"com.azure.core.util.logging.ClientLogger.info(""Listing next certificates page - Page {} "", continuationToken)","com.azure.core.util.logging.ClientLogger.verbose(""Listed next certificates page - Page {} "", continuationToken)",4,5,1.0,0.0,0.5,0.5,0
"com.azure.core.util.logging.ClientLogger.info(""Listed next certificates page - Page {} "", continuationToken)","com.azure.core.util.logging.ClientLogger.verbose(""Listing next certificates page - Page {} "", continuationToken)",5,4,1.0,0.0,0.5,0.5,0
"com.azure.core.util.logging.ClientLogger.info(""Listed next certificates page - Page {} "", continuationToken)","com.azure.core.util.logging.ClientLogger.verbose(""Listed next certificates page - Page {} "", continuationToken)",5,5,1.0,0.0,1.0,1.0,0
"com.azure.core.util.FluxUtil.toFluxByteBuffer(fileStream, CHUNK_SIZE)","com.azure.core.util.BinaryData.fromFile(Paths.get(""artifact.tar.gz""), CHUNK_SIZE)",19,17,0.0,0.0,0.5,0.3333333333333333,0
"com.azure.core.http.HttpHeaders.set(eTagHeader.getName(), eTag)","com.azure.core.http.HttpHeaders.put(eTagHeader.getName(), eTag)",9,9,1.0,0.0,1.0,1.0,1
"com.azure.core.util.logging.ClientLogger.warning(""Data not present."")",com.azure.core.util.BinaryData.fromBytes(amqpAnnotatedMessage.getBody().getFirstData()),11,4,0.0,0.0,0.0,0.125,0
"com.azure.core.util.logging.ClientLogger.verbose(""Message id '{}'."", messageId)","com.azure.core.util.logging.ClientLogger.info(""Message id '{}'."", messageId)",2,3,1.0,0.0,1.0,0.5,0
"com.azure.core.util.logging.ClientLogger.logExceptionAsError(new IllegalStateException(
                ""There is already one downstream subscriber.'""))","com.azure.core.util.logging.ClientLogger.logThrowableAsError(new IllegalStateException(""There is already one downstream subscriber.'""))",30,30,1.0,0.5,0.0,1.0,0
com.azure.core.util.serializer.JacksonAdapter.createDefaultSerializerAdapter(),"com.azure.core.http.HttpHeaderName.fromString(""x-ms-error-code"")",2,8,0.0,0.0,0.0,0.14285714285714285,0
com.azure.core.exception.HttpResponseException.getResponse(),com.azure.core.exception.HttpResponseException.getValue(),16,15,1.0,0.0,1.0,0.5,0
"com.azure.core.util.Context.addData(PARENT_TRACE_CONTEXT_KEY, ""parent span"")",com.azure.core.util.tracing.Tracer.isEnabled(),18,12,0.0,0.0,0.0,0.14285714285714285,0
"com.azure.core.util.Context.addData(DIAGNOSTIC_ID_KEY, ""diag-id"")",com.azure.core.util.tracing.Tracer.isEnabled(),24,12,0.0,0.0,0.0,0.07692307692307693,0
"com.azure.core.util.tracing.Tracer.getSharedSpanBuilder(eq(""EventHubs.send""), any())",com.azure.core.util.tracing.Tracer.isEnabled(),29,12,1.0,0.0,0.0,0.05555555555555555,0
"com.azure.core.util.Context.addData(SPAN_BUILDER_KEY, ""span-builder"")",com.azure.core.util.tracing.Tracer.isEnabled(),32,12,0.0,0.0,0.0,0.047619047619047616,0
org.apache.pdfbox.pdmodel.PDDocument.load(file),org.apache.pdfbox.Loader.loadPDF(file),3,3,0.0,0.5,1.0,1.0,1
"org.apache.pdfbox.util.ImageIOUtil.writeImage(output, thumbnailFile.getAbsolutePath(), 96)","org.apache.pdfbox.tools.imageio.ImageIOUtil.writeImage(output, thumbnailFile.getAbsolutePath(), 96)",16,16,1.0,1.0,1.0,1.0,1
org.apache.pdfbox.pdmodel.PDDocument.isEncrypted(),org.apache.pdfbox.pdmodel.PDDocument.load(fileIS),2,2,1.0,0.0,0.0,1.0,0
org.apache.pdfbox.pdmodel.PDDocument.isEncrypted(),org.apache.pdfbox.rendering.PDFRenderer.renderImage(0),2,4,0.0,0.0,0.0,0.3333333333333333,0
"org.apache.pdfbox.pdmodel.PDDocument.decrypt("""")",org.apache.pdfbox.pdmodel.PDDocument.load(fileIS),4,2,1.0,0.0,0.0,0.3333333333333333,0
"org.apache.pdfbox.pdmodel.PDDocument.decrypt("""")",org.apache.pdfbox.rendering.PDFRenderer.renderImage(0),4,4,0.0,0.0,0.0,1.0,0
org.apache.pdfbox.pdmodel.PDDocument.setAllSecurityToBeRemoved(true),org.apache.pdfbox.pdmodel.PDDocument.load(fileIS),9,2,1.0,0.0,0.0,0.125,0
org.apache.pdfbox.pdmodel.PDDocument.setAllSecurityToBeRemoved(true),org.apache.pdfbox.rendering.PDFRenderer.renderImage(0),9,4,0.0,0.0,0.0,0.16666666666666666,0
org.apache.pdfbox.pdmodel.PDDocument.getDocumentCatalog(),org.apache.pdfbox.pdmodel.PDDocument.load(fileIS),14,2,1.0,0.0,0.0,0.07692307692307693,0
org.apache.pdfbox.pdmodel.PDDocument.getDocumentCatalog(),org.apache.pdfbox.rendering.PDFRenderer.renderImage(0),14,4,0.0,0.0,0.0,0.09090909090909091,0
org.apache.pdfbox.pdmodel.PDDocumentCatalog.getAllPages(),org.apache.pdfbox.pdmodel.PDDocument.load(fileIS),16,2,0.6666666666666666,0.0,0.0,0.06666666666666667,0
org.apache.pdfbox.pdmodel.PDDocumentCatalog.getAllPages(),org.apache.pdfbox.rendering.PDFRenderer.renderImage(0),16,4,0.0,0.0,0.0,0.07692307692307693,0
org.apache.pdfbox.pdmodel.PDPage.findCropBox(),org.apache.pdfbox.pdmodel.PDDocument.load(fileIS),19,2,0.3333333333333333,0.0,0.0,0.05555555555555555,0
org.apache.pdfbox.pdmodel.PDPage.findCropBox(),org.apache.pdfbox.rendering.PDFRenderer.renderImage(0),19,4,0.0,0.0,0.0,0.0625,0
org.apache.pdfbox.pdmodel.PDPage.getCropBox(),org.apache.pdfbox.pdmodel.PDDocument.load(fileIS),20,2,0.3333333333333333,0.0,0.0,0.05263157894736842,0
org.apache.pdfbox.pdmodel.PDPage.getCropBox(),org.apache.pdfbox.rendering.PDFRenderer.renderImage(0),20,4,0.0,0.0,0.0,0.058823529411764705,0
org.apache.pdfbox.pdmodel.PDPage.getTrimBox(),org.apache.pdfbox.pdmodel.PDDocument.load(fileIS),22,2,0.3333333333333333,0.0,0.0,0.047619047619047616,0
org.apache.pdfbox.pdmodel.PDPage.getTrimBox(),org.apache.pdfbox.rendering.PDFRenderer.renderImage(0),22,4,0.0,0.0,0.0,0.05263157894736842,0
org.apache.pdfbox.pdmodel.common.PDRectangle.createDimension(),org.apache.pdfbox.pdmodel.PDDocument.load(fileIS),24,2,0.3333333333333333,0.0,0.0,0.043478260869565216,0
org.apache.pdfbox.pdmodel.common.PDRectangle.createDimension(),org.apache.pdfbox.rendering.PDFRenderer.renderImage(0),24,4,0.0,0.0,0.0,0.047619047619047616,0
org.apache.pdfbox.pdmodel.PDDocument.close(),org.apache.pdfbox.pdmodel.PDDocument.load(fileIS),28,2,1.0,0.0,0.0,0.037037037037037035,0
org.apache.pdfbox.pdmodel.PDDocument.close(),org.apache.pdfbox.rendering.PDFRenderer.renderImage(0),28,4,0.0,0.0,0.0,0.04,0
com.brihaspathee.zeus.web.response.XWalkResponse.builder(),com.brihaspathee.zeus.reference.data.model.XWalkResponse.builder(),8,8,1.0,1.0,1.0,1.0,0
com.brihaspathee.zeus.web.response.XWalkResponse.builder(),com.brihaspathee.zeus.reference.data.model.XWalkRequest.getExternalSourceName(),8,13,0.5,0.0,1.0,0.16666666666666666,0
com.brihaspathee.zeus.web.model.MemberAttributeDto.builder(),com.brihaspathee.zeus.dto.account.MemberAttributeDto.builder(),5,5,1.0,1.0,1.0,1.0,1
com.brihaspathee.zeus.web.model.TransactionDto.builder(),com.brihaspathee.zeus.dto.transaction.TransactionDto.builder(),2,2,1.0,1.0,1.0,1.0,1
com.brihaspathee.zeus.web.model.TransactionDto.builder(),com.brihaspathee.zeus.dto.account.RawTransactionDto.getZfcn(),2,3,0.6666666666666666,0.0,1.0,0.5,0
com.brihaspathee.zeus.web.model.TransactionDto.builder(),com.brihaspathee.zeus.dto.account.RawTransactionDto.getZtcn(),2,4,0.6666666666666666,0.0,1.0,0.3333333333333333,0
com.brihaspathee.zeus.web.model.RawTransactionDto.getZfcn(),com.brihaspathee.zeus.dto.transaction.TransactionDto.builder(),3,2,0.6666666666666666,0.0,1.0,0.5,0
com.brihaspathee.zeus.web.model.RawTransactionDto.getZfcn(),com.brihaspathee.zeus.dto.account.RawTransactionDto.getZfcn(),3,3,1.0,1.0,1.0,1.0,1
com.brihaspathee.zeus.web.model.RawTransactionDto.getZfcn(),com.brihaspathee.zeus.dto.account.RawTransactionDto.getZtcn(),3,4,1.0,0.0,1.0,0.5,0
com.brihaspathee.zeus.web.model.RawTransactionDto.getZtcn(),com.brihaspathee.zeus.dto.transaction.TransactionDto.builder(),4,2,0.6666666666666666,0.0,1.0,0.3333333333333333,0
com.brihaspathee.zeus.web.model.RawTransactionDto.getZtcn(),com.brihaspathee.zeus.dto.account.RawTransactionDto.getZfcn(),4,3,1.0,0.0,1.0,0.5,0
com.brihaspathee.zeus.web.model.RawTransactionDto.getZtcn(),com.brihaspathee.zeus.dto.account.RawTransactionDto.getZtcn(),4,4,1.0,1.0,1.0,1.0,1
com.brihaspathee.zeus.web.model.RawTransactionDto.getMarketplaceTypeCode(),com.brihaspathee.zeus.dto.transaction.TransactionDto.builder(),5,2,0.6666666666666666,0.0,1.0,0.25,0
com.brihaspathee.zeus.web.model.RawTransactionDto.getMarketplaceTypeCode(),com.brihaspathee.zeus.dto.account.RawTransactionDto.getZfcn(),5,3,1.0,0.0,1.0,0.3333333333333333,0
com.brihaspathee.zeus.web.model.RawTransactionDto.getMarketplaceTypeCode(),com.brihaspathee.zeus.dto.account.RawTransactionDto.getZtcn(),5,4,1.0,0.0,1.0,0.5,0
com.brihaspathee.zeus.web.model.RawTransactionDto.getLineOfBusinessTypeCode(),com.brihaspathee.zeus.dto.transaction.TransactionDto.builder(),6,2,0.6666666666666666,0.0,1.0,0.2,0
com.brihaspathee.zeus.web.model.RawTransactionDto.getLineOfBusinessTypeCode(),com.brihaspathee.zeus.dto.account.RawTransactionDto.getZfcn(),6,3,1.0,0.0,1.0,0.25,0
com.brihaspathee.zeus.web.model.RawTransactionDto.getLineOfBusinessTypeCode(),com.brihaspathee.zeus.dto.account.RawTransactionDto.getZtcn(),6,4,1.0,0.0,1.0,0.3333333333333333,0
com.brihaspathee.zeus.web.model.RawTransactionDto.getStateTypeCode(),com.brihaspathee.zeus.dto.transaction.TransactionDto.builder(),7,2,0.6666666666666666,0.0,1.0,0.16666666666666666,0
com.brihaspathee.zeus.web.model.RawTransactionDto.getStateTypeCode(),com.brihaspathee.zeus.dto.account.RawTransactionDto.getZfcn(),7,3,1.0,0.0,1.0,0.2,0
com.brihaspathee.zeus.web.model.RawTransactionDto.getStateTypeCode(),com.brihaspathee.zeus.dto.account.RawTransactionDto.getZtcn(),7,4,1.0,0.0,1.0,0.25,0
com.brihaspathee.zeus.web.model.RawTransactionDto.getBusinessUnitTypeCode(),com.brihaspathee.zeus.dto.transaction.TransactionDto.builder(),8,2,0.6666666666666666,0.0,1.0,0.14285714285714285,0
com.brihaspathee.zeus.web.model.RawTransactionDto.getBusinessUnitTypeCode(),com.brihaspathee.zeus.dto.account.RawTransactionDto.getZfcn(),8,3,1.0,0.0,1.0,0.16666666666666666,0
com.brihaspathee.zeus.web.model.RawTransactionDto.getBusinessUnitTypeCode(),com.brihaspathee.zeus.dto.account.RawTransactionDto.getZtcn(),8,4,1.0,0.0,1.0,0.2,0
com.brihaspathee.zeus.web.model.RawTransactionDto.getTradingPartnerId(),com.brihaspathee.zeus.dto.transaction.TransactionDto.builder(),9,2,0.6666666666666666,0.0,1.0,0.125,0
com.brihaspathee.zeus.web.model.RawTransactionDto.getTradingPartnerId(),com.brihaspathee.zeus.dto.account.RawTransactionDto.getZfcn(),9,3,1.0,0.0,1.0,0.14285714285714285,0
com.brihaspathee.zeus.web.model.RawTransactionDto.getTradingPartnerId(),com.brihaspathee.zeus.dto.account.RawTransactionDto.getZtcn(),9,4,1.0,0.0,1.0,0.16666666666666666,0
"org.springframework.core.env.Environment.getProperty(""spring.datasource.driver"")","org.springframework.core.env.Environment.getRequiredProperty(""spring.datasource.driver"")",3,3,1.0,0.5,1.0,1.0,0
"org.springframework.core.env.Environment.getProperty(""spring.datasource.driver"")","org.springframework.core.env.Environment.getRequiredProperty(""spring.datasource.url"")",3,4,1.0,0.5,0.0,0.5,0
"org.springframework.core.env.Environment.getProperty(""spring.datasource.driver"")","org.springframework.core.env.Environment.getRequiredProperty(""spring.datasource.username"")",3,5,1.0,0.5,0.0,0.3333333333333333,0
"org.springframework.core.env.Environment.getProperty(""spring.datasource.driver"")","org.springframework.core.env.Environment.getRequiredProperty(""spring.datasource.password"")",3,6,1.0,0.5,0.0,0.25,0
"org.springframework.core.env.Environment.getProperty(""spring.datasource.url"")","org.springframework.core.env.Environment.getRequiredProperty(""spring.datasource.driver"")",4,3,1.0,0.5,0.0,0.5,0
"org.springframework.core.env.Environment.getProperty(""spring.datasource.url"")","org.springframework.core.env.Environment.getRequiredProperty(""spring.datasource.url"")",4,4,1.0,0.5,1.0,1.0,0
"org.springframework.core.env.Environment.getProperty(""spring.datasource.url"")","org.springframework.core.env.Environment.getRequiredProperty(""spring.datasource.username"")",4,5,1.0,0.5,0.0,0.5,0
"org.springframework.core.env.Environment.getProperty(""spring.datasource.url"")","org.springframework.core.env.Environment.getRequiredProperty(""spring.datasource.password"")",4,6,1.0,0.5,0.0,0.3333333333333333,0
"org.springframework.core.env.Environment.getProperty(""spring.datasource.username"")","org.springframework.core.env.Environment.getRequiredProperty(""spring.datasource.driver"")",5,3,1.0,0.5,0.0,0.3333333333333333,0
"org.springframework.core.env.Environment.getProperty(""spring.datasource.username"")","org.springframework.core.env.Environment.getRequiredProperty(""spring.datasource.url"")",5,4,1.0,0.5,0.0,0.5,0
"org.springframework.core.env.Environment.getProperty(""spring.datasource.username"")","org.springframework.core.env.Environment.getRequiredProperty(""spring.datasource.username"")",5,5,1.0,0.5,1.0,1.0,0
"org.springframework.core.env.Environment.getProperty(""spring.datasource.username"")","org.springframework.core.env.Environment.getRequiredProperty(""spring.datasource.password"")",5,6,1.0,0.5,0.0,0.5,0
"org.springframework.core.env.Environment.getProperty(""spring.datasource.password"")","org.springframework.core.env.Environment.getRequiredProperty(""spring.datasource.driver"")",6,3,1.0,0.5,0.0,0.25,0
"org.springframework.core.env.Environment.getProperty(""spring.datasource.password"")","org.springframework.core.env.Environment.getRequiredProperty(""spring.datasource.url"")",6,4,1.0,0.5,0.0,0.3333333333333333,0
"org.springframework.core.env.Environment.getProperty(""spring.datasource.password"")","org.springframework.core.env.Environment.getRequiredProperty(""spring.datasource.username"")",6,5,1.0,0.5,0.0,0.5,0
"org.springframework.core.env.Environment.getProperty(""spring.datasource.password"")","org.springframework.core.env.Environment.getRequiredProperty(""spring.datasource.password"")",6,6,1.0,0.5,1.0,1.0,0
org.springframework.util.StringUtils.isEmpty(token),org.springframework.util.StringUtils.hasText(token),12,12,1.0,0.0,1.0,1.0,1
org.springframework.core.io.Resource.getInputStream(),org.springframework.core.io.Resource.getFile(),13,6,1.0,0.0,1.0,0.125,0
"org.springframework.core.env.Environment.getProperty(""driver"")","org.springframework.core.env.Environment.getRequiredProperty(""hibernate.driver_class"")",4,4,1.0,0.5,0.0,1.0,0
"org.springframework.core.env.Environment.getProperty(""driver"")","org.springframework.core.env.Environment.getRequiredProperty(""hibernate.connection.url"")",4,5,1.0,0.5,0.0,0.5,0
"org.springframework.core.env.Environment.getProperty(""driver"")","org.springframework.core.env.Environment.getRequiredProperty(""hibernate.connection.username"")",4,6,1.0,0.5,0.0,0.3333333333333333,0
"org.springframework.core.env.Environment.getProperty(""driver"")","org.springframework.core.env.Environment.getRequiredProperty(""hibernate.connection.password"")",4,7,1.0,0.5,0.0,0.25,0
"org.springframework.core.env.Environment.getProperty(""url"")","org.springframework.core.env.Environment.getRequiredProperty(""hibernate.driver_class"")",5,4,1.0,0.5,0.0,0.5,0
"org.springframework.core.env.Environment.getProperty(""url"")","org.springframework.core.env.Environment.getRequiredProperty(""hibernate.connection.url"")",5,5,1.0,0.5,0.0,1.0,0
"org.springframework.core.env.Environment.getProperty(""url"")","org.springframework.core.env.Environment.getRequiredProperty(""hibernate.connection.username"")",5,6,1.0,0.5,0.0,0.5,0
"org.springframework.core.env.Environment.getProperty(""url"")","org.springframework.core.env.Environment.getRequiredProperty(""hibernate.connection.password"")",5,7,1.0,0.5,0.0,0.3333333333333333,0
"org.springframework.core.env.Environment.getProperty(""username"")","org.springframework.core.env.Environment.getRequiredProperty(""hibernate.driver_class"")",6,4,1.0,0.5,0.0,0.3333333333333333,0
"org.springframework.core.env.Environment.getProperty(""username"")","org.springframework.core.env.Environment.getRequiredProperty(""hibernate.connection.url"")",6,5,1.0,0.5,0.0,0.5,0
"org.springframework.core.env.Environment.getProperty(""username"")","org.springframework.core.env.Environment.getRequiredProperty(""hibernate.connection.username"")",6,6,1.0,0.5,0.0,1.0,0
"org.springframework.core.env.Environment.getProperty(""username"")","org.springframework.core.env.Environment.getRequiredProperty(""hibernate.connection.password"")",6,7,1.0,0.5,0.0,0.5,0
"org.springframework.core.env.Environment.getProperty(""password"")","org.springframework.core.env.Environment.getRequiredProperty(""hibernate.driver_class"")",7,4,1.0,0.5,0.0,0.25,0
"org.springframework.core.env.Environment.getProperty(""password"")","org.springframework.core.env.Environment.getRequiredProperty(""hibernate.connection.url"")",7,5,1.0,0.5,0.0,0.3333333333333333,0
"org.springframework.core.env.Environment.getProperty(""password"")","org.springframework.core.env.Environment.getRequiredProperty(""hibernate.connection.username"")",7,6,1.0,0.5,0.0,0.5,0
"org.springframework.core.env.Environment.getProperty(""password"")","org.springframework.core.env.Environment.getRequiredProperty(""hibernate.connection.password"")",7,7,1.0,0.5,0.0,1.0,0
"org.springframework.core.convert.support.GenericConversionService.addConverter(PersonVO.class, AccountVO.class, p -> self.toAccountVO(p))","org.springframework.core.convert.converter.ConverterRegistry.addConverter(PersonVO.class, AccountVO.class, p -> self.toAccountVO(p))",3,3,0.0,1.0,1.0,1.0,0
"org.springframework.core.convert.support.GenericConversionService.addConverter(PersonVO.class, AccountVO.class, p -> self.toAccountVO(p))","org.springframework.core.convert.converter.ConverterRegistry.addConverter(Person.class, AccountVO.class, p -> self.getByPubkey(p.getPubkey()))",3,4,0.0,1.0,0.33333333333333337,0.5,0
"org.springframework.core.convert.support.GenericConversionService.addConverter(Person.class, AccountVO.class, p -> self.getByPubkey(p.getPubkey()))","org.springframework.core.convert.converter.ConverterRegistry.addConverter(PersonVO.class, AccountVO.class, p -> self.toAccountVO(p))",4,3,0.0,1.0,0.33333333333333337,0.5,0
"org.springframework.core.convert.support.GenericConversionService.addConverter(Person.class, AccountVO.class, p -> self.getByPubkey(p.getPubkey()))","org.springframework.core.convert.converter.ConverterRegistry.addConverter(Person.class, AccountVO.class, p -> self.getByPubkey(p.getPubkey()))",4,4,0.0,1.0,1.0,1.0,0
org.springframework.core.env.ConfigurableEnvironment.setActiveProfiles(SettingsUtil.PROFILE_PREAUTH),org.springframework.core.env.ConfigurableEnvironment.addActiveProfile(DeploymentModeService.PROFILE_AUTH_MODE_EXTERNAL_PREAUTH),25,25,1.0,0.0,0.0,1.0,0
org.springframework.core.env.ConfigurableEnvironment.setActiveProfiles(SettingsUtil.PROFILE_PREAUTH),org.springframework.core.env.ConfigurableEnvironment.addActiveProfile(DeploymentModeService.PROFILE_AUTH_MODE_DATABASE),25,29,1.0,0.0,0.0,0.2,0
org.springframework.core.env.ConfigurableEnvironment.setActiveProfiles(SettingsUtil.PROFILE_DATABASE),org.springframework.core.env.ConfigurableEnvironment.addActiveProfile(DeploymentModeService.PROFILE_AUTH_MODE_EXTERNAL_PREAUTH),29,25,1.0,0.0,0.0,0.2,0
org.springframework.core.env.ConfigurableEnvironment.setActiveProfiles(SettingsUtil.PROFILE_DATABASE),org.springframework.core.env.ConfigurableEnvironment.addActiveProfile(DeploymentModeService.PROFILE_AUTH_MODE_DATABASE),29,29,1.0,0.0,0.0,1.0,0
org.springframework.util.StringUtils.commaDelimitedListToStringArray(String.valueOf(arrayString)),org.springframework.core.io.Resource.getFile(),14,15,0.0,0.0,0.0,0.5,0
org.springframework.util.StringUtils.commaDelimitedListToStringArray(String.valueOf(arrayString)),org.springframework.core.io.Resource.getInputStream(),14,23,0.0,0.0,0.0,0.1,0
org.springframework.util.StringUtils.commaDelimitedListToStringArray(String.valueOf(arrayString)),org.springframework.core.io.Resource.getInputStream(),14,31,0.0,0.0,0.0,0.05555555555555555,0
org.springframework.core.MethodParameter.getParameterName(),org.springframework.core.MethodParameter.getParameterAnnotation(CurrentUser.class),3,4,1.0,0.3333333333333333,0.0,0.5,0
org.springframework.util.StringUtils.hasText(DomUtils.getTextValue(faultDetailElement).trim()),org.springframework.util.xml.DomUtils.getChildElements(when),18,61,0.3333333333333333,0.0,0.0,0.022727272727272728,0
org.springframework.util.StringUtils.hasText(charset),org.springframework.util.xml.DomUtils.getChildElements(when),25,61,0.3333333333333333,0.0,0.0,0.02702702702702703,0
org.springframework.util.StringUtils.hasText(faultDetailData),org.springframework.util.xml.DomUtils.getChildElements(when),28,61,0.3333333333333333,0.0,0.0,0.029411764705882353,0
org.springframework.util.StringUtils.hasText(schemaValidation),org.springframework.util.xml.DomUtils.getChildElements(when),37,61,0.3333333333333333,0.0,0.0,0.04,0
org.springframework.util.StringUtils.hasText(schema),org.springframework.util.xml.DomUtils.getChildElements(when),42,61,0.3333333333333333,0.0,0.0,0.05,0
org.springframework.util.StringUtils.hasText(schemaRepository),org.springframework.util.xml.DomUtils.getChildElements(when),47,61,0.3333333333333333,0.0,0.0,0.06666666666666667,0
org.springframework.core.MethodParameter.getMethodAnnotation(RequestMapping.class),org.springframework.core.MethodParameter.getMethod(),6,6,1.0,0.5,0.0,1.0,0
"org.springframework.core.annotation.AnnotationUtils.findAnnotation(parameter.getDeclaringClass(), LocalizedMethodArguments.class)",org.springframework.core.MethodParameter.getMethod(),7,6,0.0,0.0,0.0,0.5,0
org.testng.AssertJUnit.assertTrue(StringUtil.isEmpty(null)),org.testng.Assert.assertTrue(StringUtil.isEmpty(null)),2,2,0.3333333333333333,1.0,1.0,1.0,0
org.testng.AssertJUnit.assertTrue(StringUtil.isEmpty(null)),"org.testng.Assert.assertTrue(StringUtil.isEmpty(""""))",2,3,0.3333333333333333,1.0,0.0,0.5,0
org.testng.AssertJUnit.assertTrue(StringUtil.isEmpty(null)),"org.testng.Assert.assertFalse(StringUtil.isEmpty("" ""))",2,4,0.3333333333333333,0.0,0.0,0.3333333333333333,0
org.testng.AssertJUnit.assertTrue(StringUtil.isEmpty(null)),"org.testng.Assert.assertFalse(StringUtil.isEmpty(""bob""))",2,5,0.3333333333333333,0.0,0.0,0.25,0
org.testng.AssertJUnit.assertTrue(StringUtil.isEmpty(null)),"org.testng.Assert.assertFalse(StringUtil.isEmpty(""  bob  ""))",2,6,0.3333333333333333,0.0,0.0,0.2,0
"org.testng.AssertJUnit.assertTrue(StringUtil.isEmpty(""""))",org.testng.Assert.assertTrue(StringUtil.isEmpty(null)),3,2,0.3333333333333333,1.0,0.0,0.5,0
"org.testng.AssertJUnit.assertTrue(StringUtil.isEmpty(""""))","org.testng.Assert.assertTrue(StringUtil.isEmpty(""""))",3,3,0.3333333333333333,1.0,1.0,1.0,0
"org.testng.AssertJUnit.assertTrue(StringUtil.isEmpty(""""))","org.testng.Assert.assertFalse(StringUtil.isEmpty("" ""))",3,4,0.3333333333333333,0.0,0.0,0.5,0
"org.testng.AssertJUnit.assertTrue(StringUtil.isEmpty(""""))","org.testng.Assert.assertFalse(StringUtil.isEmpty(""bob""))",3,5,0.3333333333333333,0.0,0.0,0.3333333333333333,0
"org.testng.AssertJUnit.assertTrue(StringUtil.isEmpty(""""))","org.testng.Assert.assertFalse(StringUtil.isEmpty(""  bob  ""))",3,6,0.3333333333333333,0.0,0.0,0.25,0
"org.testng.AssertJUnit.assertFalse(StringUtil.isEmpty("" ""))",org.testng.Assert.assertTrue(StringUtil.isEmpty(null)),4,2,0.3333333333333333,0.0,0.0,0.3333333333333333,0
"org.testng.AssertJUnit.assertFalse(StringUtil.isEmpty("" ""))","org.testng.Assert.assertTrue(StringUtil.isEmpty(""""))",4,3,0.3333333333333333,0.0,0.0,0.5,0
"org.testng.AssertJUnit.assertFalse(StringUtil.isEmpty("" ""))","org.testng.Assert.assertFalse(StringUtil.isEmpty("" ""))",4,4,0.3333333333333333,1.0,1.0,1.0,0
"org.testng.AssertJUnit.assertFalse(StringUtil.isEmpty("" ""))","org.testng.Assert.assertFalse(StringUtil.isEmpty(""bob""))",4,5,0.3333333333333333,1.0,0.0,0.5,0
"org.testng.AssertJUnit.assertFalse(StringUtil.isEmpty("" ""))","org.testng.Assert.assertFalse(StringUtil.isEmpty(""  bob  ""))",4,6,0.3333333333333333,1.0,0.0,0.3333333333333333,0
"org.testng.AssertJUnit.assertFalse(StringUtil.isEmpty(""bob""))",org.testng.Assert.assertTrue(StringUtil.isEmpty(null)),5,2,0.3333333333333333,0.0,0.0,0.25,0
"org.testng.AssertJUnit.assertFalse(StringUtil.isEmpty(""bob""))","org.testng.Assert.assertTrue(StringUtil.isEmpty(""""))",5,3,0.3333333333333333,0.0,0.0,0.3333333333333333,0
"org.testng.AssertJUnit.assertFalse(StringUtil.isEmpty(""bob""))","org.testng.Assert.assertFalse(StringUtil.isEmpty("" ""))",5,4,0.3333333333333333,1.0,0.0,0.5,0
"org.testng.AssertJUnit.assertFalse(StringUtil.isEmpty(""bob""))","org.testng.Assert.assertFalse(StringUtil.isEmpty(""bob""))",5,5,0.3333333333333333,1.0,1.0,1.0,0
"org.testng.AssertJUnit.assertFalse(StringUtil.isEmpty(""bob""))","org.testng.Assert.assertFalse(StringUtil.isEmpty(""  bob  ""))",5,6,0.3333333333333333,1.0,0.0,0.5,0
"org.testng.AssertJUnit.assertFalse(StringUtil.isEmpty(""  bob  ""))",org.testng.Assert.assertTrue(StringUtil.isEmpty(null)),6,2,0.3333333333333333,0.0,0.0,0.2,0
"org.testng.AssertJUnit.assertFalse(StringUtil.isEmpty(""  bob  ""))","org.testng.Assert.assertTrue(StringUtil.isEmpty(""""))",6,3,0.3333333333333333,0.0,0.0,0.25,0
"org.testng.AssertJUnit.assertFalse(StringUtil.isEmpty(""  bob  ""))","org.testng.Assert.assertFalse(StringUtil.isEmpty("" ""))",6,4,0.3333333333333333,1.0,0.0,0.3333333333333333,0
"org.testng.AssertJUnit.assertFalse(StringUtil.isEmpty(""  bob  ""))","org.testng.Assert.assertFalse(StringUtil.isEmpty(""bob""))",6,5,0.3333333333333333,1.0,0.0,0.5,0
"org.testng.AssertJUnit.assertFalse(StringUtil.isEmpty(""  bob  ""))","org.testng.Assert.assertFalse(StringUtil.isEmpty(""  bob  ""))",6,6,0.3333333333333333,1.0,1.0,1.0,0
"org.testng.Assert.assertEquals(response.body().asString(), xls.getCellData(sheetName, ""API_RESPONSE_Expected"", i).toString(), """")","org.testng.AssertJUnit.assertEquals(response.body().asString(), xls.getCellData(sheetName, ""API_RESPONSE_Expected"", i).toString(), """")",17,16,0.3333333333333333,1.0,1.0,0.5,0
org.testng.AssertJUnit.assertNotNull(o),org.testng.Assert.assertNotNull(o),4,4,0.3333333333333333,1.0,1.0,1.0,0
org.testng.AssertJUnit.assertNotNull(o),org.testng.Assert.assertTrue(o instanceof Float),4,6,0.3333333333333333,0.0,0.0,0.3333333333333333,0
org.testng.AssertJUnit.assertTrue(o instanceof Float),org.testng.Assert.assertNotNull(o),6,4,0.3333333333333333,0.0,0.0,0.3333333333333333,0
org.testng.AssertJUnit.assertTrue(o instanceof Float),org.testng.Assert.assertTrue(o instanceof Float),6,6,0.3333333333333333,1.0,1.0,1.0,0
"org.testng.Assert.assertNotSame(r1, r2)",org.testng.Assert.assertFalse(r1 == r2),7,7,1.0,0.0,0.0,1.0,0
org.testng.Assert.assertTrue(found != null),"org.testng.Assert.assertEquals(Integer.valueOf(pickList.advanced().getSourceListContentAreaElement().getCssValue(""min-height"").replace(""px"", """")), testedValue, tolerance)",7,10,1.0,0.0,0.0,0.25,0
org.testng.Assert.assertTrue(found.contains(value)),"org.testng.Assert.assertEquals(Integer.valueOf(pickList.advanced().getSourceListContentAreaElement().getCssValue(""min-height"").replace(""px"", """")), testedValue, tolerance)",8,10,1.0,0.0,0.0,0.3333333333333333,0
"org.testng.AssertJUnit.assertEquals(v1, v2)","org.testng.Assert.assertEquals(v1, v2)",4,4,0.3333333333333333,1.0,1.0,1.0,0
"org.testng.asserts.SoftAssert.assertTrue(searchResultPage.checkProductTitlesOnALLSearchPages(""table""))","org.testng.asserts.SoftAssert.assertEquals(true, searchResultPage.checkProductTitlesOnALLSearchPages(""table""))",13,13,1.0,0.0,0.6666666666666667,1.0,0
"org.testng.asserts.SoftAssert.assertTrue(searchResultPage.checkProductTitlesOnALLSearchPages(""table""))","org.testng.asserts.SoftAssert.assertEquals(true, cartPage.checkCartIsEmpty())",13,29,1.0,0.0,0.0,0.058823529411764705,0
org.testng.asserts.SoftAssert.assertTrue(cartPage.checkCartIsEmpty()),"org.testng.asserts.SoftAssert.assertEquals(true, searchResultPage.checkProductTitlesOnALLSearchPages(""table""))",29,13,1.0,0.0,0.0,0.058823529411764705,0
org.testng.asserts.SoftAssert.assertTrue(cartPage.checkCartIsEmpty()),"org.testng.asserts.SoftAssert.assertEquals(true, cartPage.checkCartIsEmpty())",29,29,1.0,0.0,0.6666666666666667,1.0,0
"org.testng.Assert.assertEquals(login.getBuildVersionText(), PropertiesUtil.getPropertyValue(""copyRightText""))","org.testng.asserts.SoftAssert.assertEquals(login.getBuildVersionText(), PropertiesUtil.getPropertyValue(""copyRightText""))",3,4,0.5,1.0,1.0,0.5,0
"org.testng.Assert.assertEquals(login.getBuildVersionText(), PropertiesUtil.getPropertyValue(""copyRightText""))",org.testng.asserts.SoftAssert.assertAll(),3,5,0.5,0.0,0.0,0.3333333333333333,0
"com.fasterxml.jackson.databind.ObjectMapper.addMixInAnnotations(Object.class, ValidateFilterMixIn.class)","com.fasterxml.jackson.databind.ObjectMapper.addMixIn(Object.class, ValidateFilterMixIn.class)",13,13,1.0,0.5,1.0,1.0,1
"com.fasterxml.jackson.databind.ObjectMapper.addMixInAnnotations(Object.class, ValidateFilterMixIn.class)","com.fasterxml.jackson.databind.ObjectMapper.addMixIn(PKPass.class, PkPassFilterMixIn.class)",13,14,1.0,0.5,0.0,0.5,0
"com.fasterxml.jackson.databind.ObjectMapper.addMixInAnnotations(Object.class, ValidateFilterMixIn.class)","com.fasterxml.jackson.databind.ObjectMapper.addMixIn(PKBarcode.class, BarcodeFilterMixIn.class)",13,15,1.0,0.5,0.0,0.3333333333333333,0
"com.fasterxml.jackson.databind.ObjectMapper.addMixInAnnotations(Object.class, ValidateFilterMixIn.class)","com.fasterxml.jackson.databind.ObjectMapper.addMixIn(Charset.class, CharsetFilterMixIn.class)",13,16,1.0,0.5,0.0,0.25,0
"com.fasterxml.jackson.databind.ObjectMapper.addMixInAnnotations(PKPass.class, PkPassFilterMixIn.class)","com.fasterxml.jackson.databind.ObjectMapper.addMixIn(Object.class, ValidateFilterMixIn.class)",14,13,1.0,0.5,0.0,0.5,0
"com.fasterxml.jackson.databind.ObjectMapper.addMixInAnnotations(PKPass.class, PkPassFilterMixIn.class)","com.fasterxml.jackson.databind.ObjectMapper.addMixIn(PKPass.class, PkPassFilterMixIn.class)",14,14,1.0,0.5,1.0,1.0,1
"com.fasterxml.jackson.databind.ObjectMapper.addMixInAnnotations(PKPass.class, PkPassFilterMixIn.class)","com.fasterxml.jackson.databind.ObjectMapper.addMixIn(PKBarcode.class, BarcodeFilterMixIn.class)",14,15,1.0,0.5,0.0,0.5,0
"com.fasterxml.jackson.databind.ObjectMapper.addMixInAnnotations(PKPass.class, PkPassFilterMixIn.class)","com.fasterxml.jackson.databind.ObjectMapper.addMixIn(Charset.class, CharsetFilterMixIn.class)",14,16,1.0,0.5,0.0,0.3333333333333333,0
"com.fasterxml.jackson.databind.ObjectMapper.addMixInAnnotations(PKBarcode.class, BarcodeFilterMixIn.class)","com.fasterxml.jackson.databind.ObjectMapper.addMixIn(Object.class, ValidateFilterMixIn.class)",15,13,1.0,0.5,0.0,0.3333333333333333,0
"com.fasterxml.jackson.databind.ObjectMapper.addMixInAnnotations(PKBarcode.class, BarcodeFilterMixIn.class)","com.fasterxml.jackson.databind.ObjectMapper.addMixIn(PKPass.class, PkPassFilterMixIn.class)",15,14,1.0,0.5,0.0,0.5,0
"com.fasterxml.jackson.databind.ObjectMapper.addMixInAnnotations(PKBarcode.class, BarcodeFilterMixIn.class)","com.fasterxml.jackson.databind.ObjectMapper.addMixIn(PKBarcode.class, BarcodeFilterMixIn.class)",15,15,1.0,0.5,1.0,1.0,1
"com.fasterxml.jackson.databind.ObjectMapper.addMixInAnnotations(PKBarcode.class, BarcodeFilterMixIn.class)","com.fasterxml.jackson.databind.ObjectMapper.addMixIn(Charset.class, CharsetFilterMixIn.class)",15,16,1.0,0.5,0.0,0.5,0
"com.fasterxml.jackson.databind.ObjectMapper.addMixInAnnotations(Charset.class, CharsetFilterMixIn.class)","com.fasterxml.jackson.databind.ObjectMapper.addMixIn(Object.class, ValidateFilterMixIn.class)",16,13,1.0,0.5,0.0,0.25,0
"com.fasterxml.jackson.databind.ObjectMapper.addMixInAnnotations(Charset.class, CharsetFilterMixIn.class)","com.fasterxml.jackson.databind.ObjectMapper.addMixIn(PKPass.class, PkPassFilterMixIn.class)",16,14,1.0,0.5,0.0,0.3333333333333333,0
"com.fasterxml.jackson.databind.ObjectMapper.addMixInAnnotations(Charset.class, CharsetFilterMixIn.class)","com.fasterxml.jackson.databind.ObjectMapper.addMixIn(PKBarcode.class, BarcodeFilterMixIn.class)",16,15,1.0,0.5,0.0,0.5,0
"com.fasterxml.jackson.databind.ObjectMapper.addMixInAnnotations(Charset.class, CharsetFilterMixIn.class)","com.fasterxml.jackson.databind.ObjectMapper.addMixIn(Charset.class, CharsetFilterMixIn.class)",16,16,1.0,0.5,1.0,1.0,1
com.fasterxml.jackson.databind.ObjectMapper.writeValueAsString(event),com.fasterxml.jackson.databind.ObjectWriter.writeValueAsString(event),7,6,0.3333333333333333,1.0,1.0,0.5,0
com.fasterxml.jackson.databind.ObjectMapper.disableDefaultTyping(),com.fasterxml.jackson.databind.json.JsonMapper.builder(),4,3,0.3333333333333333,0.0,1.0,0.5,0
"com.fasterxml.jackson.databind.node.ObjectNode.put(TRACK, this.getTrack(track))","com.fasterxml.jackson.databind.node.ObjectNode.set(TRACK, this.getTrack(track))",2,2,1.0,0.0,1.0,1.0,1
com.fasterxml.jackson.databind.ObjectMapper.writeValueAsString(dog),"com.fasterxml.jackson.databind.ObjectMapper.configure(DeserializationFeature.FAIL_ON_UNKNOWN_PROPERTIES, false)",6,2,1.0,0.0,0.0,0.2,0
com.fasterxml.jackson.databind.ObjectMapper.writeValueAsString(dog),com.fasterxml.jackson.databind.ObjectMapper.writerWithDefaultPrettyPrinter(),6,14,1.0,0.0,0.0,0.1111111111111111,0
com.fasterxml.jackson.databind.ObjectMapper.writeValueAsString(dog),com.fasterxml.jackson.databind.ObjectMapper.readerFor(Dog.class),6,17,1.0,0.0,0.0,0.08333333333333333,0
com.fasterxml.jackson.databind.node.ArrayNode.has(line),com.fasterxml.jackson.databind.ObjectMapper.valueToTree(lineIdList),27,36,0.0,0.0,0.0,0.1,0
"com.fasterxml.jackson.databind.ObjectMapper.readValue(configStoreFileContents, OMAGServerConfig.class)","com.fasterxml.jackson.databind.ObjectReader.readValue(configStoreFileContents, OMAGServerConfig.class)",14,12,0.3333333333333333,1.0,1.0,0.3333333333333333,0
com.fasterxml.jackson.databind.ObjectMapper.writeValueAsBytes(body),"com.fasterxml.jackson.databind.ObjectMapper.readValue(localVarResponse.body(), new TypeReference<Boolean>() {})",12,11,1.0,0.0,0.0,0.5,0
org.codehaus.jackson.map.ObjectMapper.readTree(new ByteArrayInputStream(data)),org.codehaus.jackson.map.MappingJsonFactory.createJsonParser(data),1,1,0.0,0.0,0.0,1.0,0
"org.codehaus.jackson.map.ObjectMapper.configure(DeserializationConfig.Feature.FAIL_ON_UNKNOWN_PROPERTIES, false)",org.codehaus.jackson.map.ObjectMapper.getSerializationConfig(),2,6,1.0,0.0,0.0,0.2,0
"org.codehaus.jackson.map.ObjectMapper.configure(DeserializationConfig.Feature.FAIL_ON_UNKNOWN_PROPERTIES, false)",org.codehaus.jackson.map.ObjectMapper.getDeserializationConfig(),2,7,1.0,0.0,0.0,0.16666666666666666,0
"org.codehaus.jackson.map.ObjectMapper.configure(DeserializationConfig.Feature.FAIL_ON_UNKNOWN_PROPERTIES, false)",org.codehaus.jackson.map.ObjectMapper.getDeserializationConfig(),2,8,1.0,0.0,0.0,0.14285714285714285,0
org.codehaus.jackson.map.ObjectMapper.getDeserializationConfig(),org.codehaus.jackson.map.ObjectMapper.setAnnotationIntrospector(pair),7,10,1.0,0.0,0.0,0.25,0
org.codehaus.jackson.map.ObjectMapper.getSerializationConfig(),org.codehaus.jackson.map.ObjectMapper.setAnnotationIntrospector(pair),8,10,1.0,0.0,0.0,0.3333333333333333,0
org.codehaus.jackson.map.ObjectMapper.createArrayNode(),org.codehaus.jackson.node.JsonNodeFactory.arrayNode(),1,1,0.0,0.6666666666666666,1.0,1.0,0
org.codehaus.jackson.map.ObjectMapper.createArrayNode(),org.codehaus.jackson.node.JsonNodeFactory.objectNode(),1,2,0.0,0.25,1.0,0.5,0
org.codehaus.jackson.map.ObjectMapper.createArrayNode(),org.codehaus.jackson.node.JsonNodeFactory.objectNode(),1,6,0.0,0.25,1.0,0.16666666666666666,0
org.codehaus.jackson.map.ObjectMapper.createObjectNode(),org.codehaus.jackson.node.JsonNodeFactory.arrayNode(),2,1,0.0,0.25,1.0,0.5,0
org.codehaus.jackson.map.ObjectMapper.createObjectNode(),org.codehaus.jackson.node.JsonNodeFactory.objectNode(),2,2,0.0,0.6666666666666666,1.0,1.0,0
org.codehaus.jackson.map.ObjectMapper.createObjectNode(),org.codehaus.jackson.node.JsonNodeFactory.objectNode(),2,6,0.0,0.6666666666666666,1.0,0.2,0
org.codehaus.jackson.map.ObjectMapper.createObjectNode(),org.codehaus.jackson.node.JsonNodeFactory.arrayNode(),6,1,0.0,0.25,1.0,0.16666666666666666,0
org.codehaus.jackson.map.ObjectMapper.createObjectNode(),org.codehaus.jackson.node.JsonNodeFactory.objectNode(),6,2,0.0,0.6666666666666666,1.0,0.2,0
org.codehaus.jackson.map.ObjectMapper.createObjectNode(),org.codehaus.jackson.node.JsonNodeFactory.objectNode(),6,6,0.0,0.6666666666666666,1.0,1.0,0
org.codehaus.jackson.map.DeserializationConfig.without(DeserializationConfig.Feature.FAIL_ON_UNKNOWN_PROPERTIES),"org.codehaus.jackson.map.DeserializationConfig.set(Feature.FAIL_ON_UNKNOWN_PROPERTIES, false)",3,3,1.0,0.0,0.0,1.0,1
org.codehaus.jackson.map.DeserializationConfig.without(DeserializationConfig.Feature.FAIL_ON_UNKNOWN_PROPERTIES),"org.codehaus.jackson.map.DeserializationConfig.set(Feature.USE_GETTERS_AS_SETTERS, false)",3,4,1.0,0.0,0.0,0.5,0
org.codehaus.jackson.map.DeserializationConfig.without(DeserializationConfig.Feature.FAIL_ON_UNKNOWN_PROPERTIES),"org.codehaus.jackson.map.DeserializationConfig.set(Feature.AUTO_DETECT_FIELDS, true)",3,5,1.0,0.0,0.0,0.3333333333333333,0
org.codehaus.jackson.map.type.TypeFactory.type(context.getTargetDataType().getGenericType()),org.codehaus.jackson.map.ObjectMapper.constructType(context.getTargetDataType().getGenericType()),8,8,0.0,0.5,1.0,1.0,1
"org.codehaus.jackson.map.ObjectMapper.treeToValue((JsonNode)source, context.getTargetDataType().getPhysical())",org.codehaus.jackson.map.ObjectMapper.constructType(context.getTargetDataType().getGenericType()),17,8,1.0,0.0,0.0,0.1,0
org.codehaus.jackson.map.SerializerProvider.findValueSerializer(proxiedValue.getClass()),org.codehaus.jackson.map.SerializerProvider.defaultSerializeNull(jgen),9,6,1.0,0.0,0.0,0.25,0
org.apache.log4j.BasicConfigurator.configure(),"org.apache.log4j.Logger.info(""The params is empty , excute restore operation！"")",1,15,0.0,0.0,0.0,0.06666666666666667,0
org.apache.log4j.BasicConfigurator.configure(),"org.apache.log4j.Logger.info(""The params is not enough , please input two params"")",1,20,0.0,0.0,0.0,0.05,0
org.apache.log4j.BasicConfigurator.configure(),"org.apache.log4j.Logger.info(response.getBoolean(""success"")+"""")",1,29,0.0,0.0,0.0,0.034482758620689655,0
"org.apache.log4j.Logger.error(""unable to find matching product whilst loading"")","org.apache.log4j.Logger.warn(""unable to find matching product whilst loading"")",19,19,1.0,0.0,1.0,1.0,0
org.apache.log4j.Logger.fatal(e.getMessage()),org.apache.log4j.Logger.error(e.getMessage()),15,15,1.0,0.0,1.0,1.0,0
"org.apache.log4j.Logger.warn(""Error updating UsageStorageVO"", e)","org.apache.log4j.Logger.error(""Error updating UsageStorageVO:""+e.getMessage(), e)",17,22,1.0,0.0,0.5,0.16666666666666666,0
"org.apache.log4j.Logger.debug(SolidFireUtil.LOG_PREFIX + ""Failed to delete SolidFire volume"", ex)",org.apache.log4j.Logger.error(errMsg),27,18,1.0,0.0,0.0,0.1,0
org.apache.log4j.Logger.getRootLogger(),org.apache.log4j.BasicConfigurator.configure(),2,2,0.0,0.0,1.0,1.0,0
"org.apache.log4j.Logger.addAppender(new ConsoleAppender(new PatternLayout(""%-5p [%t]: %m\r\n""){
			@Override
			public String format(LoggingEvent event) {
				String result = super.format(event);
				if(result.endsWith(""\n\r\n"")){
					result = result.substring(0, result.length()-2);
				}
				return result;
			}
		}, ConsoleAppender.SYSTEM_OUT))",org.apache.log4j.BasicConfigurator.configure(),3,2,0.0,0.0,0.0,0.5,0
org.apache.log4j.Logger.getLogger(PermisosController.class),org.apache.log4j.LogManager.getLogger(PermisosController.class),5,5,0.0,1.0,1.0,1.0,0
org.apache.log4j.spi.LoggingEvent.getRenderedMessage(),org.apache.log4j.spi.LoggingEvent.getMessage(),44,44,1.0,0.5,1.0,1.0,0
"org.apache.log4j.Logger.trace(""Begin cleanup expired async-jobs"")","org.apache.log4j.Logger.info(""Begin cleanup expired async-jobs"")",2,2,1.0,0.0,1.0,1.0,0
"org.apache.log4j.Logger.trace(""Begin cleanup expired async-jobs"")","org.apache.log4j.Logger.info(""Remove Job-"" + item.getContentId() + "" from Queue-"" + item.getId() + "" since it has been blocked for too long"")",2,10,1.0,0.0,0.0,0.1111111111111111,0
"org.apache.log4j.Logger.trace(""Begin cleanup expired async-jobs"")","org.apache.log4j.Logger.info(""Expunging unfinished job-"" + job.getId())",2,31,1.0,0.0,0.0,0.03333333333333333,0
"org.apache.log4j.Logger.trace(""Begin cleanup expired async-jobs"")","org.apache.log4j.Logger.info(""Expunging completed job-"" + job.getId())",2,44,1.0,0.0,0.0,0.023255813953488372,0
"org.apache.log4j.Logger.trace(""Begin cleanup expired async-jobs"")","org.apache.log4j.Logger.info(""End cleanup expired async-jobs"")",2,52,1.0,0.0,0.0,0.0196078431372549,0
"org.apache.log4j.Logger.trace(""Expunging unfinished job "" + job)","org.apache.log4j.Logger.info(""Begin cleanup expired async-jobs"")",11,2,1.0,0.0,0.0,0.1,0
"org.apache.log4j.Logger.trace(""Expunging unfinished job "" + job)","org.apache.log4j.Logger.info(""Remove Job-"" + item.getContentId() + "" from Queue-"" + item.getId() + "" since it has been blocked for too long"")",11,10,1.0,0.0,0.0,0.5,0
"org.apache.log4j.Logger.trace(""Expunging unfinished job "" + job)","org.apache.log4j.Logger.info(""Expunging unfinished job-"" + job.getId())",11,31,1.0,0.0,0.0,0.047619047619047616,0
"org.apache.log4j.Logger.trace(""Expunging unfinished job "" + job)","org.apache.log4j.Logger.info(""Expunging completed job-"" + job.getId())",11,44,1.0,0.0,0.0,0.029411764705882353,0
"org.apache.log4j.Logger.trace(""Expunging unfinished job "" + job)","org.apache.log4j.Logger.info(""End cleanup expired async-jobs"")",11,52,1.0,0.0,0.0,0.023809523809523808,0
"org.apache.log4j.Logger.trace(""Expunging completed job "" + job)","org.apache.log4j.Logger.info(""Begin cleanup expired async-jobs"")",18,2,1.0,0.0,0.0,0.058823529411764705,0
"org.apache.log4j.Logger.trace(""Expunging completed job "" + job)","org.apache.log4j.Logger.info(""Remove Job-"" + item.getContentId() + "" from Queue-"" + item.getId() + "" since it has been blocked for too long"")",18,10,1.0,0.0,0.0,0.1111111111111111,0
"org.apache.log4j.Logger.trace(""Expunging completed job "" + job)","org.apache.log4j.Logger.info(""Expunging unfinished job-"" + job.getId())",18,31,1.0,0.0,0.0,0.07142857142857142,0
"org.apache.log4j.Logger.trace(""Expunging completed job "" + job)","org.apache.log4j.Logger.info(""Expunging completed job-"" + job.getId())",18,44,1.0,0.0,0.0,0.037037037037037035,0
"org.apache.log4j.Logger.trace(""Expunging completed job "" + job)","org.apache.log4j.Logger.info(""End cleanup expired async-jobs"")",18,52,1.0,0.0,0.0,0.02857142857142857,0
"org.apache.log4j.Logger.trace(""End cleanup expired async-jobs"")","org.apache.log4j.Logger.info(""Begin cleanup expired async-jobs"")",35,2,1.0,0.0,0.0,0.029411764705882353,0
"org.apache.log4j.Logger.trace(""End cleanup expired async-jobs"")","org.apache.log4j.Logger.info(""Remove Job-"" + item.getContentId() + "" from Queue-"" + item.getId() + "" since it has been blocked for too long"")",35,10,1.0,0.0,0.0,0.038461538461538464,0
"org.apache.log4j.Logger.trace(""End cleanup expired async-jobs"")","org.apache.log4j.Logger.info(""Expunging unfinished job-"" + job.getId())",35,31,1.0,0.0,0.0,0.2,0
"org.apache.log4j.Logger.trace(""End cleanup expired async-jobs"")","org.apache.log4j.Logger.info(""Expunging completed job-"" + job.getId())",35,44,1.0,0.0,0.0,0.1,0
"org.apache.log4j.Logger.trace(""End cleanup expired async-jobs"")","org.apache.log4j.Logger.info(""End cleanup expired async-jobs"")",35,52,1.0,0.0,1.0,0.05555555555555555,0
"com.github.rcaller.rStuff.RCaller.redirectROutputToFile(consoleFileName, true)",com.github.rcaller.rstuff.RCode.create(),6,3,0.3333333333333333,0.16666666666666666,0.0,0.25,0
"com.github.rcaller.rStuff.RCaller.redirectROutputToFile(consoleFileName, true)","com.github.rcaller.rstuff.RCaller.redirectROutputToFile(consoleFileName, true)",6,6,1.0,1.0,1.0,1.0,1
"com.github.rcaller.rStuff.RCaller.redirectROutputToFile(consoleFileName, true)",com.github.rcaller.rstuff.RCaller.setRCode(code),6,7,1.0,0.14285714285714285,0.0,0.5,0
"com.github.rcaller.rStuff.RCaller.redirectROutputToFile(consoleFileName, true)","com.github.rcaller.rstuff.RCaller.runAndReturnResult(""tableOver"")",6,8,1.0,0.0,0.0,0.3333333333333333,0
com.github.rcaller.rStuff.RCaller.setRCode(code),com.github.rcaller.rstuff.RCode.create(),7,3,0.3333333333333333,0.6666666666666666,0.0,0.2,0
com.github.rcaller.rStuff.RCaller.setRCode(code),"com.github.rcaller.rstuff.RCaller.redirectROutputToFile(consoleFileName, true)",7,6,1.0,0.14285714285714285,0.0,0.5,0
com.github.rcaller.rStuff.RCaller.setRCode(code),com.github.rcaller.rstuff.RCaller.setRCode(code),7,7,1.0,1.0,1.0,1.0,1
com.github.rcaller.rStuff.RCaller.setRCode(code),"com.github.rcaller.rstuff.RCaller.runAndReturnResult(""tableOver"")",7,8,1.0,0.0,0.0,0.5,0
"com.github.rcaller.rStuff.RCaller.runAndReturnResult(""tableOver"")",com.github.rcaller.rstuff.RCode.create(),8,3,0.3333333333333333,0.0,0.0,0.16666666666666666,0
"com.github.rcaller.rStuff.RCaller.runAndReturnResult(""tableOver"")","com.github.rcaller.rstuff.RCaller.redirectROutputToFile(consoleFileName, true)",8,6,1.0,0.0,0.0,0.3333333333333333,0
"com.github.rcaller.rStuff.RCaller.runAndReturnResult(""tableOver"")",com.github.rcaller.rstuff.RCaller.setRCode(code),8,7,1.0,0.0,0.0,0.5,0
"com.github.rcaller.rStuff.RCaller.runAndReturnResult(""tableOver"")","com.github.rcaller.rstuff.RCaller.runAndReturnResult(""tableOver"")",8,8,1.0,1.0,1.0,1.0,1
com.github.rcaller.rStuff.RCode.addRCode(getRScript()),com.github.rcaller.rstuff.RCode.addRCode(getRScript()),9,9,1.0,1.0,1.0,1.0,1
org.apache.commons.lang3.StringEscapeUtils.escapeXml(b.toString()),org.apache.commons.lang3.StringEscapeUtils.escapeXml10(b.toString()),100,100,1.0,0.3333333333333333,1.0,1.0,1
"org.apache.commons.lang3.tuple.Pair.of(""CT3"", ""0009763452"")","org.apache.commons.lang3.tuple.Triple.of(""CT3"", ""0009763452"", 1)",5,4,0.0,0.0,0.8,0.5,0
"org.apache.commons.lang3.tuple.Pair.of(""CT3"", ""0009763452"")","org.apache.commons.lang3.tuple.Triple.of(""Rapid Capture Kit bait"", ""0009773452"", 2)",5,4,0.0,0.0,0.0,0.5,0
"org.apache.commons.lang3.tuple.Pair.of(""CT3"", ""0009763452"")","org.apache.commons.lang3.tuple.Triple.of(""Rapid Capture Kit Resuspension Buffer"", ""0009783452"", 3)",5,5,0.0,0.0,0.0,1.0,0
"org.apache.commons.lang3.tuple.Pair.of(""CT3"", ""0009763452"")","org.apache.commons.lang3.tuple.Triple.of(""Dual Index Primers Lot"", ""0009764452"", 4)",5,6,0.0,0.0,0.0,0.5,0
"org.apache.commons.lang3.tuple.Pair.of(""CT3"", ""0009763452"")","org.apache.commons.lang3.tuple.Triple.of(""Rapid Capture Enrichment Amp Lot Barcode"", ""0009765452"", 5)",5,7,0.0,0.0,0.0,0.3333333333333333,0
"org.apache.commons.lang3.tuple.Pair.of(""Rapid Capture Kit bait"", ""0009773452"")","org.apache.commons.lang3.tuple.Triple.of(""CT3"", ""0009763452"", 1)",6,4,0.0,0.0,0.0,0.3333333333333333,0
"org.apache.commons.lang3.tuple.Pair.of(""Rapid Capture Kit bait"", ""0009773452"")","org.apache.commons.lang3.tuple.Triple.of(""Rapid Capture Kit bait"", ""0009773452"", 2)",6,4,0.0,0.0,0.8,0.3333333333333333,0
"org.apache.commons.lang3.tuple.Pair.of(""Rapid Capture Kit bait"", ""0009773452"")","org.apache.commons.lang3.tuple.Triple.of(""Rapid Capture Kit Resuspension Buffer"", ""0009783452"", 3)",6,5,0.0,0.0,0.0,0.5,0
"org.apache.commons.lang3.tuple.Pair.of(""Rapid Capture Kit bait"", ""0009773452"")","org.apache.commons.lang3.tuple.Triple.of(""Dual Index Primers Lot"", ""0009764452"", 4)",6,6,0.0,0.0,0.0,1.0,0
"org.apache.commons.lang3.tuple.Pair.of(""Rapid Capture Kit bait"", ""0009773452"")","org.apache.commons.lang3.tuple.Triple.of(""Rapid Capture Enrichment Amp Lot Barcode"", ""0009765452"", 5)",6,7,0.0,0.0,0.0,0.5,0
"org.apache.commons.lang3.tuple.Pair.of(""Rapid Capture Kit Resuspension Buffer"", ""0009783452"")","org.apache.commons.lang3.tuple.Triple.of(""CT3"", ""0009763452"", 1)",7,4,0.0,0.0,0.0,0.25,0
"org.apache.commons.lang3.tuple.Pair.of(""Rapid Capture Kit Resuspension Buffer"", ""0009783452"")","org.apache.commons.lang3.tuple.Triple.of(""Rapid Capture Kit bait"", ""0009773452"", 2)",7,4,0.0,0.0,0.0,0.25,0
"org.apache.commons.lang3.tuple.Pair.of(""Rapid Capture Kit Resuspension Buffer"", ""0009783452"")","org.apache.commons.lang3.tuple.Triple.of(""Rapid Capture Kit Resuspension Buffer"", ""0009783452"", 3)",7,5,0.0,0.0,0.8,0.3333333333333333,0
"org.apache.commons.lang3.tuple.Pair.of(""Rapid Capture Kit Resuspension Buffer"", ""0009783452"")","org.apache.commons.lang3.tuple.Triple.of(""Dual Index Primers Lot"", ""0009764452"", 4)",7,6,0.0,0.0,0.0,0.5,0
"org.apache.commons.lang3.tuple.Pair.of(""Rapid Capture Kit Resuspension Buffer"", ""0009783452"")","org.apache.commons.lang3.tuple.Triple.of(""Rapid Capture Enrichment Amp Lot Barcode"", ""0009765452"", 5)",7,7,0.0,0.0,0.0,1.0,0
"org.apache.commons.lang3.tuple.Pair.of(""Dual Index Primers Lot"", ""0009764452"")","org.apache.commons.lang3.tuple.Triple.of(""CT3"", ""0009763452"", 1)",10,4,0.0,0.0,0.0,0.14285714285714285,0
"org.apache.commons.lang3.tuple.Pair.of(""Dual Index Primers Lot"", ""0009764452"")","org.apache.commons.lang3.tuple.Triple.of(""Rapid Capture Kit bait"", ""0009773452"", 2)",10,4,0.0,0.0,0.0,0.14285714285714285,0
"org.apache.commons.lang3.tuple.Pair.of(""Dual Index Primers Lot"", ""0009764452"")","org.apache.commons.lang3.tuple.Triple.of(""Rapid Capture Kit Resuspension Buffer"", ""0009783452"", 3)",10,5,0.0,0.0,0.0,0.16666666666666666,0
"org.apache.commons.lang3.tuple.Pair.of(""Dual Index Primers Lot"", ""0009764452"")","org.apache.commons.lang3.tuple.Triple.of(""Dual Index Primers Lot"", ""0009764452"", 4)",10,6,0.0,0.0,0.8,0.2,0
"org.apache.commons.lang3.tuple.Pair.of(""Dual Index Primers Lot"", ""0009764452"")","org.apache.commons.lang3.tuple.Triple.of(""Rapid Capture Enrichment Amp Lot Barcode"", ""0009765452"", 5)",10,7,0.0,0.0,0.0,0.25,0
"org.apache.commons.lang3.tuple.Pair.of(""Rapid Capture Enrichment Amp Lot Barcode"", ""0009765452"")","org.apache.commons.lang3.tuple.Triple.of(""CT3"", ""0009763452"", 1)",11,4,0.0,0.0,0.0,0.125,0
"org.apache.commons.lang3.tuple.Pair.of(""Rapid Capture Enrichment Amp Lot Barcode"", ""0009765452"")","org.apache.commons.lang3.tuple.Triple.of(""Rapid Capture Kit bait"", ""0009773452"", 2)",11,4,0.0,0.0,0.0,0.125,0
"org.apache.commons.lang3.tuple.Pair.of(""Rapid Capture Enrichment Amp Lot Barcode"", ""0009765452"")","org.apache.commons.lang3.tuple.Triple.of(""Rapid Capture Kit Resuspension Buffer"", ""0009783452"", 3)",11,5,0.0,0.0,0.0,0.14285714285714285,0
"org.apache.commons.lang3.tuple.Pair.of(""Rapid Capture Enrichment Amp Lot Barcode"", ""0009765452"")","org.apache.commons.lang3.tuple.Triple.of(""Dual Index Primers Lot"", ""0009764452"", 4)",11,6,0.0,0.0,0.0,0.16666666666666666,0
"org.apache.commons.lang3.tuple.Pair.of(""Rapid Capture Enrichment Amp Lot Barcode"", ""0009765452"")","org.apache.commons.lang3.tuple.Triple.of(""Rapid Capture Enrichment Amp Lot Barcode"", ""0009765452"", 5)",11,7,0.0,0.0,0.8,0.2,0
"org.apache.commons.lang3.StringUtils.contains(currency, ""XXX"")","org.apache.commons.lang3.StringUtils.indexOf(rowText, ""EPS"")",23,29,1.0,0.0,0.0,0.14285714285714285,0
"org.apache.commons.lang3.StringUtils.contains(currency, ""XXX"")","org.apache.commons.lang3.StringUtils.indexOf(rowText, ""Dividend"")",23,32,1.0,0.0,0.0,0.1,0
"org.apache.commons.lang3.StringUtils.replaceAll(secret, ""[^\\x00-\\x7F]"", """")","org.apache.commons.lang3.RegExUtils.replaceAll(secret, ""[^\\x00-\\x7F]"", """")",2,2,0.25,1.0,1.0,1.0,1
org.apache.commons.lang3.StringUtils.isNotBlank(result.getExplanation()),org.apache.commons.lang3.StringUtils.isBlank(user.getClientAddress()),13,4,1.0,0.0,0.0,0.1,0
org.apache.commons.lang3.RandomUtils.nextFloat(),"org.apache.commons.lang3.RandomUtils.nextInt(0, items.length - selectedNumber)",6,6,1.0,0.0,0.0,1.0,0
"org.apache.commons.lang3.StringUtils.join(cmdArray, "" "")",org.apache.commons.lang3.StringUtils.isBlank(params.getAid().getLang()),167,73,1.0,0.0,0.0,0.010526315789473684,0
"org.apache.commons.lang3.StringUtils.replacePattern(mipPath.getFileName().toString(), ""\\.tif(f)?$"", """")","org.apache.commons.lang3.RegExUtils.replacePattern(mipPath.getFileName().toString(), ""\\.tif(f)?$"", """")",3,3,0.25,1.0,1.0,1.0,1
org.apache.commons.lang3.StringUtils.EMPTY.equals(ctx.getBodyAsString()),org.apache.commons.lang3.StringUtils.isEmpty(ctx.body().asString()),15,15,0.6666666666666666,0.0,0.0,1.0,0
org.apache.commons.lang3.math.NumberUtils.isNumber(aNumberAsString),org.apache.commons.lang3.math.NumberUtils.isCreatable(aNumberAsString),5,5,1.0,0.0,1.0,1.0,1
com.amazonaws.services.ec2.AmazonEC2ClientBuilder.defaultClient(),com.amazonaws.services.ec2.AmazonEC2Client.describeSpotInstanceRequests(describe),1,7,0.75,0.0,0.0,0.14285714285714285,0
com.amazonaws.services.ec2.AmazonEC2.describeSpotInstanceRequests(describe),com.amazonaws.services.ec2.AmazonEC2Client.describeSpotInstanceRequests(describe),7,7,0.6666666666666666,1.0,1.0,1.0,0
com.amazonaws.services.ec2.model.IpPermission.getIpRanges(),com.amazonaws.services.ec2.model.IpPermission.getIpv4Ranges(),31,32,1.0,0.3333333333333333,1.0,0.5,1
com.amazonaws.services.ec2.model.IpPermission.getIpRanges(),com.amazonaws.services.ec2.model.IpPermission.getIpv4Ranges(),31,33,1.0,0.3333333333333333,1.0,0.3333333333333333,0
com.amazonaws.services.ec2.model.IpPermission.getIpRanges(),com.amazonaws.services.ec2.model.IpPermission.getIpv4Ranges(),32,32,1.0,0.3333333333333333,1.0,1.0,0
com.amazonaws.services.ec2.model.IpPermission.getIpRanges(),com.amazonaws.services.ec2.model.IpPermission.getIpv4Ranges(),32,33,1.0,0.3333333333333333,1.0,0.5,1
com.amazonaws.services.ec2.AmazonEC2.setRegion(region),com.amazonaws.services.ec2.AmazonEC2ClientBuilder.standard(),32,25,0.5,0.0,0.0,0.125,0
com.amazonaws.services.ec2.AmazonEC2.setRegion(region),com.amazonaws.services.ec2.AmazonEC2ClientBuilder.setRegion(region.getName()),32,33,0.5,1.0,0.0,0.5,1
com.amazonaws.services.ec2.AmazonEC2.setRegion(region),com.amazonaws.services.ec2.AmazonEC2ClientBuilder.withRegion(AnalysisServerConfig.awsRegion),32,35,0.5,0.5,0.0,0.25,0
com.amazonaws.services.ec2.AmazonEC2.setRegion(region),com.amazonaws.services.ec2.AmazonEC2ClientBuilder.build(),32,37,0.5,0.0,0.0,0.16666666666666666,0
com.amazonaws.services.ec2.AmazonEC2Client.setRegion(region),com.amazonaws.services.ec2.AmazonEC2ClientBuilder.standard(),4,3,0.75,0.0,0.0,0.5,0
com.amazonaws.services.ec2.AmazonEC2AsyncClient.setEndpoint(getAWSMockHost() + AWS_EC2_ENDPOINT),com.amazonaws.services.ec2.AmazonEC2AsyncClientBuilder.standard(),14,14,0.8,0.0,0.0,1.0,0
com.amazonaws.services.ec2.AmazonEC2AsyncClient.setEndpoint(getAWSMockHost() + AWS_EC2_ENDPOINT),com.amazonaws.services.ec2.AmazonEC2AsyncClientBuilder.setEndpointConfiguration(endpointConfiguration),14,27,0.8,0.5,0.0,0.07142857142857142,1
com.amazonaws.services.ec2.AmazonEC2AsyncClient.setEndpoint(getAWSMockHost() + AWS_EC2_ENDPOINT),com.amazonaws.services.ec2.AmazonEC2AsyncClientBuilder.setRegion(region),14,29,0.8,0.0,0.0,0.0625,0
com.amazonaws.services.ec2.AmazonEC2AsyncClient.setEndpoint(getAWSMockHost() + AWS_EC2_ENDPOINT),com.amazonaws.services.ec2.AmazonEC2AsyncClientBuilder.build(),14,32,0.8,0.0,0.0,0.05263157894736842,0
com.amazonaws.services.ec2.AmazonEC2AsyncClient.setRegion(Region.getRegion(Regions.fromName(region))),com.amazonaws.services.ec2.AmazonEC2AsyncClientBuilder.standard(),18,14,0.8,0.0,0.0,0.2,0
com.amazonaws.services.ec2.AmazonEC2AsyncClient.setRegion(Region.getRegion(Regions.fromName(region))),com.amazonaws.services.ec2.AmazonEC2AsyncClientBuilder.setEndpointConfiguration(endpointConfiguration),18,27,0.8,0.0,0.0,0.1,0
com.amazonaws.services.ec2.AmazonEC2AsyncClient.setRegion(Region.getRegion(Regions.fromName(region))),com.amazonaws.services.ec2.AmazonEC2AsyncClientBuilder.setRegion(region),18,29,0.8,1.0,0.0,0.08333333333333333,1
com.amazonaws.services.ec2.AmazonEC2AsyncClient.setRegion(Region.getRegion(Regions.fromName(region))),com.amazonaws.services.ec2.AmazonEC2AsyncClientBuilder.build(),18,32,0.8,0.0,0.0,0.06666666666666667,0
com.amazonaws.services.ec2.AmazonEC2Client.describeInstances(new DescribeInstancesRequest().withInstanceIds(autoScalingGroup.getInstances().stream().map(Instance::getInstanceId).collect(Collectors.toList()))),com.amazonaws.services.ec2.AmazonEC2.describeInstances(new DescribeInstancesRequest().withInstanceIds(autoScalingGroup.getInstances().stream().map(Instance::getInstanceId).collect(Collectors.toList()))),14,14,0.6666666666666666,1.0,1.0,1.0,0
"com.amazonaws.services.ec2.AmazonEC2Client.describeInstanceStatus(new DescribeInstanceStatusRequest()
            // Note that sending in an empty set will result in fetching _all_ instance Ids.
            // It requires you to send one or more EC2 Ids
            .withInstanceIds(virtualInstanceIdsByEC2InstanceId.keySet())
            .withIncludeAllInstances(true))","com.amazonaws.services.ec2.AmazonEC2AsyncClient.describeInstanceStatus(new DescribeInstanceStatusRequest()
            // Note that sending in an empty set will result in fetching _all_ instance Ids.
            // It requires you to send one or more EC2 Ids
            .withInstanceIds(virtualInstanceIdsByEC2InstanceId.keySet())
            .withIncludeAllInstances(true))",17,17,0.0,1.0,1.0,1.0,0
"com.amazonaws.services.ec2.AmazonEC2Client.describeInstanceStatus(new DescribeInstanceStatusRequest()
            // Note that sending in an empty set will result in fetching _all_ instance Ids.
            // It requires you to send one or more EC2 Ids
            .withInstanceIds(virtualInstanceIdsByEC2InstanceId.keySet())
            .withIncludeAllInstances(true))","com.amazonaws.services.ec2.AmazonEC2AsyncClient.describeInstanceStatus(new DescribeInstanceStatusRequest()
            .withNextToken(nextToken))",17,41,0.0,1.0,0.0,0.04,0
"com.amazonaws.services.ec2.AmazonEC2Client.describeInstanceStatus(new DescribeInstanceStatusRequest()
            .withNextToken(nextToken))","com.amazonaws.services.ec2.AmazonEC2AsyncClient.describeInstanceStatus(new DescribeInstanceStatusRequest()
            // Note that sending in an empty set will result in fetching _all_ instance Ids.
            // It requires you to send one or more EC2 Ids
            .withInstanceIds(virtualInstanceIdsByEC2InstanceId.keySet())
            .withIncludeAllInstances(true))",41,17,0.0,1.0,0.0,0.04,0
"com.amazonaws.services.ec2.AmazonEC2Client.describeInstanceStatus(new DescribeInstanceStatusRequest()
            .withNextToken(nextToken))","com.amazonaws.services.ec2.AmazonEC2AsyncClient.describeInstanceStatus(new DescribeInstanceStatusRequest()
            .withNextToken(nextToken))",41,41,0.0,1.0,1.0,1.0,0
com.amazonaws.services.ec2.AmazonEC2Client.terminateInstances(new TerminateInstancesRequest().withInstanceIds(ec2InstanceIds)),com.amazonaws.services.ec2.AmazonEC2AsyncClient.terminateInstances(new TerminateInstancesRequest().withInstanceIds(ec2InstanceIds)),20,20,0.0,1.0,1.0,1.0,0
"com.amazonaws.services.ec2.AmazonEC2Client.importKeyPair(new ImportKeyPairRequest().withKeyName(keyName).withPublicKeyMaterial(
              BaseEncoding.base64().encode(publicKey.getEncoded())))","com.amazonaws.services.ec2.AmazonEC2AsyncClient.importKeyPair(new ImportKeyPairRequest().withKeyName(keyName).withPublicKeyMaterial(
              BaseEncoding.base64().encode(publicKey.getEncoded())))",25,25,0.0,1.0,1.0,1.0,0
"org.slf4j.Logger.debug(""ApplicationResource.getAccessTokenPost"")",org.slf4j.Logger.isTraceEnabled(),12,12,1.0,0.0,0.0,1.0,0
"org.slf4j.Logger.debug(""ApplicationResource.getAccessTokenPost"")","org.slf4j.Logger.trace(""ApplicationResource.getAccessTokenPost"")",12,13,1.0,0.0,1.0,0.5,0
"org.slf4j.Logger.error(""Impossible to create BasicOCSPResp from ASN1Sequence!"", e)","org.slf4j.Logger.warn(""Impossible to create BasicOCSPResp from ASN1Sequence!"", e)",6,6,1.0,0.0,1.0,1.0,0
org.slf4j.LoggerFactory.getLogger(getClass()),"org.slf4j.Logger.warn(""KReS :: ontology document IRI "" + physicalIRI
								+ "" matches a malformed URI pattern."", e)",18,18,0.5,0.0,0.0,1.0,0
org.slf4j.LoggerFactory.getLogger(getClass()),"org.slf4j.Logger.warn(""KReS :: ontology "" + e.getOntologyID()
							+ "" exists and will not be reloaded."", e)",18,34,0.5,0.0,0.0,0.058823529411764705,0
org.slf4j.LoggerFactory.getLogger(getClass()),"org.slf4j.Logger.error(""KReS :: Could not load ontology "" + physicalIRI + "" ."", e)",18,38,0.5,0.0,0.0,0.047619047619047616,0
org.slf4j.LoggerFactory.getLogger(getClass()),"org.slf4j.Logger.warn(""KReS :: ontology document IRI "" + physicalIRI
								+ "" matches a malformed URI pattern."", e)",36,18,0.5,0.0,0.0,0.05263157894736842,0
org.slf4j.LoggerFactory.getLogger(getClass()),"org.slf4j.Logger.warn(""KReS :: ontology "" + e.getOntologyID()
							+ "" exists and will not be reloaded."", e)",36,34,0.5,0.0,0.0,0.3333333333333333,0
org.slf4j.LoggerFactory.getLogger(getClass()),"org.slf4j.Logger.error(""KReS :: Could not load ontology "" + physicalIRI + "" ."", e)",36,38,0.5,0.0,0.0,0.3333333333333333,0
org.slf4j.LoggerFactory.getLogger(getClass()),"org.slf4j.Logger.warn(""KReS :: ontology document IRI "" + physicalIRI
								+ "" matches a malformed URI pattern."", e)",41,18,0.5,0.0,0.0,0.041666666666666664,0
org.slf4j.LoggerFactory.getLogger(getClass()),"org.slf4j.Logger.warn(""KReS :: ontology "" + e.getOntologyID()
							+ "" exists and will not be reloaded."", e)",41,34,0.5,0.0,0.0,0.125,0
org.slf4j.LoggerFactory.getLogger(getClass()),"org.slf4j.Logger.error(""KReS :: Could not load ontology "" + physicalIRI + "" ."", e)",41,38,0.5,0.0,0.0,0.25,0
org.slf4j.Logger.isDebugEnabled(),org.slf4j.Logger.isTraceEnabled(),6,6,1.0,0.0,1.0,1.0,0
org.slf4j.Logger.isDebugEnabled(),"org.slf4j.Logger.trace(""isCollectionMember(): Checking for edge type {} from {}:{} to {}:{}"", collectionName, headEntity.getType(), headEntity.getUuid(), entity.getType(), entity.getUuid())",6,7,1.0,0.0,0.0,0.5,0
"org.slf4j.Logger.debug(""isCollectionMember(): Checking for edge type {} from {}:{} to {}:{}"", new Object[]{
                collectionName, headEntity.getType(), headEntity.getUuid(), entity.getType(), entity.getUuid()
            })",org.slf4j.Logger.isTraceEnabled(),7,6,1.0,0.0,0.0,0.5,0
"org.slf4j.Logger.debug(""isCollectionMember(): Checking for edge type {} from {}:{} to {}:{}"", new Object[]{
                collectionName, headEntity.getType(), headEntity.getUuid(), entity.getType(), entity.getUuid()
            })","org.slf4j.Logger.trace(""isCollectionMember(): Checking for edge type {} from {}:{} to {}:{}"", collectionName, headEntity.getType(), headEntity.getUuid(), entity.getType(), entity.getUuid())",7,7,1.0,0.0,0.25,1.0,0
"org.slf4j.Logger.info(""ForceLedger did not succeed: Ledger {} on {}"", ledgerId, addr)","org.slf4j.Logger.error(""ForceLedger did not succeed: Ledger {} on {}"", ledgerId, addr)",30,30,1.0,0.0,1.0,1.0,0
org.slf4j.Logger.atTrace(),org.slf4j.Logger.isTraceEnabled(),2,2,1.0,0.3333333333333333,1.0,1.0,0
org.slf4j.Logger.atTrace(),"org.slf4j.Logger.trace(""DriverManager [{}] [SQLite EXEC] {}"", Thread.currentThread().getName(), sql)",2,3,1.0,1.0,0.0,0.5,0
org.slf4j.LoggerFactory.getLogger(OSClientSession.class),"org.slf4j.Logger.error(e.getMessage(), e)",6,6,0.5,0.0,0.0,1.0,0
org.slf4j.Logger.isInfoEnabled(),"org.slf4j.Logger.debug(""Avro schema: {}"", s)",10,31,1.0,0.0,0.0,0.045454545454545456,0
org.slf4j.Logger.isInfoEnabled(),"org.slf4j.Logger.debug(""Avro schema: {}"", s)",24,31,1.0,0.0,0.0,0.125,0
org.slf4j.Logger.isDebugEnabled(),org.slf4j.ext.XLogger.isDebugEnabled(),18,18,0.5,1.0,1.0,1.0,0
org.slf4j.Logger.isDebugEnabled(),"org.slf4j.ext.XLogger.debug(""{}: {}"", prof.getName(), prof.getRating())",18,20,0.5,0.5,0.0,0.3333333333333333,0
"org.slf4j.Logger.debug(""{}: {}"", prof.getName(), prof.getRating())",org.slf4j.ext.XLogger.isDebugEnabled(),20,18,0.5,0.3333333333333333,0.0,0.3333333333333333,0
"org.slf4j.Logger.debug(""{}: {}"", prof.getName(), prof.getRating())","org.slf4j.ext.XLogger.debug(""{}: {}"", prof.getName(), prof.getRating())",20,20,0.5,1.0,1.0,1.0,0
com.vaadin.ui.Button.setStyleName(BaseTheme.BUTTON_LINK),com.vaadin.ui.Button.addStyleName(BaseTheme.BUTTON_LINK),9,9,1.0,0.0,1.0,1.0,0
"com.vaadin.ui.Embedded.setWidth("""" + (int)(this.getWidth()-margin) + ""px"")",com.vaadin.ui.Embedded.setSizeFull(),13,9,1.0,0.0,0.0,0.2,0
"com.vaadin.ui.Embedded.setHeight("""" + (int)(this.getHeight() - topHeight - margin) + ""px"")",com.vaadin.ui.Embedded.setSizeFull(),14,9,1.0,0.0,0.0,0.16666666666666666,0
com.vaadin.server.UIClassSelectionEvent.getRequest(),com.vaadin.ui.UI.getUIId(),3,15,0.25,0.0,1.0,0.07692307692307693,0
com.vaadin.ui.TreeTable.getChildren(parentId),com.vaadin.ui.TextField.getValue(),3,6,0.0,0.0,0.0,0.25,0
com.vaadin.ui.TreeTable.getItem(aCol),com.vaadin.ui.TextField.getValue(),8,6,0.0,0.0,0.0,0.3333333333333333,0
com.vaadin.data.Item.getItemProperty(Buttons.START.getButtonLabel()),com.vaadin.ui.TextField.getValue(),10,6,0.0,0.0,0.0,0.2,0
"com.vaadin.ui.Button.addStyleName(""default"")",com.vaadin.ui.TextField.getValue(),13,6,0.0,0.0,0.0,0.125,0
com.vaadin.ui.Button.click(),com.vaadin.ui.TextField.getValue(),14,6,0.0,0.0,1.0,0.1111111111111111,0
com.vaadin.ui.TreeTable.getChildren(parentId),com.vaadin.ui.TextField.getValue(),3,6,0.0,0.0,0.0,0.25,0
com.vaadin.ui.TreeTable.getItem(aCol),com.vaadin.ui.TextField.getValue(),8,6,0.0,0.0,0.0,0.3333333333333333,0
com.vaadin.data.Item.getItemProperty(Buttons.STOP.getButtonLabel()),com.vaadin.ui.TextField.getValue(),10,6,0.0,0.0,0.0,0.2,0
"com.vaadin.ui.Button.addStyleName(""default"")",com.vaadin.ui.TextField.getValue(),13,6,0.0,0.0,0.0,0.125,0
com.vaadin.ui.Button.click(),com.vaadin.ui.TextField.getValue(),14,6,0.0,0.0,1.0,0.1111111111111111,0
com.vaadin.ui.Button.setEnabled(false),com.vaadin.ui.TextField.getValue(),6,6,0.0,0.0,0.0,1.0,0
com.vaadin.ui.Button.setEnabled(false),com.vaadin.ui.TextField.getValue(),7,6,0.0,0.0,0.0,0.5,0
com.vaadin.ui.Embedded.setVisible(true),com.vaadin.ui.TextField.getValue(),8,6,0.0,0.0,0.0,0.3333333333333333,0
com.vaadin.ui.Button.setEnabled(false),com.vaadin.ui.TextField.getValue(),6,6,0.0,0.0,0.0,1.0,0
com.vaadin.ui.Button.setEnabled(false),com.vaadin.ui.TextField.getValue(),7,6,0.0,0.0,0.0,0.5,0
com.vaadin.ui.Embedded.setVisible(true),com.vaadin.ui.TextField.getValue(),8,6,0.0,0.0,0.0,0.3333333333333333,0
com.vaadin.ui.Button.setEnabled(false),com.vaadin.ui.TextField.getValue(),53,6,0.0,0.0,0.0,0.020833333333333332,0
com.vaadin.ui.Button.setEnabled(false),com.vaadin.ui.TextField.getValue(),54,6,0.0,0.0,0.0,0.02040816326530612,0
com.vaadin.ui.Button.setEnabled(false),com.vaadin.ui.TextField.getValue(),55,6,0.0,0.0,0.0,0.02,0
com.vaadin.ui.Embedded.setVisible(true),com.vaadin.ui.TextField.getValue(),56,6,0.0,0.0,0.0,0.0196078431372549,0
org.apache.wicket.ajax.AjaxRequestTarget.addComponent(tabList.get(selectedIndex).setSelected(false)),org.apache.wicket.ajax.AjaxRequestTarget.add(tabList.get(selectedIndex).setSelected(false)),4,4,1.0,0.0,1.0,1.0,1
org.apache.wicket.ajax.AjaxRequestTarget.addComponent(tabList.get(selectedIndex).setSelected(false)),org.apache.wicket.ajax.AjaxRequestTarget.add(tabContents),4,8,1.0,0.0,0.0,0.2,0
org.apache.wicket.ajax.AjaxRequestTarget.addComponent(tabList.get(selectedIndex).setSelected(false)),org.apache.wicket.ajax.AjaxRequestTarget.add(selectedTab),4,9,1.0,0.0,0.0,0.16666666666666666,0
org.apache.wicket.ajax.AjaxRequestTarget.addComponent(tabContents),org.apache.wicket.ajax.AjaxRequestTarget.add(tabList.get(selectedIndex).setSelected(false)),8,4,1.0,0.0,0.0,0.2,0
org.apache.wicket.ajax.AjaxRequestTarget.addComponent(tabContents),org.apache.wicket.ajax.AjaxRequestTarget.add(tabContents),8,8,1.0,0.0,1.0,1.0,1
org.apache.wicket.ajax.AjaxRequestTarget.addComponent(tabContents),org.apache.wicket.ajax.AjaxRequestTarget.add(selectedTab),8,9,1.0,0.0,0.0,0.5,0
org.apache.wicket.ajax.AjaxRequestTarget.addComponent(selectedTab),org.apache.wicket.ajax.AjaxRequestTarget.add(tabList.get(selectedIndex).setSelected(false)),9,4,1.0,0.0,0.0,0.16666666666666666,0
org.apache.wicket.ajax.AjaxRequestTarget.addComponent(selectedTab),org.apache.wicket.ajax.AjaxRequestTarget.add(tabContents),9,8,1.0,0.0,0.0,0.5,0
org.apache.wicket.ajax.AjaxRequestTarget.addComponent(selectedTab),org.apache.wicket.ajax.AjaxRequestTarget.add(selectedTab),9,9,1.0,0.0,1.0,1.0,1
org.apache.wicket.ajax.AjaxRequestTarget.get(),org.apache.wicket.request.cycle.RequestCycle.get(),6,6,0.25,1.0,1.0,1.0,0
org.apache.wicket.markup.html.basic.Label.setOutputMarkupId(true),org.apache.wicket.markup.html.WebMarkupContainer.setOutputMarkupId(true),27,2,0.0,1.0,1.0,0.038461538461538464,0
org.apache.wicket.ajax.json.JSONObject.valueToString(ret),org.apache.wicket.ajax.json.JSONObject.wrap(ret),10,10,1.0,0.0,1.0,1.0,1
org.apache.wicket.ajax.markup.html.AjaxLink.add(link),"org.apache.wicket.markup.html.navigation.paging.PagingNavigationLink.add(new BootstrapPagingNavigationFirstLastLinkBehavior(
                pageable, link, getCssClass()))",38,5,0.25,1.0,0.0,0.029411764705882353,0
org.apache.wicket.markup.html.navigation.paging.IPageable.getCurrentPage(),"org.apache.wicket.markup.html.navigation.paging.PagingNavigationLink.add(new BootstrapPagingNavigationFirstLastLinkBehavior(
                pageable, link, getCssClass()))",41,5,0.0,0.0,0.0,0.02702702702702703,0
"org.apache.wicket.ajax.markup.html.AjaxLink.add(new AttributeModifier(""class"",
                new BootstrapPageLinkCssModel(
                        pageable, pageIndex, ""disabled"")))","org.apache.wicket.markup.html.navigation.paging.PagingNavigationLink.add(new BootstrapPagingNavigationFirstLastLinkBehavior(
                pageable, link, getCssClass()))",42,5,0.25,1.0,0.0,0.02631578947368421,0
org.apache.wicket.model.IModel.getObject(),org.apache.wicket.core.util.string.JavaScriptUtils.escapeQuotes(firstViolation.getMessage().getObject()),5,18,0.0,0.0,0.0,0.07142857142857142,0
org.apache.wicket.model.IModel.getObject(),org.apache.wicket.core.util.string.JavaScriptUtils.escapeQuotes(firstViolation.getMessage().getObject()),6,18,0.0,0.0,0.0,0.07692307692307693,0
org.apache.wicket.settings.IResourceSettings.getLocalizer(),org.apache.wicket.settings.ResourceSettings.getLocalizer(),4,4,0.6666666666666666,1.0,1.0,1.0,1
"org.apache.wicket.markup.html.IHeaderResponse.renderOnDomReadyJavaScript(""InfiniteScroll.getFromContainer('""+getMarkupId()+""').setUrls('""+upBehavior.getCallbackUrl()+""', '""+downBehavior.getCallbackUrl()+""')"")","org.apache.wicket.markup.head.IHeaderResponse.render(OnDomReadyHeaderItem.forScript(""InfiniteScroll.getFromContainer('""+getMarkupId()+""').setUrls('""+upBehavior.getCallbackUrl()+""', '""+downBehavior.getCallbackUrl()+""')""))",4,4,1.0,0.2,0.0,1.0,1
"org.apache.wicket.markup.html.IHeaderResponse.renderOnDomReadyJavaScript(""InfiniteScroll.getFromContainer('""+getMarkupId()+""').setUrls('""+upBehavior.getCallbackUrl()+""', '""+downBehavior.getCallbackUrl()+""')"")","org.apache.wicket.markup.head.OnDomReadyHeaderItem.forScript(""InfiniteScroll.getFromContainer('""+getMarkupId()+""').setUrls('""+upBehavior.getCallbackUrl()+""', '""+downBehavior.getCallbackUrl()+""')"")",4,4,0.14285714285714285,0.2,1.0,1.0,0
org.apache.wicket.ajax.markup.html.AjaxFallbackLink.setVisible(!isCurrentUser),org.apache.wicket.ajax.markup.html.AjaxLink.setVisible(!isCurrentUser),16,16,0.6666666666666666,1.0,1.0,1.0,0
"io.appium.java_client.android.AndroidDriver.findElementById(""com.android.calculator2:id/digit_2"")","io.appium.java_client.ios.IOSDriver.findElementByAccessibilityId(""apple_first_input"")",15,16,0.3333333333333333,0.6666666666666666,0.0,0.5,0
"io.appium.java_client.android.AndroidDriver.findElementById(""com.android.calculator2:id/digit_2"")","io.appium.java_client.MobileElement.sendKeys(""10"")",15,19,0.0,0.0,0.0,0.2,0
"io.appium.java_client.android.AndroidDriver.findElementById(""com.android.calculator2:id/digit_2"")","io.appium.java_client.ios.IOSDriver.findElementByAccessibilityId(""apple_second_input"")",15,22,0.3333333333333333,0.6666666666666666,0.0,0.125,0
"io.appium.java_client.android.AndroidDriver.findElementById(""com.android.calculator2:id/digit_2"")","io.appium.java_client.MobileElement.sendKeys(""20"")",15,25,0.0,0.0,0.0,0.09090909090909091,0
"io.appium.java_client.android.AndroidDriver.findElementById(""com.android.calculator2:id/digit_2"")","io.appium.java_client.ios.IOSDriver.findElementByAccessibilityId(""apple-sum-button"")",15,28,0.3333333333333333,0.6666666666666666,0.0,0.07142857142857142,0
"io.appium.java_client.android.AndroidDriver.findElementById(""com.android.calculator2:id/digit_2"")","io.appium.java_client.ios.IOSDriver.findElementByAccessibilityId(""apple_result_text"")",15,34,0.3333333333333333,0.6666666666666666,0.0,0.05,0
"io.appium.java_client.android.AndroidDriver.findElementByAccessibilityId(""plus"")","io.appium.java_client.ios.IOSDriver.findElementByAccessibilityId(""apple_first_input"")",21,16,0.3333333333333333,1.0,0.0,0.16666666666666666,0
"io.appium.java_client.android.AndroidDriver.findElementByAccessibilityId(""plus"")","io.appium.java_client.MobileElement.sendKeys(""10"")",21,19,0.0,0.0,0.0,0.3333333333333333,0
"io.appium.java_client.android.AndroidDriver.findElementByAccessibilityId(""plus"")","io.appium.java_client.ios.IOSDriver.findElementByAccessibilityId(""apple_second_input"")",21,22,0.3333333333333333,1.0,0.0,0.5,0
"io.appium.java_client.android.AndroidDriver.findElementByAccessibilityId(""plus"")","io.appium.java_client.MobileElement.sendKeys(""20"")",21,25,0.0,0.0,0.0,0.2,0
"io.appium.java_client.android.AndroidDriver.findElementByAccessibilityId(""plus"")","io.appium.java_client.ios.IOSDriver.findElementByAccessibilityId(""apple-sum-button"")",21,28,0.3333333333333333,1.0,0.0,0.125,0
"io.appium.java_client.android.AndroidDriver.findElementByAccessibilityId(""plus"")","io.appium.java_client.ios.IOSDriver.findElementByAccessibilityId(""apple_result_text"")",21,34,0.3333333333333333,1.0,0.0,0.07142857142857142,0
"io.appium.java_client.android.AndroidDriver.findElementById(""com.android.calculator2:id/result"")","io.appium.java_client.ios.IOSDriver.findElementByAccessibilityId(""apple_first_input"")",30,16,0.3333333333333333,0.6666666666666666,0.0,0.06666666666666667,0
"io.appium.java_client.android.AndroidDriver.findElementById(""com.android.calculator2:id/result"")","io.appium.java_client.MobileElement.sendKeys(""10"")",30,19,0.0,0.0,0.0,0.08333333333333333,0
"io.appium.java_client.android.AndroidDriver.findElementById(""com.android.calculator2:id/result"")","io.appium.java_client.ios.IOSDriver.findElementByAccessibilityId(""apple_second_input"")",30,22,0.3333333333333333,0.6666666666666666,0.0,0.1111111111111111,0
"io.appium.java_client.android.AndroidDriver.findElementById(""com.android.calculator2:id/result"")","io.appium.java_client.MobileElement.sendKeys(""20"")",30,25,0.0,0.0,0.0,0.16666666666666666,0
"io.appium.java_client.android.AndroidDriver.findElementById(""com.android.calculator2:id/result"")","io.appium.java_client.ios.IOSDriver.findElementByAccessibilityId(""apple-sum-button"")",30,28,0.3333333333333333,0.6666666666666666,0.0,0.3333333333333333,0
"io.appium.java_client.android.AndroidDriver.findElementById(""com.android.calculator2:id/result"")","io.appium.java_client.ios.IOSDriver.findElementByAccessibilityId(""apple_result_text"")",30,34,0.3333333333333333,0.6666666666666666,0.0,0.2,0
io.appium.java_client.TouchAction.tap(new TapOptions().withElement(new ElementOption().withElement(campusOptionElement))),"io.appium.java_client.AppiumDriver.findElement(By.xpath(""//*[@resource-id='android:id/text1' and contains(@text,'"" + campusName + ""')]""))",2,2,0.0,0.0,0.0,1.0,0
"io.appium.java_client.android.AndroidDriver.findElement(By.xpath(""//*[@resource-id='android:id/text1' and contains(@text,'"" + campusName + ""')]""))","io.appium.java_client.AppiumDriver.findElement(By.xpath(""//*[@resource-id='android:id/text1' and contains(@text,'"" + campusName + ""')]""))",9,2,0.3333333333333333,1.0,1.0,0.125,0
io.appium.java_client.android.AndroidDriver.switchTo(),io.appium.java_client.AppiumDriver.switchTo(),1,1,0.3333333333333333,1.0,1.0,1.0,0
"io.appium.java_client.MobileBy.AccessibilityId(""Browser"")","io.appium.java_client.AppiumBy.accessibilityId(""Browser"")",1,2,0.3333333333333333,1.0,1.0,0.5,1
io.appium.java_client.android.AndroidDriver.manage(),io.appium.java_client.AppiumDriver.manage(),2,2,0.3333333333333333,1.0,1.0,1.0,0
io.appium.java_client.android.AndroidDriver.manage(),io.appium.java_client.AppiumDriver.perform(Arrays.asList(sequence)),2,18,0.3333333333333333,0.0,0.0,0.058823529411764705,0
"io.appium.java_client.TouchAction.press(point(start_X, y))",io.appium.java_client.AppiumDriver.manage(),11,2,0.0,0.0,0.0,0.1,0
"io.appium.java_client.TouchAction.press(point(start_X, y))",io.appium.java_client.AppiumDriver.perform(Arrays.asList(sequence)),11,18,0.0,0.0,0.0,0.125,0
"io.appium.java_client.touch.offset.PointOption.point(start_X, y)",io.appium.java_client.AppiumDriver.manage(),11,2,0.0,0.0,0.0,0.1,0
"io.appium.java_client.touch.offset.PointOption.point(start_X, y)",io.appium.java_client.AppiumDriver.perform(Arrays.asList(sequence)),11,18,0.0,0.0,0.0,0.125,0
io.appium.java_client.touch.WaitOptions.waitOptions(ofMillis(800)),io.appium.java_client.AppiumDriver.manage(),12,2,0.0,0.0,0.0,0.09090909090909091,0
io.appium.java_client.touch.WaitOptions.waitOptions(ofMillis(800)),io.appium.java_client.AppiumDriver.perform(Arrays.asList(sequence)),12,18,0.0,0.0,0.0,0.14285714285714285,0
"io.appium.java_client.touch.offset.PointOption.point(end_X, y)",io.appium.java_client.AppiumDriver.manage(),13,2,0.0,0.0,0.0,0.08333333333333333,0
"io.appium.java_client.touch.offset.PointOption.point(end_X, y)",io.appium.java_client.AppiumDriver.perform(Arrays.asList(sequence)),13,18,0.0,0.0,0.0,0.16666666666666666,0
org.apache.http.client.HttpClient.getParams(),org.apache.http.client.config.RequestConfig.custom(),3,9,0.0,0.0,1.0,0.14285714285714285,0
org.apache.http.client.HttpClient.getParams(),org.apache.http.impl.client.HttpClientBuilder.create(),3,11,0.6666666666666666,0.0,1.0,0.1111111111111111,0
"org.apache.http.conn.params.ConnRouteParams.setDefaultProxy(params, proxy)",org.apache.http.client.config.RequestConfig.custom(),14,9,0.0,0.0,0.0,0.16666666666666666,0
"org.apache.http.conn.params.ConnRouteParams.setDefaultProxy(params, proxy)",org.apache.http.impl.client.HttpClientBuilder.create(),14,11,0.0,0.0,0.0,0.25,0
org.apache.http.client.HttpClient.getConnectionManager(),org.apache.http.client.config.RequestConfig.custom(),18,9,0.0,0.0,1.0,0.1,0
org.apache.http.client.HttpClient.getConnectionManager(),org.apache.http.impl.client.HttpClientBuilder.create(),18,11,0.6666666666666666,0.0,1.0,0.125,0
org.apache.http.impl.client.DefaultHttpClient.execute(httpPost),org.apache.http.impl.client.CloseableHttpClient.execute(httpPost),14,14,0.5,1.0,1.0,1.0,1
org.apache.http.impl.client.DefaultHttpClient.getConnectionManager(),org.apache.http.impl.client.HttpClients.custom(),6,2,0.25,0.0,1.0,0.2,0
org.apache.http.impl.client.DefaultHttpClient.setRoutePlanner(routePlanner),org.apache.http.impl.client.HttpClients.custom(),9,2,0.25,0.0,0.0,0.125,0
"org.apache.http.impl.client.DefaultHttpClient.addResponseInterceptor(new HttpResponseInterceptor() {
            @Override
            public void process(HttpResponse response, HttpContext context) throws HttpException, IOException {
                if (response.containsHeader(""Location"")) {
                    Header[] locations = response.getHeaders(""Location"");
                    if (locations.length > 0) {
                        URL location = new URL(locations[0].getValue());
                        context.setAttribute(LAST_REDIRECT_URL, location);
                    }
                }
            }
        })",org.apache.http.impl.client.HttpClients.custom(),12,2,0.25,0.0,0.0,0.09090909090909091,0
org.apache.http.impl.client.HttpClientBuilder.setHostnameVerifier(SSLConnectionSocketFactory.ALLOW_ALL_HOSTNAME_VERIFIER),org.apache.http.impl.client.HttpClientBuilder.setSSLHostnameVerifier(SSLConnectionSocketFactory.ALLOW_ALL_HOSTNAME_VERIFIER),4,4,1.0,0.6666666666666666,1.0,1.0,1
"org.apache.http.impl.client.DefaultHttpClient.addRequestInterceptor(new HttpRequestInterceptor()
		{
			public void process(final HttpRequest r, final HttpContext context) throws HttpException, IOException
			{
				assertNotNull(r.getHeaders(HttpHeaders.AUTHORIZATION));
				assertEquals(1, r.getHeaders(HttpHeaders.AUTHORIZATION).length);
				client.removeRequestInterceptorByClass(this.getClass());
			}
		})",org.apache.http.impl.client.HttpClientBuilder.create(),4,3,0.5,0.0,0.0,0.5,0
"org.apache.http.impl.client.DefaultHttpClient.addRequestInterceptor(new HttpRequestInterceptor()
		{
			public void process(final HttpRequest r, final HttpContext context) throws HttpException, IOException
			{
				assertNotNull(r.getHeaders(HttpHeaders.AUTHORIZATION));
				assertEquals(1, r.getHeaders(HttpHeaders.AUTHORIZATION).length);
				client.removeRequestInterceptorByClass(this.getClass());
			}
		})","org.apache.http.impl.client.HttpClientBuilder.addInterceptorFirst(new HttpRequestInterceptor()
		{
			public void process(final HttpRequest r, final HttpContext context) throws HttpException, IOException
			{
				assertNotNull(r.getHeaders(HttpHeaders.AUTHORIZATION));
				assertEquals(1, r.getHeaders(HttpHeaders.AUTHORIZATION).length);
				//client.removeRequestInterceptorByClass(this.getClass());
			}
		})",4,4,0.5,0.3333333333333333,0.0,1.0,1
org.apache.http.impl.client.HttpClients.createDefault(),org.apache.http.client.entity.EntityBuilder.create(),1,4,0.0,0.0,1.0,0.25,0
org.apache.http.impl.client.HttpClients.createDefault(),org.apache.http.client.methods.CloseableHttpResponse.getStatusLine(),1,12,0.25,0.0,1.0,0.08333333333333333,0
org.apache.http.impl.client.HttpClients.createDefault(),org.apache.http.client.methods.CloseableHttpResponse.getStatusLine(),1,13,0.25,0.0,1.0,0.07692307692307693,0
org.apache.http.impl.client.HttpClients.createDefault(),org.apache.http.client.methods.CloseableHttpResponse.getStatusLine(),1,14,0.25,0.0,1.0,0.07142857142857142,0
org.apache.http.impl.client.HttpClients.createDefault(),org.apache.http.client.methods.CloseableHttpResponse.getEntity(),1,16,0.25,0.0,1.0,0.0625,0
"org.apache.http.client.methods.HttpPost.setHeader(""Content-type"", ""application/x-www-form-urlencoded;charset=UTF-8"")",org.apache.http.client.entity.EntityBuilder.create(),10,4,0.0,0.0,0.0,0.14285714285714285,0
"org.apache.http.client.methods.HttpPost.setHeader(""Content-type"", ""application/x-www-form-urlencoded;charset=UTF-8"")",org.apache.http.client.methods.CloseableHttpResponse.getStatusLine(),10,12,0.25,0.0,0.0,0.3333333333333333,0
"org.apache.http.client.methods.HttpPost.setHeader(""Content-type"", ""application/x-www-form-urlencoded;charset=UTF-8"")",org.apache.http.client.methods.CloseableHttpResponse.getStatusLine(),10,13,0.25,0.0,0.0,0.25,0
"org.apache.http.client.methods.HttpPost.setHeader(""Content-type"", ""application/x-www-form-urlencoded;charset=UTF-8"")",org.apache.http.client.methods.CloseableHttpResponse.getStatusLine(),10,14,0.25,0.0,0.0,0.2,0
"org.apache.http.client.methods.HttpPost.setHeader(""Content-type"", ""application/x-www-form-urlencoded;charset=UTF-8"")",org.apache.http.client.methods.CloseableHttpResponse.getEntity(),10,16,0.25,0.0,0.0,0.14285714285714285,0
"graphql.execution.ExecutionPath.parse(""/container"")","graphql.execution.ResultPath.parse(""/container"")",40,40,0.3333333333333333,1.0,1.0,1.0,1
"graphql.execution.ExecutionPath.parse(""/container"")","graphql.execution.ResultPath.parse(""/container/test_field"")",40,49,0.3333333333333333,1.0,0.0,0.1,0
"graphql.execution.ExecutionPath.parse(""/container/test_field"")","graphql.execution.ResultPath.parse(""/container"")",49,40,0.3333333333333333,1.0,0.0,0.1,0
"graphql.execution.ExecutionPath.parse(""/container/test_field"")","graphql.execution.ResultPath.parse(""/container/test_field"")",49,49,0.3333333333333333,1.0,1.0,1.0,1
graphql.execution.ExecutionPath.rootPath(),graphql.execution.ResultPath.rootPath(),8,8,0.3333333333333333,1.0,1.0,1.0,1
"graphql.schema.GraphQLObjectType.getDirective(""key"")",graphql.schema.GraphQLObjectType.getAppliedDirective(FederationDirectives.keyName),15,15,1.0,0.5,0.0,1.0,0
graphql.kickstart.servlet.context.DefaultGraphQLServletContext.createServletContext(),"graphql.kickstart.execution.context.GraphQLKickstartContext.of(dataLoaderReg.create(), map)",2,5,0.5,0.16666666666666666,0.0,0.25,0
graphql.schema.DataFetchingFieldSelectionSet.get(),graphql.schema.DataFetchingFieldSelectionSet.getImmediateFields(),2,2,1.0,0.0,1.0,1.0,0
graphql.schema.idl.ScalarInfo.STANDARD_SCALARS.stream(),graphql.schema.idl.ScalarInfo.GRAPHQL_SPECIFICATION_SCALARS.stream(),11,11,0.5,1.0,1.0,1.0,1
graphql.schema.GraphQLOutputType.getName(),graphql.schema.GraphQLUnionType.getName(),10,10,0.6,1.0,1.0,1.0,0
graphql.schema.GraphQLOutputType.getName(),graphql.schema.GraphQLUnionType.getDescription(),10,11,0.6,0.0,1.0,0.5,0
graphql.schema.DataFetchingEnvironment.getExecutionContext(),graphql.schema.DataFetchingEnvironment.getOperationDefinition(),1,1,1.0,0.0,1.0,1.0,0
graphql.execution.ExecutionPath.fromList(Arrays.asList(resolverSelectedFields)),graphql.execution.ResultPath.fromList(Arrays.asList(resolverSelectedFields)),8,8,0.3333333333333333,1.0,1.0,1.0,1
graphql.language.OperationTypeDefinition.getTypeName(),graphql.language.OperationTypeDefinition.getType(),4,4,1.0,0.5,1.0,1.0,1
org.json.JSONObject.toString(),org.json.JSONPointerException.getMessage(),16,13,0.25,0.0,1.0,0.25,0
"org.json.JSONObject.getString(""value"")","org.json.JSONObject.get(""value"")",52,52,1.0,0.0,1.0,1.0,0
org.json.JSONArray.length(),"org.json.JSONObject.get(""streamer_uid"")",9,10,0.3333333333333333,0.0,0.0,0.5,0
org.json.JSONArray.length(),"org.json.JSONObject.get(""path"")",9,10,0.3333333333333333,0.0,0.0,0.5,0
org.json.JSONArray.getJSONObject(i),"org.json.JSONObject.get(""streamer_uid"")",10,10,0.3333333333333333,0.0,0.0,1.0,0
org.json.JSONArray.getJSONObject(i),"org.json.JSONObject.get(""path"")",10,10,0.3333333333333333,0.0,0.0,1.0,0
org.json.JSONArray.toString(),org.json.JSONArray.length(),10,10,1.0,0.0,1.0,1.0,0
org.json.JSONObject.get(key),org.json.JSONObject.opt(key),3,1,1.0,0.0,1.0,0.3333333333333333,0
org.json.JSONArray.getString(1),"org.json.JSONObject.getString(""uri"")",5,5,0.3333333333333333,1.0,0.0,1.0,0
"org.json.JSONObject.optString(""consumer"")",org.json.JSONArray.optJSONObject(0),18,5,0.3333333333333333,0.0,0.0,0.07142857142857142,0
"org.json.JSONObject.optString(""producer"")",org.json.JSONArray.optJSONObject(0),22,5,0.3333333333333333,0.0,0.0,0.05555555555555555,0
"org.json.JSONObject.getBoolean(""whitelisted"")","org.json.JSONObject.optBoolean(""whitelisted"", false)",1,1,1.0,0.0,0.6666666666666667,1.0,0
"org.json.JSONObject.getJSONObject(""rank-data"")","org.json.JSONObject.getJSONArray(""rank-data"")",2,2,1.0,0.3333333333333333,1.0,1.0,0
org.smartboot.mqtt.common.MqttMessageBuilders.publish(),org.smartboot.mqtt.common.util.MqttMessageBuilders.publish(),15,15,1.0,1.0,1.0,1.0,1
"org.smartboot.mqtt.common.util.TopicTokenUtil.match(topic.getTopicToken(), topicToken)","org.smartboot.mqtt.common.util.MqttUtil.match(topic.getTopicToken(), topicToken)",16,16,0.25,1.0,1.0,1.0,1
"org.smartboot.mqtt.common.InflightQueue.offer(publishBuilder, offset -> {
            consumer.accept(publishBuilder.getPacketId());
            //最早发送的消息若收到响应，则更新点位
            if (offset != -1) {
                synchronized (MqttClient.this) {
                    MqttClient.this.notifyAll();
                }
            }
        }, 1)","org.smartboot.mqtt.common.InflightQueue.put(publishBuilder, (message) -> {
                consumer.accept(message.getVariableHeader().getPacketId());
                //最早发送的消息若收到响应，则更新点位
                synchronized (MqttClient.this) {
                    MqttClient.this.notifyAll();
                }
            })",2,3,1.0,0.0,0.4,0.5,0
org.smartboot.mqtt.common.MqttMessageBuilders.unsubscribe(),org.smartboot.mqtt.common.util.MqttMessageBuilders.unsubscribe(),13,13,1.0,1.0,1.0,1.0,1
org.smartboot.mqtt.common.MqttMessageBuilders.unsubscribe(),"org.smartboot.mqtt.common.util.ValidateUtils.isTrue(message instanceof MqttUnsubAckMessage, ""uncorrected message type."")",13,24,0.0,0.0,0.0,0.08333333333333333,0
org.smartboot.mqtt.common.message.MqttUnsubscribeMessage.getVariableHeader(),org.smartboot.mqtt.common.util.MqttMessageBuilders.unsubscribe(),23,13,0.5,0.0,1.0,0.09090909090909091,0
org.smartboot.mqtt.common.message.MqttUnsubscribeMessage.getVariableHeader(),"org.smartboot.mqtt.common.util.ValidateUtils.isTrue(message instanceof MqttUnsubAckMessage, ""uncorrected message type."")",23,24,0.0,0.0,0.0,0.5,0
org.smartboot.mqtt.common.message.MqttCodecUtil.encodeUTF8(topicName),org.smartboot.mqtt.common.util.MqttUtil.encodeCache(topicName),3,3,0.6666666666666666,0.3333333333333333,1.0,1.0,0
"org.smartboot.mqtt.common.util.ValidateUtils.isTrue(!disconnect, ""session has closed,can not subscribe topic"")",org.smartboot.mqtt.common.TopicToken.isWildcards(),15,5,0.0,0.0,0.0,0.09090909090909091,0
"org.smartboot.mqtt.common.util.ValidateUtils.isTrue(!disconnect, ""session has closed,can not subscribe topic"")",org.smartboot.mqtt.common.TopicToken.isWildcards(),15,6,0.0,0.0,0.0,0.1,0
"org.smartboot.mqtt.common.util.ValidateUtils.isTrue(!disconnect, ""session has closed,can not subscribe topic"")",org.smartboot.mqtt.common.TopicToken.getTopicFilter(),15,6,0.0,0.0,0.0,0.1,0
"org.smartboot.mqtt.common.util.ValidateUtils.isTrue(!disconnect, ""session has closed,can not subscribe topic"")",org.smartboot.mqtt.common.TopicToken.getTopicFilter(),15,6,0.0,0.0,0.0,0.1,0
"org.smartboot.mqtt.common.util.ValidateUtils.isTrue(!disconnect, ""session has closed,can not subscribe topic"")",org.smartboot.mqtt.common.TopicToken.getTopicFilter(),15,8,0.0,0.0,0.0,0.125,0
"org.smartboot.mqtt.common.util.ValidateUtils.isTrue(!disconnect, ""session has closed,can not subscribe topic"")",org.smartboot.mqtt.common.TopicToken.getTopicFilter(),15,12,0.0,0.0,0.0,0.25,0
"org.smartboot.mqtt.common.util.ValidateUtils.isTrue(!disconnect, ""session has closed,can not subscribe topic"")",org.smartboot.mqtt.common.TopicToken.getTopicFilter(),15,29,0.0,0.0,0.0,0.06666666666666667,0
org.redisson.RedissonClient.getKeys(),org.redisson.api.RedissonClient.getKeys(),2,2,1.0,1.0,1.0,1.0,1
org.redisson.RedissonClient.getKeys(),org.redisson.api.RKeys.deleteByPattern(pattern.toString()),2,3,0.0,0.0,0.0,0.5,0
org.redisson.RedissonClient.getKeys(),org.redisson.api.RedissonClient.shutdown(),2,4,1.0,0.0,1.0,0.3333333333333333,0
org.redisson.core.RKeys.deleteByPattern(pattern.toString()),org.redisson.api.RedissonClient.getKeys(),3,2,0.0,0.0,0.0,0.5,0
org.redisson.core.RKeys.deleteByPattern(pattern.toString()),org.redisson.api.RKeys.deleteByPattern(pattern.toString()),3,3,1.0,1.0,1.0,1.0,1
org.redisson.core.RKeys.deleteByPattern(pattern.toString()),org.redisson.api.RedissonClient.shutdown(),3,4,0.0,0.0,0.0,0.5,0
org.redisson.RedissonClient.shutdown(),org.redisson.api.RedissonClient.getKeys(),4,2,1.0,0.0,1.0,0.3333333333333333,0
org.redisson.RedissonClient.shutdown(),org.redisson.api.RKeys.deleteByPattern(pattern.toString()),4,3,0.0,0.0,0.0,0.5,0
org.redisson.RedissonClient.shutdown(),org.redisson.api.RedissonClient.shutdown(),4,4,1.0,1.0,1.0,1.0,1
org.redisson.Config.useSingleServer(),org.redisson.config.Config.useSingleServer(),4,4,1.0,1.0,1.0,1.0,1
org.redisson.core.RScoredSortedSet.pollFirst(),org.redisson.api.RScoredSortedSet.pollFirst(),2,2,1.0,1.0,1.0,1.0,1
org.redisson.RedissonClient.getBucket(key),org.redisson.api.RedissonClient.getBucket(key),2,2,1.0,1.0,1.0,1.0,1
org.redisson.RedissonClient.getLock(key),org.redisson.Redisson.getLock(key),1,1,0.5,1.0,1.0,1.0,0
"org.redisson.RedissonClient.getList(""List"")","org.redisson.api.RedissonClient.getList(""List"")",2,2,1.0,1.0,1.0,1.0,1
"org.redisson.RedissonClient.getList(""List"")","org.redisson.api.RList.add(""aaa"")",2,3,0.0,0.0,0.0,0.5,0
"org.redisson.RedissonClient.getList(""List"")","org.redisson.api.RList.add(""bbb"")",2,4,0.0,0.0,0.0,0.3333333333333333,0
"org.redisson.RedissonClient.getList(""List"")","org.redisson.api.RList.add(""ccc"")",2,5,0.0,0.0,0.0,0.25,0
"org.redisson.RedissonClient.getList(""List"")","org.redisson.api.RList.remove(""bbb"")",2,7,0.0,0.0,0.0,0.16666666666666666,0
"org.redisson.core.RList.add(""aaa"")","org.redisson.api.RedissonClient.getList(""List"")",3,2,0.0,0.0,0.0,0.5,0
"org.redisson.core.RList.add(""aaa"")","org.redisson.api.RList.add(""aaa"")",3,3,1.0,1.0,1.0,1.0,1
"org.redisson.core.RList.add(""aaa"")","org.redisson.api.RList.add(""bbb"")",3,4,1.0,1.0,0.0,0.5,0
"org.redisson.core.RList.add(""aaa"")","org.redisson.api.RList.add(""ccc"")",3,5,1.0,1.0,0.0,0.3333333333333333,0
"org.redisson.core.RList.add(""aaa"")","org.redisson.api.RList.remove(""bbb"")",3,7,1.0,0.0,0.0,0.2,0
"org.redisson.core.RList.add(""bbb"")","org.redisson.api.RedissonClient.getList(""List"")",4,2,0.0,0.0,0.0,0.3333333333333333,0
"org.redisson.core.RList.add(""bbb"")","org.redisson.api.RList.add(""aaa"")",4,3,1.0,1.0,0.0,0.5,0
"org.redisson.core.RList.add(""bbb"")","org.redisson.api.RList.add(""bbb"")",4,4,1.0,1.0,1.0,1.0,1
"org.redisson.core.RList.add(""bbb"")","org.redisson.api.RList.add(""ccc"")",4,5,1.0,1.0,0.0,0.5,0
"org.redisson.core.RList.add(""bbb"")","org.redisson.api.RList.remove(""bbb"")",4,7,1.0,0.0,1.0,0.25,0
"org.redisson.core.RList.add(""ccc"")","org.redisson.api.RedissonClient.getList(""List"")",5,2,0.0,0.0,0.0,0.25,0
"org.redisson.core.RList.add(""ccc"")","org.redisson.api.RList.add(""aaa"")",5,3,1.0,1.0,0.0,0.3333333333333333,0
"org.redisson.core.RList.add(""ccc"")","org.redisson.api.RList.add(""bbb"")",5,4,1.0,1.0,0.0,0.5,0
"org.redisson.core.RList.add(""ccc"")","org.redisson.api.RList.add(""ccc"")",5,5,1.0,1.0,1.0,1.0,1
"org.redisson.core.RList.add(""ccc"")","org.redisson.api.RList.remove(""bbb"")",5,7,1.0,0.0,0.0,0.3333333333333333,0
"org.redisson.core.RList.remove(""bbb"")","org.redisson.api.RedissonClient.getList(""List"")",7,2,0.0,0.0,0.0,0.16666666666666666,0
"org.redisson.core.RList.remove(""bbb"")","org.redisson.api.RList.add(""aaa"")",7,3,1.0,0.0,0.0,0.2,0
"org.redisson.core.RList.remove(""bbb"")","org.redisson.api.RList.add(""bbb"")",7,4,1.0,0.0,1.0,0.25,0
"org.redisson.core.RList.remove(""bbb"")","org.redisson.api.RList.add(""ccc"")",7,5,1.0,0.0,0.0,0.3333333333333333,0
"org.redisson.core.RList.remove(""bbb"")","org.redisson.api.RList.remove(""bbb"")",7,7,1.0,1.0,1.0,1.0,1
"org.apache.hadoop.mapred.InputFormat.getSplits(jobConf, 0)",org.apache.hadoop.mapred.JobConf.setInputFormat(TextInputFormat.class),15,25,0.0,0.0,0.0,0.09090909090909091,0
"org.apache.hadoop.mapred.InputFormat.getSplits(jobConf, 0)",org.apache.hadoop.mapred.TextInputFormat.configure(targetJob),15,26,0.6666666666666666,0.0,0.0,0.08333333333333333,0
"org.apache.hadoop.mapred.InputFormat.getSplits(jobConf, 0)","org.apache.hadoop.mapred.TextInputFormat.getSplits(targetJob, 0)",15,28,0.6666666666666666,1.0,0.5,0.07142857142857142,0
"org.apache.hadoop.mapred.InputFormat.getSplits(jobConf, 0)",org.apache.hadoop.fs.LocatedFileStatus.getPath(),15,85,0.0,0.0,0.0,0.014084507042253521,0
"org.apache.hadoop.mapred.InputFormat.getSplits(jobConf, 0)",org.apache.hadoop.fs.LocatedFileStatus.getPath(),15,85,0.0,0.0,0.0,0.014084507042253521,0
"org.apache.hadoop.mapred.InputFormat.getSplits(jobConf, 0)",org.apache.hadoop.fs.LocatedFileStatus.getPath(),15,89,0.0,0.0,0.0,0.013333333333333334,0
"org.apache.hadoop.mapred.InputFormat.getSplits(jobConf, 0)",org.apache.hadoop.fs.LocatedFileStatus.getBlockLocations(),15,90,0.0,0.0,0.0,0.013157894736842105,0
"org.apache.hadoop.mapred.InputFormat.getSplits(jobConf, 0)",org.apache.hadoop.fs.LocatedFileStatus.getLen(),15,92,0.0,0.0,0.0,0.01282051282051282,0
org.apache.hadoop.mapred.FileSplit.getPath(),"org.apache.hadoop.mapred.InputFormat.getSplits(jobConf, 0)",32,42,0.0,0.0,0.0,0.09090909090909091,0
org.apache.hadoop.fs.FileSystem.getFileStatus(split.getPath()),"org.apache.hadoop.mapred.InputFormat.getSplits(jobConf, 0)",33,42,0.0,0.0,0.0,0.1,0
org.apache.hadoop.mapred.FileSplit.getPath(),"org.apache.hadoop.mapred.InputFormat.getSplits(jobConf, 0)",33,42,0.0,0.0,0.0,0.1,0
org.apache.hadoop.fs.FileStatus.getPath(),"org.apache.hadoop.mapred.InputFormat.getSplits(jobConf, 0)",36,42,0.0,0.0,0.0,0.14285714285714285,0
"org.apache.hadoop.fs.FileSystem.getFileBlockLocations(file, split.getStart(), split.getLength())","org.apache.hadoop.mapred.InputFormat.getSplits(jobConf, 0)",37,42,0.0,0.0,0.0,0.16666666666666666,0
org.apache.hadoop.mapred.FileSplit.getStart(),"org.apache.hadoop.mapred.InputFormat.getSplits(jobConf, 0)",37,42,0.0,0.0,0.0,0.16666666666666666,0
org.apache.hadoop.mapred.FileSplit.getLength(),"org.apache.hadoop.mapred.InputFormat.getSplits(jobConf, 0)",37,42,0.0,0.0,0.0,0.16666666666666666,0
org.apache.hadoop.mapred.FileSplit.getStart(),"org.apache.hadoop.mapred.InputFormat.getSplits(jobConf, 0)",38,42,0.0,0.0,0.0,0.2,0
org.apache.hadoop.mapred.FileSplit.getLength(),"org.apache.hadoop.mapred.InputFormat.getSplits(jobConf, 0)",39,42,0.0,0.0,0.0,0.25,0
"org.apache.hadoop.fs.FileSystem.getFileBlockLocations(file, 0, file.getLen())","org.apache.hadoop.mapred.InputFormat.getSplits(jobConf, 0)",59,42,0.0,0.0,0.4,0.05555555555555555,0
org.apache.hadoop.fs.FileStatus.getLen(),"org.apache.hadoop.mapred.InputFormat.getSplits(jobConf, 0)",59,42,0.0,0.0,0.0,0.05555555555555555,0
org.apache.hadoop.fs.FileStatus.getPath(),"org.apache.hadoop.mapred.InputFormat.getSplits(jobConf, 0)",60,42,0.0,0.0,0.0,0.05263157894736842,0
org.apache.hadoop.fs.FileStatus.getPath(),"org.apache.hadoop.mapred.InputFormat.getSplits(jobConf, 0)",64,42,0.0,0.0,0.0,0.043478260869565216,0
org.apache.hadoop.fs.FileStatus.getLen(),"org.apache.hadoop.mapred.InputFormat.getSplits(jobConf, 0)",67,42,0.0,0.0,0.0,0.038461538461538464,0
org.apache.hadoop.hive.metastore.api.Table.setSd(new StorageDescriptor()),org.apache.hadoop.hive.metastore.TableType.valueOf(table.getTableType()),6,3,0.5,0.0,0.0,0.25,0
org.apache.hadoop.hive.metastore.TableType.VIRTUAL_VIEW.name(),org.apache.hadoop.hive.metastore.TableType.valueOf(table.getTableType()),18,3,0.5,0.0,0.0,0.0625,0
com.hello2morrow.sonargraph.integration.access.controller.ControllerAccess.createController(),com.hello2morrow.sonargraph.integration.access.controller.ControllerFactory.createController(),12,11,0.3333333333333333,1.0,1.0,0.5,0
com.hello2morrow.sonargraph.integration.access.foundation.OperationResult.isSuccess(),com.hello2morrow.sonargraph.integration.access.controller.ControllerAccess.createController(),5,3,0.0,0.0,1.0,0.3333333333333333,0
com.hello2morrow.sonargraph.integration.access.foundation.OperationResult.isSuccess(),com.hello2morrow.sonargraph.integration.access.foundation.Result.isSuccess(),5,5,0.5,1.0,1.0,1.0,1
com.hello2morrow.sonargraph.integration.access.foundation.OperationResult.toString(),com.hello2morrow.sonargraph.integration.access.foundation.Result.toString(),13,13,0.5,1.0,1.0,1.0,1
com.hello2morrow.sonargraph.integration.access.foundation.OperationResult.toString(),com.hello2morrow.sonargraph.integration.access.foundation.Result.contains(Level.WARNING),13,13,0.5,0.0,0.0,1.0,0
com.hello2morrow.sonargraph.integration.access.foundation.OperationResult.containsWarning(),com.hello2morrow.sonargraph.integration.access.foundation.Result.toString(),13,13,0.5,0.0,1.0,1.0,0
com.hello2morrow.sonargraph.integration.access.foundation.OperationResult.containsWarning(),com.hello2morrow.sonargraph.integration.access.foundation.Result.contains(Level.WARNING),13,13,0.5,0.5,0.0,1.0,1
com.hello2morrow.sonargraph.integration.access.model.IMetricId.getBestValue(),com.hello2morrow.sonargraph.integration.access.model.IMetricId.getBest(),5,5,1.0,0.5,1.0,1.0,1
com.hello2morrow.sonargraph.integration.access.model.IMetricId.getBestValue(),com.hello2morrow.sonargraph.integration.access.model.IMetricId.getWorst(),5,6,1.0,0.0,1.0,0.5,0
com.hello2morrow.sonargraph.integration.access.model.IMetricId.getWorstValue(),com.hello2morrow.sonargraph.integration.access.model.IMetricId.getBest(),6,5,1.0,0.0,1.0,0.5,0
com.hello2morrow.sonargraph.integration.access.model.IMetricId.getWorstValue(),com.hello2morrow.sonargraph.integration.access.model.IMetricId.getWorst(),6,6,1.0,0.5,1.0,1.0,1
"com.hello2morrow.sonargraph.integration.access.persistence.CustomMetrics.createCustomMetricKeyFromStandardName(METRIC_ID_PREFIX, softwareSystemName, metricIdName)",com.hello2morrow.sonargraph.integration.access.foundation.Utility.convertMixedCaseStringToConstantName(metricIdName),2,3,0.0,0.08333333333333333,0.5,0.5,0
com.hello2morrow.sonargraph.integration.access.controller.ControllerAccess.createMetaDataController(),com.hello2morrow.sonargraph.integration.access.controller.ControllerFactory.createMetaDataController(),3,3,0.3333333333333333,1.0,1.0,1.0,0
com.hello2morrow.sonargraph.integration.access.foundation.OperationResultWithOutcome.isSuccess(),com.hello2morrow.sonargraph.integration.access.foundation.ResultWithOutcome.isSuccess(),9,9,0.75,1.0,1.0,1.0,1
com.hello2morrow.sonargraph.integration.access.foundation.OperationResultWithOutcome.isSuccess(),com.hello2morrow.sonargraph.integration.access.foundation.ResultWithOutcome.getOutcome(),9,11,0.75,0.0,1.0,0.3333333333333333,0
com.hello2morrow.sonargraph.integration.access.foundation.OperationResultWithOutcome.getOutcome(),com.hello2morrow.sonargraph.integration.access.foundation.ResultWithOutcome.isSuccess(),11,9,0.75,0.0,1.0,0.3333333333333333,0
com.hello2morrow.sonargraph.integration.access.foundation.OperationResultWithOutcome.getOutcome(),com.hello2morrow.sonargraph.integration.access.foundation.ResultWithOutcome.getOutcome(),11,11,0.75,1.0,1.0,1.0,1
io.github.bonigarcia.wdm.ChromeDriverManager.getInstance(),io.github.bonigarcia.wdm.WebDriverManager.chromedriver(),2,2,0.5,0.0,1.0,1.0,1
io.github.bonigarcia.wdm.FirefoxDriverManager.getInstance(),io.github.bonigarcia.wdm.WebDriverManager.firefoxdriver(),6,5,0.5,0.0,1.0,0.5,1
io.github.bonigarcia.wdm.FirefoxDriverManager.getInstance(),io.github.bonigarcia.wdm.WebDriverManager.iedriver(),6,11,0.5,0.0,1.0,0.16666666666666666,0
io.github.bonigarcia.wdm.FirefoxDriverManager.getInstance(),io.github.bonigarcia.wdm.WebDriverManager.chromedriver(),6,24,0.5,0.0,1.0,0.05263157894736842,0
io.github.bonigarcia.wdm.InternetExplorerDriverManager.getInstance(),io.github.bonigarcia.wdm.WebDriverManager.firefoxdriver(),12,5,0.4,0.0,1.0,0.125,0
io.github.bonigarcia.wdm.InternetExplorerDriverManager.getInstance(),io.github.bonigarcia.wdm.WebDriverManager.iedriver(),12,11,0.4,0.0,1.0,0.5,1
io.github.bonigarcia.wdm.InternetExplorerDriverManager.getInstance(),io.github.bonigarcia.wdm.WebDriverManager.chromedriver(),12,24,0.4,0.0,1.0,0.07692307692307693,0
io.github.bonigarcia.wdm.ChromeDriverManager.getInstance(),io.github.bonigarcia.wdm.WebDriverManager.firefoxdriver(),24,5,0.5,0.0,1.0,0.05,0
io.github.bonigarcia.wdm.ChromeDriverManager.getInstance(),io.github.bonigarcia.wdm.WebDriverManager.iedriver(),24,11,0.5,0.0,1.0,0.07142857142857142,0
io.github.bonigarcia.wdm.ChromeDriverManager.getInstance(),io.github.bonigarcia.wdm.WebDriverManager.chromedriver(),24,24,0.5,0.0,1.0,1.0,1
io.github.bonigarcia.wdm.FirefoxDriverManager.firefoxdriver(),io.github.bonigarcia.wdm.managers.FirefoxDriverManager.firefoxdriver(),8,8,1.0,1.0,1.0,1.0,1
io.github.bonigarcia.wdm.FirefoxDriverManager.firefoxdriver(),io.github.bonigarcia.wdm.managers.EdgeDriverManager.edgedriver(),8,12,0.5,0.0,1.0,0.2,0
io.github.bonigarcia.wdm.FirefoxDriverManager.firefoxdriver(),io.github.bonigarcia.wdm.managers.ChromeDriverManager.chromedriver(),8,19,0.5,0.0,1.0,0.08333333333333333,0
io.github.bonigarcia.wdm.FirefoxDriverManager.firefoxdriver(),io.github.bonigarcia.wdm.managers.ChromeDriverManager.chromedriver(),8,24,0.5,0.0,1.0,0.058823529411764705,0
io.github.bonigarcia.wdm.ChromiumDriverManager.edgedriver(),io.github.bonigarcia.wdm.managers.FirefoxDriverManager.firefoxdriver(),12,8,0.5,0.0,1.0,0.2,0
io.github.bonigarcia.wdm.ChromiumDriverManager.edgedriver(),io.github.bonigarcia.wdm.managers.EdgeDriverManager.edgedriver(),12,12,0.5,1.0,1.0,1.0,1
io.github.bonigarcia.wdm.ChromiumDriverManager.edgedriver(),io.github.bonigarcia.wdm.managers.ChromeDriverManager.chromedriver(),12,19,0.5,0.0,1.0,0.125,0
io.github.bonigarcia.wdm.ChromiumDriverManager.edgedriver(),io.github.bonigarcia.wdm.managers.ChromeDriverManager.chromedriver(),12,24,0.5,0.0,1.0,0.07692307692307693,0
io.github.bonigarcia.wdm.ChromiumDriverManager.chromedriver(),io.github.bonigarcia.wdm.managers.FirefoxDriverManager.firefoxdriver(),19,8,0.5,0.0,1.0,0.08333333333333333,0
io.github.bonigarcia.wdm.ChromiumDriverManager.chromedriver(),io.github.bonigarcia.wdm.managers.EdgeDriverManager.edgedriver(),19,12,0.5,0.0,1.0,0.125,0
io.github.bonigarcia.wdm.ChromiumDriverManager.chromedriver(),io.github.bonigarcia.wdm.managers.ChromeDriverManager.chromedriver(),19,19,0.5,1.0,1.0,1.0,1
io.github.bonigarcia.wdm.ChromiumDriverManager.chromedriver(),io.github.bonigarcia.wdm.managers.ChromeDriverManager.chromedriver(),19,24,0.5,1.0,1.0,0.16666666666666666,0
io.github.bonigarcia.wdm.ChromeDriverManager.chromedriver(),io.github.bonigarcia.wdm.managers.FirefoxDriverManager.firefoxdriver(),24,8,0.5,0.0,1.0,0.058823529411764705,0
io.github.bonigarcia.wdm.ChromeDriverManager.chromedriver(),io.github.bonigarcia.wdm.managers.EdgeDriverManager.edgedriver(),24,12,0.5,0.0,1.0,0.07692307692307693,0
io.github.bonigarcia.wdm.ChromeDriverManager.chromedriver(),io.github.bonigarcia.wdm.managers.ChromeDriverManager.chromedriver(),24,19,1.0,1.0,1.0,0.16666666666666666,0
io.github.bonigarcia.wdm.ChromeDriverManager.chromedriver(),io.github.bonigarcia.wdm.managers.ChromeDriverManager.chromedriver(),24,24,1.0,1.0,1.0,1.0,1
io.github.bonigarcia.wdm.WebDriverManager.chromedriver(),io.github.bonigarcia.wdm.WebDriverManager.chromiumdriver(),3,12,1.0,0.0,1.0,0.1,0
io.github.bonigarcia.wdm.WebDriverManager.chromedriver(),io.github.bonigarcia.wdm.WebDriverManager.firefoxdriver(),2,2,1.0,0.0,1.0,1.0,0
io.github.bonigarcia.wdm.PhantomJsDriverManager.getInstance(),io.github.bonigarcia.wdm.WebDriverManager.config(),1,1,0.4,0.0,1.0,1.0,0
io.github.bonigarcia.wdm.PhantomJsDriverManager.getInstance(),io.github.bonigarcia.wdm.WebDriverManager.config(),1,2,0.4,0.0,1.0,0.5,0
io.github.bonigarcia.wdm.PhantomJsDriverManager.getInstance(),io.github.bonigarcia.wdm.WebDriverManager.config(),1,3,0.4,0.0,1.0,0.3333333333333333,0
io.github.bonigarcia.wdm.PhantomJsDriverManager.getInstance(),io.github.bonigarcia.wdm.WebDriverManager.phantomjs(),1,5,0.4,0.0,1.0,0.2,1
"org.apache.commons.codec.binary.Base64.decode(line.getBytes(""US-ASCII""))",org.apache.commons.codec.binary.Base64.decodeBase64(readEncString),24,7,1.0,0.5,0.0,0.05555555555555555,0
"org.apache.commons.codec.binary.Base64.decode(line.getBytes(""US-ASCII""))",org.apache.commons.codec.binary.Base64.decodeBase64(decBase64String),24,10,1.0,0.5,0.0,0.06666666666666667,0
org.apache.commons.codec.digest.DigestUtils.md2Hex(uri),org.apache.commons.codec.digest.DigestUtils.md5Hex(uri),1,1,1.0,0.3333333333333333,1.0,1.0,0
"org.apache.commons.codec.binary.Base64.encodeBase64URLSafeString(id.getBytes(""UTF-8""))","org.apache.commons.codec.binary.Hex.encodeHex(id.getBytes(Charset.forName(""UTF-8"")))",12,12,0.0,0.16666666666666666,0.0,1.0,0
org.apache.commons.codec.digest.DigestUtils.sha1Hex(in),org.apache.commons.codec.digest.DigestUtils.shaHex(in),3,3,1.0,0.3333333333333333,1.0,1.0,1
org.apache.commons.codec.binary.Base64.encodeBase64(ssnBytes),org.apache.commons.codec.binary.Base64.encodeBase64URLSafeString(ssnBytes),23,23,1.0,0.4,1.0,1.0,0
org.apache.commons.codec.binary.Base64.encodeBase64String(p12FileContent),org.apache.commons.codec.binary.Base64.encodeBase64(p12FileContent),54,54,1.0,0.6666666666666666,1.0,1.0,0
org.apache.commons.codec.digest.DigestUtils.sha256Hex(file.createInputStream()),org.apache.commons.codec.digest.DigestUtils.shaHex(output.toByteArray()),5,12,1.0,0.3333333333333333,0.0,0.125,0
org.apache.commons.codec.digest.DigestUtils.md5Hex(result),org.apache.commons.codec.binary.Hex.encodeHexString(result),10,10,0.0,0.25,1.0,1.0,0
org.apache.commons.codec.Charsets.UTF_8.name(),"org.apache.commons.codec.Charsets.toCharset(""UTF-8"")",1,1,0.3333333333333333,0.0,0.0,1.0,0
org.apache.commons.codec.digest.DigestUtils.sha1Hex(str),org.apache.commons.codec.digest.DigestUtils.shaHex(str),1,1,1.0,0.3333333333333333,1.0,1.0,0
reactor.test.publisher.TestPublisher.create(),reactor.test.publisher.TestPublisher.createCold(),3,3,1.0,0.0,1.0,1.0,0
reactor.test.publisher.TestPublisher.create(),reactor.test.publisher.TestPublisher.createCold(),3,5,1.0,0.0,1.0,0.3333333333333333,0
reactor.test.publisher.TestPublisher.create(),reactor.test.publisher.TestPublisher.createCold(),3,6,1.0,0.0,1.0,0.25,0
reactor.test.publisher.TestPublisher.create(),reactor.test.publisher.TestPublisher.createCold(),3,11,1.0,0.0,1.0,0.1111111111111111,0
reactor.test.publisher.TestPublisher.create(),reactor.test.publisher.TestPublisher.complete(),3,23,1.0,0.0,1.0,0.047619047619047616,0
reactor.test.publisher.TestPublisher.create(),reactor.test.publisher.TestPublisher.complete(),3,24,1.0,0.0,1.0,0.045454545454545456,0
reactor.test.publisher.TestPublisher.create(),reactor.test.publisher.TestPublisher.createCold(),5,3,1.0,0.0,1.0,0.3333333333333333,0
reactor.test.publisher.TestPublisher.create(),reactor.test.publisher.TestPublisher.createCold(),5,5,1.0,0.0,1.0,1.0,0
reactor.test.publisher.TestPublisher.create(),reactor.test.publisher.TestPublisher.createCold(),5,6,1.0,0.0,1.0,0.5,0
reactor.test.publisher.TestPublisher.create(),reactor.test.publisher.TestPublisher.createCold(),5,11,1.0,0.0,1.0,0.14285714285714285,0
reactor.test.publisher.TestPublisher.create(),reactor.test.publisher.TestPublisher.complete(),5,23,1.0,0.0,1.0,0.05263157894736842,0
reactor.test.publisher.TestPublisher.create(),reactor.test.publisher.TestPublisher.complete(),5,24,1.0,0.0,1.0,0.05,0
reactor.test.publisher.TestPublisher.create(),reactor.test.publisher.TestPublisher.createCold(),6,3,1.0,0.0,1.0,0.25,0
reactor.test.publisher.TestPublisher.create(),reactor.test.publisher.TestPublisher.createCold(),6,5,1.0,0.0,1.0,0.5,0
reactor.test.publisher.TestPublisher.create(),reactor.test.publisher.TestPublisher.createCold(),6,6,1.0,0.0,1.0,1.0,0
reactor.test.publisher.TestPublisher.create(),reactor.test.publisher.TestPublisher.createCold(),6,11,1.0,0.0,1.0,0.16666666666666666,0
reactor.test.publisher.TestPublisher.create(),reactor.test.publisher.TestPublisher.complete(),6,23,1.0,0.0,1.0,0.05555555555555555,0
reactor.test.publisher.TestPublisher.create(),reactor.test.publisher.TestPublisher.complete(),6,24,1.0,0.0,1.0,0.05263157894736842,0
reactor.test.publisher.TestPublisher.create(),reactor.test.publisher.TestPublisher.createCold(),11,3,1.0,0.0,1.0,0.1111111111111111,0
reactor.test.publisher.TestPublisher.create(),reactor.test.publisher.TestPublisher.createCold(),11,5,1.0,0.0,1.0,0.14285714285714285,0
reactor.test.publisher.TestPublisher.create(),reactor.test.publisher.TestPublisher.createCold(),11,6,1.0,0.0,1.0,0.16666666666666666,0
reactor.test.publisher.TestPublisher.create(),reactor.test.publisher.TestPublisher.createCold(),11,11,1.0,0.0,1.0,1.0,0
reactor.test.publisher.TestPublisher.create(),reactor.test.publisher.TestPublisher.complete(),11,23,1.0,0.0,1.0,0.07692307692307693,0
reactor.test.publisher.TestPublisher.create(),reactor.test.publisher.TestPublisher.complete(),11,24,1.0,0.0,1.0,0.07142857142857142,0
"reactor.test.StepVerifier.withVirtualTime(() -> {
            final ActiveClientTokenManager tokenManager = new ActiveClientTokenManager(cbsNodeMono, AUDIENCE, SCOPES);
            return tokenManager.authorize().thenMany(tokenManager.getAuthorizationResults());
        })",reactor.test.StepVerifier.create(tokenManager.authorize().thenMany(tokenManager.getAuthorizationResults())),7,8,1.0,0.0,0.0,0.5,0
"reactor.test.StepVerifier.create(RetryUtil.withRetry(flux, options, timeoutMessage))",reactor.test.scheduler.VirtualTimeScheduler.create(),18,17,0.0,0.0,0.0,0.5,0
"reactor.test.StepVerifier.create(RetryUtil.withRetry(flux, options, timeoutMessage))","reactor.test.StepVerifier.withVirtualTime(() -> RetryUtil.withRetry(flux, options, timeoutMessage), () -> virtualTimeScheduler, 1)",18,20,1.0,0.0,0.0,0.3333333333333333,0
"reactor.test.StepVerifier.create(RetryUtil.withRetry(flux, options, timeoutMessage))",reactor.test.scheduler.VirtualTimeScheduler.dispose(),18,29,0.0,0.0,0.0,0.08333333333333333,0
"de.alpharogroup.file.write.WriteFileExtensions.writeLinesToFile(ListExtensions.newArrayList(""com=öäüß""), prpFile, ""UTF-8"")","de.alpharogroup.file.write.WriteFileQuietlyExtensions.writeLinesToFile(ListFactory.newArrayList(""com=öäüß""), prpFile, ""UTF-8"")",8,8,0.75,1.0,0.6666666666666667,1.0,1
"de.alpharogroup.file.write.WriteFileExtensions.string2File(file, pemFormat)","de.alpharogroup.file.write.WriteFileQuietlyExtensions.string2File(file, pemFormat)",9,9,0.75,1.0,1.0,1.0,1
"de.alpharogroup.file.write.WriteFileExtensions.writeStringToFile(output, writer.toString(), ""UTF-8"")","de.alpharogroup.file.write.WriteFileQuietlyExtensions.writeStringToFile(output, writer.toString(), ""UTF-8"")",35,35,0.75,1.0,1.0,1.0,1
"de.alpharogroup.file.write.WriteFileQuietlyExtensions.writeStringToFile(output, writer.toString(), ""UTF-8"")","de.alpharogroup.file.write.WriteFileExtensions.writeStringToFile(output, writer.toString(), ""UTF-8"")",35,35,0.75,1.0,1.0,1.0,1
"de.alpharogroup.file.write.WriteFileQuietlyExtensions.writeStringToFile(output, writer.toString(), ""UTF-8"")",de.alpharogroup.file.compare.api.IFileContentResultBean.getContentEquality(),35,38,0.125,0.0,0.0,0.25,0
de.alpharogroup.file.compare.interfaces.IFileContentResultBean.getContentEquality(),"de.alpharogroup.file.write.WriteFileExtensions.writeStringToFile(output, writer.toString(), ""UTF-8"")",38,35,0.14285714285714285,0.0,0.0,0.25,0
de.alpharogroup.file.compare.interfaces.IFileContentResultBean.getContentEquality(),de.alpharogroup.file.compare.api.IFileContentResultBean.getContentEquality(),38,38,1.0,1.0,1.0,1.0,1
de.alpharogroup.file.create.CreateFileQuietlyExtensions.newFileQuietly(generatedClassFile),de.alpharogroup.file.create.CreateFileExtensions.newFile(generatedClassFile),5,5,0.75,0.6666666666666666,1.0,1.0,1
"de.alpharogroup.file.write.WriteFileQuietlyExtensions.writeLinesToFile(ListFactory.newArrayList(key + ""="" + value), prpFile, ""ISO-8859-1"")","de.alpharogroup.file.write.WriteFileExtensions.writeLinesToFile(ListFactory.newArrayList(key + ""="" + value), prpFile, ""ISO-8859-1"")",21,21,0.75,1.0,1.0,1.0,1
de.alpharogroup.file.search.PathFinder.getSrcTestResourcesDir(),"de.alpharogroup.file.checksum.ChecksumExtensions.getChecksum(toEncrypt, MdAlgorithm.MD5)",3,10,0.0,0.0,0.0,0.125,0
de.alpharogroup.file.search.PathFinder.getSrcTestResourcesDir(),"de.alpharogroup.file.checksum.ChecksumExtensions.getChecksum(decrypted, MdAlgorithm.MD5)",3,11,0.0,0.0,0.0,0.1111111111111111,0
de.alpharogroup.file.create.CreateFileExtensions.newFileQuietly(generatedClassFile),de.alpharogroup.file.create.CreateFileQuietlyExtensions.newFileQuietly(generatedClassFile),5,5,0.75,1.0,1.0,1.0,1
"de.alpharogroup.file.write.WriteFileQuietlyExtensions.string2File(file, pemFormat)","de.alpharogroup.file.write.WriteFileExtensions.string2File(file, pemFormat)",8,8,0.75,1.0,1.0,1.0,1
"com.google.api.gax.rpc.PageContext.create(callable, LIST_GROUP_MEMBERS_PAGE_STR_DESC, request, context)","com.google.api.gax.rpc.PageContext.of(callable, LIST_GROUP_MEMBERS_PAGE_STR_DESC, request, context)",8,8,1.0,1.0,1.0,1.0,1
com.google.api.gax.core.Page.getNextPageToken(),com.google.api.gax.paging.Page.getNextPageToken(),20,20,1.0,1.0,1.0,1.0,1
com.google.api.gax.core.Page.getNextPageToken(),com.google.api.gax.paging.Page.getValues(),20,21,1.0,0.0,1.0,0.5,0
com.google.api.gax.core.Page.getNextPageToken(),com.google.api.gax.paging.Page.getNextPage(),20,22,1.0,0.6666666666666666,1.0,0.3333333333333333,0
com.google.api.gax.core.Page.getNextPageToken(),com.google.api.gax.paging.Page.getNextPageToken(),20,23,1.0,1.0,1.0,0.25,0
com.google.api.gax.core.Page.getNextPageToken(),com.google.api.gax.paging.Page.getValues(),20,24,1.0,0.0,1.0,0.2,0
com.google.api.gax.core.Page.getValues(),com.google.api.gax.paging.Page.getNextPageToken(),21,20,1.0,0.0,1.0,0.5,0
com.google.api.gax.core.Page.getValues(),com.google.api.gax.paging.Page.getValues(),21,21,1.0,1.0,1.0,1.0,1
com.google.api.gax.core.Page.getValues(),com.google.api.gax.paging.Page.getNextPage(),21,22,1.0,0.0,1.0,0.5,0
com.google.api.gax.core.Page.getValues(),com.google.api.gax.paging.Page.getNextPageToken(),21,23,1.0,0.0,1.0,0.3333333333333333,0
com.google.api.gax.core.Page.getValues(),com.google.api.gax.paging.Page.getValues(),21,24,1.0,1.0,1.0,0.25,0
com.google.api.gax.core.Page.getNextPage(),com.google.api.gax.paging.Page.getNextPageToken(),22,20,1.0,0.6666666666666666,1.0,0.3333333333333333,0
com.google.api.gax.core.Page.getNextPage(),com.google.api.gax.paging.Page.getValues(),22,21,1.0,0.0,1.0,0.5,0
com.google.api.gax.core.Page.getNextPage(),com.google.api.gax.paging.Page.getNextPage(),22,22,1.0,1.0,1.0,1.0,1
com.google.api.gax.core.Page.getNextPage(),com.google.api.gax.paging.Page.getNextPageToken(),22,23,1.0,0.6666666666666666,1.0,0.5,0
com.google.api.gax.core.Page.getNextPage(),com.google.api.gax.paging.Page.getValues(),22,24,1.0,0.0,1.0,0.3333333333333333,0
com.google.api.gax.core.Page.getNextPageToken(),com.google.api.gax.paging.Page.getNextPageToken(),23,20,1.0,1.0,1.0,0.25,0
com.google.api.gax.core.Page.getNextPageToken(),com.google.api.gax.paging.Page.getValues(),23,21,1.0,0.0,1.0,0.3333333333333333,0
com.google.api.gax.core.Page.getNextPageToken(),com.google.api.gax.paging.Page.getNextPage(),23,22,1.0,0.6666666666666666,1.0,0.5,0
com.google.api.gax.core.Page.getNextPageToken(),com.google.api.gax.paging.Page.getNextPageToken(),23,23,1.0,1.0,1.0,1.0,1
com.google.api.gax.core.Page.getNextPageToken(),com.google.api.gax.paging.Page.getValues(),23,24,1.0,0.0,1.0,0.5,0
com.google.api.gax.core.Page.getValues(),com.google.api.gax.paging.Page.getNextPageToken(),24,20,1.0,0.0,1.0,0.2,0
com.google.api.gax.core.Page.getValues(),com.google.api.gax.paging.Page.getValues(),24,21,1.0,1.0,1.0,0.25,0
com.google.api.gax.core.Page.getValues(),com.google.api.gax.paging.Page.getNextPage(),24,22,1.0,0.0,1.0,0.3333333333333333,0
com.google.api.gax.core.Page.getValues(),com.google.api.gax.paging.Page.getNextPageToken(),24,23,1.0,0.0,1.0,0.5,0
com.google.api.gax.core.Page.getValues(),com.google.api.gax.paging.Page.getValues(),24,24,1.0,1.0,1.0,1.0,1
com.google.api.gax.core.Page.iterateAll(),com.google.api.gax.paging.Page.iterateAll(),3,3,1.0,1.0,1.0,1.0,1
com.google.api.gax.rpc.SimpleCallSettings.newBuilder(),com.google.api.gax.rpc.UnaryCallSettings.newUnaryCallSettingsBuilder(),3,3,0.5,0.4,1.0,1.0,1
com.google.api.gax.rpc.SimpleCallSettings.newBuilder(),com.google.api.gax.rpc.UnaryCallSettings.newUnaryCallSettingsBuilder(),3,5,0.5,0.4,1.0,0.3333333333333333,0
com.google.api.gax.core.AsyncPage.iterateAll(),com.google.api.gax.paging.AsyncPage.iterateAll(),17,17,1.0,1.0,1.0,1.0,1
com.google.api.gax.core.AsyncPage.iterateAll(),com.google.api.gax.paging.AsyncPage.iterateAll(),17,21,1.0,1.0,1.0,0.2,0
com.google.api.gax.core.AsyncPage.iterateAll(),com.google.api.gax.paging.AsyncPage.iterateAll(),21,17,1.0,1.0,1.0,0.2,0
com.google.api.gax.core.AsyncPage.iterateAll(),com.google.api.gax.paging.AsyncPage.iterateAll(),21,21,1.0,1.0,1.0,1.0,1
com.google.api.gax.core.RetrySettings.newBuilder(),com.google.api.gax.retrying.RetrySettings.newBuilder(),27,27,1.0,1.0,1.0,1.0,1
com.google.api.gax.core.AsyncPage.getNextPageToken(),com.google.api.gax.paging.AsyncPage.getNextPageToken(),14,14,1.0,1.0,1.0,1.0,1
com.google.api.gax.core.AsyncPage.getNextPageToken(),com.google.api.gax.paging.AsyncPage.getNextPage(),14,15,1.0,0.6666666666666666,1.0,0.5,0
com.google.api.gax.core.AsyncPage.getNextPageToken(),com.google.api.gax.paging.AsyncPage.getValues(),14,16,1.0,0.0,1.0,0.3333333333333333,0
com.google.api.gax.core.AsyncPage.getNextPage(),com.google.api.gax.paging.AsyncPage.getNextPageToken(),15,14,1.0,0.6666666666666666,1.0,0.5,0
com.google.api.gax.core.AsyncPage.getNextPage(),com.google.api.gax.paging.AsyncPage.getNextPage(),15,15,1.0,1.0,1.0,1.0,1
com.google.api.gax.core.AsyncPage.getNextPage(),com.google.api.gax.paging.AsyncPage.getValues(),15,16,1.0,0.0,1.0,0.5,0
com.google.api.gax.core.AsyncPage.getValues(),com.google.api.gax.paging.AsyncPage.getNextPageToken(),16,14,1.0,0.0,1.0,0.3333333333333333,0
com.google.api.gax.core.AsyncPage.getValues(),com.google.api.gax.paging.AsyncPage.getNextPage(),16,15,1.0,0.0,1.0,0.5,0
com.google.api.gax.core.AsyncPage.getValues(),com.google.api.gax.paging.AsyncPage.getValues(),16,16,1.0,1.0,1.0,1.0,1
org.lwjgl.system.jawt.JAWT.callocStack(stack),org.lwjgl.system.jawt.JAWT.calloc(stack),3,3,1.0,0.5,1.0,1.0,1
org.lwjgl.system.jawt.JAWT.GetDrawingSurface(),org.lwjgl.system.jawt.JAWTRectangle.x(),2,8,0.5,0.0,1.0,0.14285714285714285,0
org.lwjgl.system.jawt.JAWT.GetDrawingSurface(),org.lwjgl.system.jawt.JAWTRectangle.y(),2,9,0.5,0.0,1.0,0.125,0
org.lwjgl.system.jawt.JAWT.GetDrawingSurface(),org.lwjgl.system.jawt.JAWTRectangle.width(),2,19,0.5,0.0,1.0,0.05555555555555555,0
org.lwjgl.system.jawt.JAWT.GetDrawingSurface(),org.lwjgl.system.jawt.JAWTRectangle.height(),2,19,0.5,0.0,1.0,0.05555555555555555,0
org.lwjgl.system.jawt.JAWTDrawingSurface.Lock(),org.lwjgl.system.jawt.JAWTRectangle.x(),4,8,0.25,0.0,1.0,0.2,0
org.lwjgl.system.jawt.JAWTDrawingSurface.Lock(),org.lwjgl.system.jawt.JAWTRectangle.y(),4,9,0.25,0.0,1.0,0.16666666666666666,0
org.lwjgl.system.jawt.JAWTDrawingSurface.Lock(),org.lwjgl.system.jawt.JAWTRectangle.width(),4,19,0.25,0.0,1.0,0.0625,0
org.lwjgl.system.jawt.JAWTDrawingSurface.Lock(),org.lwjgl.system.jawt.JAWTRectangle.height(),4,19,0.25,0.0,1.0,0.0625,0
org.lwjgl.system.jawt.JAWTDrawingSurface.GetDrawingSurfaceInfo(),org.lwjgl.system.jawt.JAWTRectangle.x(),8,8,0.25,0.0,1.0,1.0,0
org.lwjgl.system.jawt.JAWTDrawingSurface.GetDrawingSurfaceInfo(),org.lwjgl.system.jawt.JAWTRectangle.y(),8,9,0.25,0.0,1.0,0.5,0
org.lwjgl.system.jawt.JAWTDrawingSurface.GetDrawingSurfaceInfo(),org.lwjgl.system.jawt.JAWTRectangle.width(),8,19,0.25,0.0,1.0,0.08333333333333333,0
org.lwjgl.system.jawt.JAWTDrawingSurface.GetDrawingSurfaceInfo(),org.lwjgl.system.jawt.JAWTRectangle.height(),8,19,0.25,0.0,1.0,0.08333333333333333,0
org.lwjgl.system.jawt.JAWTDrawingSurface.FreeDrawingSurfaceInfo(),org.lwjgl.system.jawt.JAWTRectangle.x(),31,8,0.25,0.0,1.0,0.041666666666666664,0
org.lwjgl.system.jawt.JAWTDrawingSurface.FreeDrawingSurfaceInfo(),org.lwjgl.system.jawt.JAWTRectangle.y(),31,9,0.25,0.0,1.0,0.043478260869565216,0
org.lwjgl.system.jawt.JAWTDrawingSurface.FreeDrawingSurfaceInfo(),org.lwjgl.system.jawt.JAWTRectangle.width(),31,19,0.25,0.0,1.0,0.07692307692307693,0
org.lwjgl.system.jawt.JAWTDrawingSurface.FreeDrawingSurfaceInfo(),org.lwjgl.system.jawt.JAWTRectangle.height(),31,19,0.25,0.0,1.0,0.07692307692307693,0
org.lwjgl.system.jawt.JAWTDrawingSurface.Unlock(),org.lwjgl.system.jawt.JAWTRectangle.x(),34,8,0.25,0.0,1.0,0.037037037037037035,0
org.lwjgl.system.jawt.JAWTDrawingSurface.Unlock(),org.lwjgl.system.jawt.JAWTRectangle.y(),34,9,0.25,0.0,1.0,0.038461538461538464,0
org.lwjgl.system.jawt.JAWTDrawingSurface.Unlock(),org.lwjgl.system.jawt.JAWTRectangle.width(),34,19,0.25,0.0,1.0,0.0625,0
org.lwjgl.system.jawt.JAWTDrawingSurface.Unlock(),org.lwjgl.system.jawt.JAWTRectangle.height(),34,19,0.25,0.0,1.0,0.0625,0
org.lwjgl.system.jawt.JAWT.FreeDrawingSurface(),org.lwjgl.system.jawt.JAWTRectangle.x(),37,8,0.5,0.0,1.0,0.03333333333333333,0
org.lwjgl.system.jawt.JAWT.FreeDrawingSurface(),org.lwjgl.system.jawt.JAWTRectangle.y(),37,9,0.5,0.0,1.0,0.034482758620689655,0
org.lwjgl.system.jawt.JAWT.FreeDrawingSurface(),org.lwjgl.system.jawt.JAWTRectangle.width(),37,19,0.5,0.0,1.0,0.05263157894736842,0
org.lwjgl.system.jawt.JAWT.FreeDrawingSurface(),org.lwjgl.system.jawt.JAWTRectangle.height(),37,19,0.5,0.0,1.0,0.05263157894736842,0
com.couchbase.client.java.env.CouchbaseEnvironment.dcpEnabled(),com.couchbase.client.java.env.CouchbaseEnvironment.certAuthEnabled(),15,39,1.0,0.25,1.0,0.04,0
com.couchbase.client.java.env.CouchbaseEnvironment.dcpEnabled(),com.couchbase.client.java.env.CouchbaseEnvironment.certAuthEnabled(),15,39,1.0,0.25,1.0,0.04,0
com.couchbase.client.java.env.CouchbaseEnvironment.dcpEnabled(),com.couchbase.client.java.env.CouchbaseEnvironment.keepAliveErrorThreshold(),15,40,1.0,0.0,1.0,0.038461538461538464,0
com.couchbase.client.java.env.CouchbaseEnvironment.dcpEnabled(),com.couchbase.client.java.env.CouchbaseEnvironment.keepAliveTimeout(),15,41,1.0,0.0,1.0,0.037037037037037035,0
com.couchbase.client.java.env.CouchbaseEnvironment.dcpEnabled(),com.couchbase.client.java.env.CouchbaseEnvironment.continuousKeepAliveEnabled(),15,42,1.0,0.2,1.0,0.03571428571428571,0
com.couchbase.client.java.env.CouchbaseEnvironment.dcpEnabled(),com.couchbase.client.java.env.CouchbaseEnvironment.continuousKeepAliveEnabled(),15,42,1.0,0.2,1.0,0.03571428571428571,0
com.couchbase.client.java.env.CouchbaseEnvironment.dcpEnabled(),com.couchbase.client.java.env.CouchbaseEnvironment.certAuthEnabled(),15,39,1.0,0.25,1.0,0.04,0
com.couchbase.client.java.env.CouchbaseEnvironment.dcpEnabled(),com.couchbase.client.java.env.CouchbaseEnvironment.certAuthEnabled(),15,39,1.0,0.25,1.0,0.04,0
com.couchbase.client.java.env.CouchbaseEnvironment.dcpEnabled(),com.couchbase.client.java.env.CouchbaseEnvironment.keepAliveErrorThreshold(),15,40,1.0,0.0,1.0,0.038461538461538464,0
com.couchbase.client.java.env.CouchbaseEnvironment.dcpEnabled(),com.couchbase.client.java.env.CouchbaseEnvironment.keepAliveTimeout(),15,41,1.0,0.0,1.0,0.037037037037037035,0
com.couchbase.client.java.env.CouchbaseEnvironment.dcpEnabled(),com.couchbase.client.java.env.CouchbaseEnvironment.continuousKeepAliveEnabled(),15,42,1.0,0.2,1.0,0.03571428571428571,0
com.couchbase.client.java.env.CouchbaseEnvironment.dcpEnabled(),com.couchbase.client.java.env.CouchbaseEnvironment.continuousKeepAliveEnabled(),15,42,1.0,0.2,1.0,0.03571428571428571,0
com.couchbase.client.java.document.json.JsonObject.create(),com.couchbase.client.java.json.JsonObject.create(),2,2,1.0,1.0,1.0,1.0,1
com.couchbase.client.java.document.json.JsonObject.create(),com.couchbase.client.java.json.JsonObject.create(),4,4,1.0,1.0,1.0,1.0,1
com.couchbase.client.java.document.json.JsonObject.create(),"com.couchbase.client.java.json.JsonObject.put(""update"", ""something"")",4,13,1.0,0.0,0.0,0.1,0
"com.couchbase.client.java.document.JsonDocument.create(key, content)",com.couchbase.client.java.json.JsonObject.create(),7,4,0.3333333333333333,0.3333333333333333,0.0,0.25,0
"com.couchbase.client.java.document.JsonDocument.create(key, content)","com.couchbase.client.java.json.JsonObject.put(""update"", ""something"")",7,13,0.3333333333333333,0.0,0.0,0.14285714285714285,0
com.couchbase.client.java.document.JsonDocument.content(),com.couchbase.client.java.json.JsonObject.create(),15,4,0.3333333333333333,0.0,1.0,0.08333333333333333,0
com.couchbase.client.java.document.JsonDocument.content(),"com.couchbase.client.java.json.JsonObject.put(""update"", ""something"")",15,13,0.3333333333333333,0.0,0.0,0.3333333333333333,0
com.couchbase.client.java.Bucket.query(flexQueries[rand.nextInt(flexTotalQueries)]),"com.couchbase.client.java.Cluster.searchQuery(indexName, FTSQueries[rand.nextInt(totalQueries)], SearchOptions.searchOptions().limit(limit))",2,1,0.0,0.5,0.0,0.5,0
com.couchbase.client.java.Bucket.query(flexQueries[rand.nextInt(flexTotalQueries)]),com.couchbase.client.java.search.SearchOptions.searchOptions(),2,1,0.0,0.0,0.0,0.5,0
com.couchbase.client.java.Bucket.query(queries[rand.nextInt(totalQueries)]),"com.couchbase.client.java.Cluster.searchQuery(indexName, FTSQueries[rand.nextInt(totalQueries)], SearchOptions.searchOptions().limit(limit))",4,1,0.0,0.5,0.0,0.25,0
com.couchbase.client.java.Bucket.query(queries[rand.nextInt(totalQueries)]),com.couchbase.client.java.search.SearchOptions.searchOptions(),4,1,0.0,0.0,0.0,0.25,0
"com.couchbase.client.java.document.json.JsonArray.add(""item_"" + idx)","com.couchbase.client.java.json.JsonArray.add(""value_""+idx)",3,3,1.0,1.0,0.0,1.0,1
"com.couchbase.client.java.document.JsonArrayDocument.create(KEY, l)","com.couchbase.client.java.json.JsonArray.add(""value_""+idx)",4,3,0.6666666666666666,0.0,0.0,0.5,0
"com.couchbase.client.java.Bucket.insert(JsonDocument.create(generateDocId(idPrefix, i), jsonObjects.get(i)))","com.couchbase.client.java.Collection.insert(generateDocId(idPrefix, i), jsonObjects.get(i))",5,5,0.0,1.0,0.0,1.0,0
"com.couchbase.client.java.document.JsonDocument.create(generateDocId(idPrefix, i), jsonObjects.get(i))","com.couchbase.client.java.Collection.insert(generateDocId(idPrefix, i), jsonObjects.get(i))",5,5,0.0,0.0,1.0,1.0,0
com.couchbase.client.java.Bucket.close(),"com.couchbase.client.java.Collection.insert(generateDocId(idPrefix, i), jsonObjects.get(i))",7,5,0.0,0.0,0.0,0.3333333333333333,0
com.couchbase.client.java.env.CouchbaseEnvironment.shutdown(),com.couchbase.client.java.env.ClusterEnvironment.shutdown(),20,22,0.3333333333333333,1.0,1.0,0.3333333333333333,1
"redis.clients.jedis.Jedis.setnx(lockName, identifier)","redis.clients.jedis.Jedis.setex(lockName, lockTimeOut / 1000, identifier)",9,21,1.0,0.0,0.8,0.07692307692307693,0
"redis.clients.jedis.Jedis.setnx(lockName, identifier)","redis.clients.jedis.Jedis.setex(lockName, lockTimeOut / 1000, identifier)",9,26,1.0,0.0,0.8,0.05555555555555555,0
"redis.clients.jedis.Jedis.expire(lockName, (int) (lockTimeOut / 1000))","redis.clients.jedis.Jedis.setex(lockName, lockTimeOut / 1000, identifier)",12,21,1.0,0.0,0.4,0.1,0
"redis.clients.jedis.Jedis.expire(lockName, (int) (lockTimeOut / 1000))","redis.clients.jedis.Jedis.setex(lockName, lockTimeOut / 1000, identifier)",12,26,1.0,0.0,0.4,0.06666666666666667,0
"redis.clients.jedis.Jedis.expire(lockName, (int) (lockTimeOut / 1000))","redis.clients.jedis.Jedis.setex(lockName, lockTimeOut / 1000, identifier)",17,21,1.0,0.0,0.4,0.2,0
"redis.clients.jedis.Jedis.expire(lockName, (int) (lockTimeOut / 1000))","redis.clients.jedis.Jedis.setex(lockName, lockTimeOut / 1000, identifier)",17,26,1.0,0.0,0.4,0.1,0
redis.clients.jedis.JedisPool.returnResourceObject(client),redis.clients.jedis.JedisPool.close(),7,7,1.0,0.0,0.0,1.0,0
redis.clients.jedis.JedisSentinelPool.returnResource(jedis1),redis.clients.jedis.Jedis.close(),30,31,0.3333333333333333,0.0,0.0,0.5,1
redis.clients.jedis.JedisSentinelPool.returnResource(jedis1),redis.clients.jedis.JedisSentinelPool.close(),30,32,1.0,0.0,0.0,0.3333333333333333,0
redis.clients.jedis.JedisSentinelPool.returnResource(jedis1),redis.clients.jedis.Jedis.close(),30,35,0.3333333333333333,0.0,0.0,0.16666666666666666,0
redis.clients.jedis.JedisSentinelPool.returnResource(jedis1),redis.clients.jedis.JedisSentinelPool.close(),30,36,1.0,0.0,0.0,0.14285714285714285,0
redis.clients.jedis.JedisSentinelPool.returnResource(jedis1),redis.clients.jedis.Jedis.close(),30,39,0.3333333333333333,0.0,0.0,0.1,0
redis.clients.jedis.JedisSentinelPool.returnResource(jedis1),redis.clients.jedis.JedisSentinelPool.close(),30,40,1.0,0.0,0.0,0.09090909090909091,0
redis.clients.jedis.JedisSentinelPool.returnResource(jedis2),redis.clients.jedis.Jedis.close(),32,31,0.3333333333333333,0.0,0.0,0.5,0
redis.clients.jedis.JedisSentinelPool.returnResource(jedis2),redis.clients.jedis.JedisSentinelPool.close(),32,32,1.0,0.0,0.0,1.0,0
redis.clients.jedis.JedisSentinelPool.returnResource(jedis2),redis.clients.jedis.Jedis.close(),32,35,0.3333333333333333,0.0,0.0,0.25,1
redis.clients.jedis.JedisSentinelPool.returnResource(jedis2),redis.clients.jedis.JedisSentinelPool.close(),32,36,1.0,0.0,0.0,0.2,0
redis.clients.jedis.JedisSentinelPool.returnResource(jedis2),redis.clients.jedis.Jedis.close(),32,39,0.3333333333333333,0.0,0.0,0.125,0
redis.clients.jedis.JedisSentinelPool.returnResource(jedis2),redis.clients.jedis.JedisSentinelPool.close(),32,40,1.0,0.0,0.0,0.1111111111111111,0
redis.clients.jedis.JedisSentinelPool.returnResource(jedis3),redis.clients.jedis.Jedis.close(),34,31,0.3333333333333333,0.0,0.0,0.25,0
redis.clients.jedis.JedisSentinelPool.returnResource(jedis3),redis.clients.jedis.JedisSentinelPool.close(),34,32,1.0,0.0,0.0,0.3333333333333333,0
redis.clients.jedis.JedisSentinelPool.returnResource(jedis3),redis.clients.jedis.Jedis.close(),34,35,0.3333333333333333,0.0,0.0,0.5,0
redis.clients.jedis.JedisSentinelPool.returnResource(jedis3),redis.clients.jedis.JedisSentinelPool.close(),34,36,1.0,0.0,0.0,0.3333333333333333,0
redis.clients.jedis.JedisSentinelPool.returnResource(jedis3),redis.clients.jedis.Jedis.close(),34,39,0.3333333333333333,0.0,0.0,0.16666666666666666,1
redis.clients.jedis.JedisSentinelPool.returnResource(jedis3),redis.clients.jedis.JedisSentinelPool.close(),34,40,1.0,0.0,0.0,0.14285714285714285,0
redis.clients.jedis.StreamEntry.getFields(),redis.clients.jedis.resps.StreamEntry.getFields(),8,8,1.0,1.0,1.0,1.0,1
redis.clients.jedis.StreamEntry.getFields(),redis.clients.jedis.resps.StreamEntry.getID(),8,23,1.0,0.0,1.0,0.0625,0
redis.clients.jedis.StreamEntry.getID(),redis.clients.jedis.resps.StreamEntry.getFields(),23,8,1.0,0.0,1.0,0.0625,0
redis.clients.jedis.StreamEntry.getID(),redis.clients.jedis.resps.StreamEntry.getID(),23,23,1.0,1.0,1.0,1.0,1
redis.clients.jedis.Tuple.getElement(),redis.clients.jedis.resps.Tuple.getElement(),5,5,1.0,1.0,1.0,1.0,1
redis.clients.jedis.Tuple.getElement(),redis.clients.jedis.resps.Tuple.getScore(),5,5,1.0,0.0,1.0,1.0,0
redis.clients.jedis.Tuple.getScore(),redis.clients.jedis.resps.Tuple.getElement(),5,5,1.0,0.0,1.0,1.0,0
redis.clients.jedis.Tuple.getScore(),redis.clients.jedis.resps.Tuple.getScore(),5,5,1.0,1.0,1.0,1.0,1
"redis.clients.jedis.ShardedJedis.incrBy(key, by)","redis.clients.jedis.Jedis.incrBy(key, by)",2,2,0.5,1.0,1.0,1.0,0
redis.clients.jedis.JedisPoolConfig.setMaxActive(MAX_ACTIVE),redis.clients.jedis.JedisPoolConfig.setMaxTotal(MAX_ACTIVE),34,53,1.0,0.3333333333333333,1.0,0.05,1
redis.clients.jedis.JedisPoolConfig.setMaxActive(MAX_ACTIVE),redis.clients.jedis.JedisPoolConfig.setMaxWaitMillis(MAX_WAIT),34,54,1.0,0.25,0.0,0.047619047619047616,0
redis.clients.jedis.JedisPoolConfig.setMaxWait(MAX_WAIT),redis.clients.jedis.JedisPoolConfig.setMaxTotal(MAX_ACTIVE),36,53,1.0,0.3333333333333333,0.0,0.05555555555555555,0
redis.clients.jedis.JedisPoolConfig.setMaxWait(MAX_WAIT),redis.clients.jedis.JedisPoolConfig.setMaxWaitMillis(MAX_WAIT),36,54,1.0,0.6666666666666666,1.0,0.05263157894736842,0
org.dmg.pmml.ClusteringModel.getClusters(),org.dmg.pmml.clustering.ClusteringModel.getClusters(),7,5,1.0,1.0,1.0,0.3333333333333333,1
org.dmg.pmml.Cluster.getArray(),org.dmg.pmml.clustering.ClusteringModel.getClusters(),11,5,0.0,0.0,1.0,0.14285714285714285,0
org.dmg.pmml.Cluster.getId(),org.dmg.pmml.clustering.ClusteringModel.getClusters(),12,5,0.0,0.0,1.0,0.125,0
org.dmg.pmml.Cluster.getSize(),org.dmg.pmml.clustering.ClusteringModel.getClusters(),14,5,0.0,0.0,1.0,0.1,0
org.dmg.pmml.Node.withScore(PMMLUtil.formatValue(probability)),org.dmg.pmml.Node.setScore(PMMLUtil.formatValue(probability)),8,8,1.0,0.5,1.0,1.0,1
org.dmg.pmml.AssociationRule.getSupport(),org.dmg.pmml.association.AssociationRule.getSupport(),1,1,1.0,1.0,1.0,1.0,1
org.dmg.pmml.Field.getOptype(),org.dmg.pmml.Field.getOpType(),2,2,1.0,1.0,1.0,1.0,1
org.dmg.pmml.Node.hasScore(),org.dmg.pmml.tree.Node.hasScore(),4,4,1.0,1.0,1.0,1.0,1
org.dmg.pmml.Node.hasScore(),org.dmg.pmml.tree.Node.getScore(),4,5,1.0,0.5,1.0,0.5,0
org.dmg.pmml.Node.getScore(),org.dmg.pmml.tree.Node.hasScore(),5,4,1.0,0.5,1.0,0.5,0
org.dmg.pmml.Node.getScore(),org.dmg.pmml.tree.Node.getScore(),5,5,1.0,1.0,1.0,1.0,1
org.dmg.pmml.RegressionModel.getNormalizationMethod(),org.dmg.pmml.regression.RegressionModel.getNormalizationMethod(),3,3,1.0,1.0,1.0,1.0,1
"com.ibm.cloud.sdk.core.http.RequestBuilder.constructHttpUrl(getServiceUrl(), pathSegments, pathParameters)","com.ibm.cloud.sdk.core.http.RequestBuilder.resolveRequestUrl(getServiceUrl(), ""/api/v2/keys/{id}/restore"", pathParamsMap)",5,5,1.0,0.2,0.33333333333333337,1.0,0
"com.ibm.cloud.sdk.core.http.RequestBuilder.constructHttpUrl(getServiceUrl(), pathSegments, pathParameters)",com.ibm.cloud.sdk.core.util.ResponseConverterUtils.getInputStream(),5,24,0.0,0.0,0.0,0.05,0
com.ibm.cloud.sdk.core.util.ResponseConverterUtils.getValue(new com.google.gson.reflect.TypeToken<Key>() { }.getType()),"com.ibm.cloud.sdk.core.http.RequestBuilder.resolveRequestUrl(getServiceUrl(), ""/api/v2/keys/{id}/restore"", pathParamsMap)",22,5,0.0,0.0,0.0,0.05555555555555555,0
com.ibm.cloud.sdk.core.util.ResponseConverterUtils.getValue(new com.google.gson.reflect.TypeToken<Key>() { }.getType()),com.ibm.cloud.sdk.core.util.ResponseConverterUtils.getInputStream(),22,24,1.0,0.0,0.0,0.3333333333333333,0
"com.ibm.cloud.sdk.core.http.RequestBuilder.constructHttpUrl(getServiceUrl(), pathSegments, pathParameters)","com.ibm.cloud.sdk.core.http.RequestBuilder.resolveRequestUrl(getServiceUrl(), ""/instance/templates/{id}"", pathParamsMap)",5,5,1.0,0.2,0.33333333333333337,1.0,0
"com.ibm.cloud.sdk.core.http.RequestBuilder.constructHttpUrl(getServiceUrl(), pathSegments, pathParameters)","com.ibm.cloud.sdk.core.http.RequestBuilder.bodyContent(com.ibm.cloud.sdk.core.util.GsonSingleton.getGsonWithoutPrettyPrinting().toJson(updateInstanceTemplateOptions.instanceTemplatePatch()), ""application/merge-patch+json"")",5,13,1.0,0.0,0.0,0.1111111111111111,0
com.ibm.cloud.sdk.core.http.RequestBuilder.bodyJson(contentJson),"com.ibm.cloud.sdk.core.http.RequestBuilder.resolveRequestUrl(getServiceUrl(), ""/instance/templates/{id}"", pathParamsMap)",17,5,1.0,0.0,0.0,0.07692307692307693,0
com.ibm.cloud.sdk.core.http.RequestBuilder.bodyJson(contentJson),"com.ibm.cloud.sdk.core.http.RequestBuilder.bodyContent(com.ibm.cloud.sdk.core.util.GsonSingleton.getGsonWithoutPrettyPrinting().toJson(updateInstanceTemplateOptions.instanceTemplatePatch()), ""application/merge-patch+json"")",17,13,1.0,0.3333333333333333,0.0,0.2,0
"com.ibm.cloud.sdk.core.http.RequestBuilder.bodyContent(com.ibm.cloud.sdk.core.util.GsonSingleton.getGsonWithoutPrettyPrinting().toJson(putConfigOptions.engineConfig()), ""application/json"")",com.ibm.cloud.sdk.core.http.RequestBuilder.bodyJson(contentJson),10,11,1.0,0.3333333333333333,0.0,0.5,0
com.ibm.cloud.sdk.core.security.IamAuthenticator.setURL(iamAuthUrl),com.ibm.cloud.sdk.core.security.IamAuthenticator.fromConfiguration(config),2,1,1.0,0.0,0.0,0.5,0
com.ibm.cloud.sdk.core.security.IamAuthenticator.validate(),com.ibm.cloud.sdk.core.security.IamAuthenticator.fromConfiguration(config),3,1,1.0,0.0,0.0,0.3333333333333333,0
com.ibm.cloud.sdk.core.http.Response.getResult(),com.ibm.cloud.sdk.core.service.exception.ServiceResponseException.getStatusCode(),9,8,0.3333333333333333,0.0,1.0,0.5,0
com.ibm.cloud.sdk.core.http.Response.getResult(),com.ibm.cloud.sdk.core.service.exception.ServiceResponseException.getMessage(),9,8,0.3333333333333333,0.0,1.0,0.5,0
com.ibm.cloud.sdk.core.http.Response.getResult(),com.ibm.cloud.sdk.core.service.exception.ServiceResponseException.getStatusCode(),9,9,0.3333333333333333,0.0,1.0,1.0,0
com.ibm.cloud.sdk.core.http.Response.getResult(),com.ibm.cloud.sdk.core.service.exception.ServiceResponseException.getStatusCode(),9,9,0.3333333333333333,0.0,1.0,1.0,0
com.ibm.cloud.sdk.core.http.Response.getResult(),com.ibm.cloud.sdk.core.service.exception.ServiceResponseException.getStatusCode(),9,9,0.3333333333333333,0.0,1.0,1.0,0
com.ibm.cloud.sdk.core.http.Response.getResult(),com.ibm.cloud.sdk.core.service.exception.ServiceResponseException.getStatusCode(),10,8,0.3333333333333333,0.0,1.0,0.3333333333333333,0
com.ibm.cloud.sdk.core.http.Response.getResult(),com.ibm.cloud.sdk.core.service.exception.ServiceResponseException.getMessage(),10,8,0.3333333333333333,0.0,1.0,0.3333333333333333,0
com.ibm.cloud.sdk.core.http.Response.getResult(),com.ibm.cloud.sdk.core.service.exception.ServiceResponseException.getStatusCode(),10,9,0.3333333333333333,0.0,1.0,0.5,0
com.ibm.cloud.sdk.core.http.Response.getResult(),com.ibm.cloud.sdk.core.service.exception.ServiceResponseException.getStatusCode(),10,9,0.3333333333333333,0.0,1.0,0.5,0
com.ibm.cloud.sdk.core.http.Response.getResult(),com.ibm.cloud.sdk.core.service.exception.ServiceResponseException.getStatusCode(),10,9,0.3333333333333333,0.0,1.0,0.5,0
cc.redberry.core.transformations.ExpandAndEliminateTransformation.expandAndEliminate(tensor),cc.redberry.core.transformations.EliminateMetricsTransformation.eliminate(tensor),3,6,0.4,0.5,1.0,0.25,0
cc.redberry.core.transformations.ExpandAndEliminateTransformation.expandAndEliminate(tensor),"cc.redberry.core.utils.TensorUtils.equals(traceOfOne.get(0), current)",3,11,0.0,0.0,0.0,0.1111111111111111,0
cc.redberry.core.transformations.ExpandAndEliminateTransformation.expandAndEliminate(tensor),cc.redberry.core.transformations.Transformation.transform(withoutExcessGamma5s),3,148,0.25,0.0,0.0,0.00684931506849315,0
cc.redberry.core.transformations.ExpandAndEliminateTransformation.expandAndEliminate(tensor),cc.redberry.core.transformations.Transformation.transform(current),3,164,0.25,0.0,0.0,0.006172839506172839,0
cc.redberry.core.transformations.ExpandAndEliminateTransformation.expandAndEliminate(tensor),cc.redberry.core.transformations.Transformation.transform(current),3,168,0.25,0.0,0.0,0.006024096385542169,0
cc.redberry.core.transformations.ExpandAndEliminateTransformation.expandAndEliminate(tensor),cc.redberry.core.transformations.Transformation.transform(current),3,169,0.25,0.0,0.0,0.005988023952095809,0
cc.redberry.core.transformations.ExpandAndEliminateTransformation.expandAndEliminate(current),cc.redberry.core.transformations.EliminateMetricsTransformation.eliminate(tensor),159,6,0.4,0.5,0.0,0.006493506493506494,0
cc.redberry.core.transformations.ExpandAndEliminateTransformation.expandAndEliminate(current),"cc.redberry.core.utils.TensorUtils.equals(traceOfOne.get(0), current)",159,11,0.0,0.0,0.6666666666666667,0.006711409395973154,0
cc.redberry.core.transformations.ExpandAndEliminateTransformation.expandAndEliminate(current),cc.redberry.core.transformations.Transformation.transform(withoutExcessGamma5s),159,148,0.25,0.0,0.0,0.08333333333333333,0
cc.redberry.core.transformations.ExpandAndEliminateTransformation.expandAndEliminate(current),cc.redberry.core.transformations.Transformation.transform(current),159,164,0.25,0.0,1.0,0.16666666666666666,0
cc.redberry.core.transformations.ExpandAndEliminateTransformation.expandAndEliminate(current),cc.redberry.core.transformations.Transformation.transform(current),159,168,0.25,0.0,1.0,0.1,0
cc.redberry.core.transformations.ExpandAndEliminateTransformation.expandAndEliminate(current),cc.redberry.core.transformations.Transformation.transform(current),159,169,0.25,0.0,1.0,0.09090909090909091,0
"cc.redberry.core.transformations.Transformation.Util.applyUntilUnchanged(tensor, 1000, overall)",cc.redberry.core.transformations.substitutions.SubstitutionIterator.next(),2,5,0.0,0.0,0.0,0.25,0
"cc.redberry.core.transformations.Transformation.Util.applyUntilUnchanged(tensor, 1000, overall)",cc.redberry.core.tensor.Tensor.getIndices(),2,8,0.0,0.0,0.0,0.14285714285714285,0
"cc.redberry.core.transformations.Transformation.Util.applyUntilUnchanged(tensor, 1000, overall)",cc.redberry.core.transformations.substitutions.SubstitutionIterator.safeSet(original),2,16,0.0,0.0,0.0,0.06666666666666667,0
"cc.redberry.core.transformations.Transformation.Util.applyUntilUnchanged(tensor, 1000, overall)",cc.redberry.core.transformations.substitutions.SubstitutionIterator.result(),2,18,0.0,0.0,0.0,0.058823529411764705,0
cc.redberry.core.context.CC.setDefaultOutputFormat(OutputFormat.SimpleRedberry),"cc.redberry.core.tensor.Tensors.parse(""G_a*G_b*G_c*G_d*q^a*q^b*k^c*k^d"")",2,3,0.0,0.0,0.0,0.5,0
cc.redberry.core.context.CC.setDefaultOutputFormat(OutputFormat.SimpleRedberry),"cc.redberry.core.tensor.Tensors.parse(""G_a*G_c*G_b*G_d*q^a*q^b*k^c*k^d"")",2,6,0.0,0.0,0.0,0.2,0
cc.redberry.core.context.CC.setDefaultOutputFormat(OutputFormat.SimpleRedberry),"cc.redberry.core.tensor.Tensors.parse(""G^a*q_a*G^b*k_b*G^c*p_c*G^d*q_d*G^e*k_e*G^f*p_f"")",2,9,0.0,0.0,0.0,0.125,0
cc.redberry.core.context.CC.setDefaultOutputFormat(OutputFormat.SimpleRedberry),"cc.redberry.core.tensor.Tensors.parse(""G^a*p_a*G^b*q_b*G^c*k_c*G^d*q_d*G^e*p_e*G^f*k_f"")",2,12,0.0,0.0,0.0,0.09090909090909091,0
cc.redberry.core.context.CC.current(),"cc.redberry.core.tensor.Tensors.parse(""G_a*G_b*G_c*G_d*q^a*q^b*k^c*k^d"")",4,3,0.0,0.0,0.0,0.5,0
cc.redberry.core.context.CC.current(),"cc.redberry.core.tensor.Tensors.parse(""G_a*G_c*G_b*G_d*q^a*q^b*k^c*k^d"")",4,6,0.0,0.0,0.0,0.3333333333333333,0
cc.redberry.core.context.CC.current(),"cc.redberry.core.tensor.Tensors.parse(""G^a*q_a*G^b*k_b*G^c*p_c*G^d*q_d*G^e*k_e*G^f*p_f"")",4,9,0.0,0.0,0.0,0.16666666666666666,0
cc.redberry.core.context.CC.current(),"cc.redberry.core.tensor.Tensors.parse(""G^a*p_a*G^b*q_b*G^c*k_c*G^d*q_d*G^e*p_e*G^f*k_f"")",4,12,0.0,0.0,0.0,0.1111111111111111,0
cc.redberry.core.context.CC.current().getParseManager().defaultParserPreprocessors.add(indicesInsertion),"cc.redberry.core.tensor.Tensors.parse(""G_a*G_b*G_c*G_d*q^a*q^b*k^c*k^d"")",4,3,0.0,0.0,0.0,0.5,0
cc.redberry.core.context.CC.current().getParseManager().defaultParserPreprocessors.add(indicesInsertion),"cc.redberry.core.tensor.Tensors.parse(""G_a*G_c*G_b*G_d*q^a*q^b*k^c*k^d"")",4,6,0.0,0.0,0.0,0.3333333333333333,0
cc.redberry.core.context.CC.current().getParseManager().defaultParserPreprocessors.add(indicesInsertion),"cc.redberry.core.tensor.Tensors.parse(""G^a*q_a*G^b*k_b*G^c*p_c*G^d*q_d*G^e*k_e*G^f*p_f"")",4,9,0.0,0.0,0.0,0.16666666666666666,0
cc.redberry.core.context.CC.current().getParseManager().defaultParserPreprocessors.add(indicesInsertion),"cc.redberry.core.tensor.Tensors.parse(""G^a*p_a*G^b*q_b*G^c*k_c*G^d*q_d*G^e*p_e*G^f*k_f"")",4,12,0.0,0.0,0.0,0.1111111111111111,0
"cc.redberry.core.parser.preprocessor.GeneralIndicesInsertion.addInsertionRule(parseSimple(""G^a'_b'a""), IndexType.Matrix1)","cc.redberry.core.tensor.Tensors.parse(""G_a*G_b*G_c*G_d*q^a*q^b*k^c*k^d"")",5,3,0.0,0.0,0.0,0.3333333333333333,0
"cc.redberry.core.parser.preprocessor.GeneralIndicesInsertion.addInsertionRule(parseSimple(""G^a'_b'a""), IndexType.Matrix1)","cc.redberry.core.tensor.Tensors.parse(""G_a*G_c*G_b*G_d*q^a*q^b*k^c*k^d"")",5,6,0.0,0.0,0.0,0.5,0
"cc.redberry.core.parser.preprocessor.GeneralIndicesInsertion.addInsertionRule(parseSimple(""G^a'_b'a""), IndexType.Matrix1)","cc.redberry.core.tensor.Tensors.parse(""G^a*q_a*G^b*k_b*G^c*p_c*G^d*q_d*G^e*k_e*G^f*p_f"")",5,9,0.0,0.0,0.0,0.2,0
"cc.redberry.core.parser.preprocessor.GeneralIndicesInsertion.addInsertionRule(parseSimple(""G^a'_b'a""), IndexType.Matrix1)","cc.redberry.core.tensor.Tensors.parse(""G^a*p_a*G^b*q_b*G^c*k_c*G^d*q_d*G^e*p_e*G^f*k_f"")",5,12,0.0,0.0,0.0,0.125,0
"cc.redberry.core.parser.preprocessor.GeneralIndicesInsertion.addInsertionRule(parseSimple(""G5^a'_b'""), IndexType.Matrix1)","cc.redberry.core.tensor.Tensors.parse(""G_a*G_b*G_c*G_d*q^a*q^b*k^c*k^d"")",6,3,0.0,0.0,0.0,0.25,0
"cc.redberry.core.parser.preprocessor.GeneralIndicesInsertion.addInsertionRule(parseSimple(""G5^a'_b'""), IndexType.Matrix1)","cc.redberry.core.tensor.Tensors.parse(""G_a*G_c*G_b*G_d*q^a*q^b*k^c*k^d"")",6,6,0.0,0.0,0.0,1.0,0
"cc.redberry.core.parser.preprocessor.GeneralIndicesInsertion.addInsertionRule(parseSimple(""G5^a'_b'""), IndexType.Matrix1)","cc.redberry.core.tensor.Tensors.parse(""G^a*q_a*G^b*k_b*G^c*p_c*G^d*q_d*G^e*k_e*G^f*p_f"")",6,9,0.0,0.0,0.0,0.25,0
"cc.redberry.core.parser.preprocessor.GeneralIndicesInsertion.addInsertionRule(parseSimple(""G5^a'_b'""), IndexType.Matrix1)","cc.redberry.core.tensor.Tensors.parse(""G^a*p_a*G^b*q_b*G^c*k_c*G^d*q_d*G^e*p_e*G^f*k_f"")",6,12,0.0,0.0,0.0,0.14285714285714285,0
org.elasticsearch.client.transport.TransportClient.prepareSearch(ElasticCityUtils.getPlotIndex(city)),"org.elasticsearch.client.RestHighLevelClient.search(searchRequest, RequestOptions.DEFAULT)",3,9,0.2,0.5,0.0,0.14285714285714285,0
org.elasticsearch.client.RestHighLevelClient.indices(),org.elasticsearch.client.RestHighLevelClient.getLowLevelClient(),1,2,1.0,0.0,1.0,0.5,0
org.elasticsearch.client.RestHighLevelClient.indices(),org.elasticsearch.client.ResponseException.getResponse(),1,5,0.0,0.0,1.0,0.2,0
org.elasticsearch.client.RestHighLevelClient.indices(),org.elasticsearch.client.indices.GetIndexRequest.local(false),7,34,0.0,0.0,0.0,0.03571428571428571,0
org.elasticsearch.client.RestHighLevelClient.indices(),org.elasticsearch.client.indices.GetIndexRequest.humanReadable(true),7,35,0.0,0.0,0.0,0.034482758620689655,0
org.elasticsearch.client.RestHighLevelClient.indices(),org.elasticsearch.client.indices.CreateIndexRequest.settings(setmapping),7,45,0.0,0.0,0.0,0.02564102564102564,0
org.elasticsearch.client.RestHighLevelClient.indices(),org.elasticsearch.client.indices.CreateIndexRequest.mapping(jsonMap2),7,47,0.0,0.0,0.0,0.024390243902439025,0
org.elasticsearch.client.RestHighLevelClient.indices(),"org.elasticsearch.client.indices.CreateIndexRequest.alias(new Alias(""pancm_alias""))",7,50,0.0,0.0,0.0,0.022727272727272728,0
"org.elasticsearch.client.RestHighLevelClient.index(request, RequestOptions.DEFAULT)","org.elasticsearch.client.RestHighLevelClient.indexAsync(request, RequestOptions.DEFAULT, listener())",17,16,1.0,0.0,0.8,0.5,0
"org.elasticsearch.client.RestHighLevelClient.index(request, RequestOptions.DEFAULT)",org.elasticsearch.client.Cancellable.toString(),17,18,0.0,0.0,0.0,0.5,0
org.elasticsearch.client.transport.TransportClient.index(request),org.elasticsearch.client.RestHighLevelClient.index(request),7,9,0.2,1.0,1.0,0.3333333333333333,0
"org.elasticsearch.client.Client.index(new IndexRequest(""partner"", ""doc"", partner.idAsString()).source(bytes, XContentType.JSON))","org.elasticsearch.client.RestHighLevelClient.index(new IndexRequest(""partner"", ""doc"", partner.idAsString()).source(bytes, XContentType.JSON), RequestOptions.DEFAULT)",2,2,0.25,1.0,0.6666666666666667,1.0,0
org.elasticsearch.client.RestHighLevelClient.cluster(),org.elasticsearch.client.RestHighLevelClient.indices(),20,20,1.0,0.0,1.0,1.0,0
org.elasticsearch.client.RestHighLevelClient.cluster(),org.elasticsearch.client.indices.GetIndexResponse.getIndices(),20,21,0.0,0.0,1.0,0.5,0
org.elasticsearch.client.RestHighLevelClient.bulk(bulk),"org.elasticsearch.client.RestClient.performRequest(""POST"", ""/_bulk"", Collections.emptyMap(), entity)",7,11,0.5,0.0,0.0,0.2,0
org.elasticsearch.client.RestHighLevelClient.bulk(bulk),org.elasticsearch.client.Response.getEntity(),7,16,0.0,0.0,0.0,0.1,0
org.elasticsearch.client.Requests.createIndexRequest(MESSAGES_INDEX_NAME),org.elasticsearch.client.indices.CreateIndexRequest.settings(settings),7,8,0.0,0.0,0.0,0.5,0
rx.subjects.PublishSubject.asObservable(),rx.subjects.PublishSubject.serialize(),1,1,1.0,0.0,1.0,1.0,0
rx.Single.just(failure(Collections.singleton(new NotFoundError()))),rx.Single.error(NotFoundException.get()),7,8,1.0,0.0,0.0,0.5,0
rx.Single.just(failure(Collections.singleton(new NotFoundError()))),rx.observers.TestSubscriber.assertError(NotFoundException.get()),7,14,0.0,0.0,0.0,0.125,0
rx.observers.TestSubscriber.assertValue(Optional.empty()),rx.Single.error(NotFoundException.get()),16,8,0.0,0.0,0.0,0.1111111111111111,0
rx.observers.TestSubscriber.assertValue(Optional.empty()),rx.observers.TestSubscriber.assertError(NotFoundException.get()),16,14,1.0,0.0,0.0,0.3333333333333333,0
"rx.Observable.timer(100, 100, TimeUnit.MILLISECONDS, scheduler)","rx.Observable.interval(100, 100, TimeUnit.MILLISECONDS, scheduler)",2,2,1.0,0.0,1.0,1.0,1
"rx.Observable.fromCallable(() -> {
            return rmConnection.batchUpdate(sqls, sqlPreProcessor);
        })","rx.Single.fromCallable(() -> {
            return rmConnection.batchUpdate(sqls, sqlPreProcessor);
        })",2,2,0.0,1.0,1.0,1.0,0
rx.Observable.just(response.body()),rx.Single.just(response.body()),2,2,0.0,1.0,1.0,1.0,0
rx.Observable.just(response.body()),rx.Single.error(new IOException()),2,4,0.0,0.0,0.0,0.3333333333333333,0
rx.Observable.error(new IOException()),rx.Single.just(response.body()),4,2,0.0,0.0,0.0,0.3333333333333333,0
rx.Observable.error(new IOException()),rx.Single.error(new IOException()),4,4,0.0,1.0,1.0,1.0,0
rx.Observable.toBlocking(),rx.Observable.toList(),22,22,1.0,0.0,1.0,1.0,0
"rx.Observable.subscribe(onNext, onError, onComplete)","rx.Single.subscribe(onSuccess, onError)",9,8,0.0,1.0,0.4,0.5,0
rx.schedulers.Schedulers.io(),rx.schedulers.Schedulers.computation(),4,4,1.0,0.0,1.0,1.0,0
com.jn.langx.http.HttpMethod.GET.name(),com.jn.langx.util.net.http.HttpMethod.GET.name(),2,2,1.0,1.0,1.0,1.0,1
com.jn.langx.http.HttpStatus.resolve(defaultStatusCode),com.jn.langx.util.net.http.HttpStatus.resolve(defaultStatusCode),1,1,1.0,1.0,1.0,1.0,1
com.jn.langx.ThreadLocalFactory.get(),com.jn.langx.util.concurrent.threadlocal.ThreadLocalFactory.get(),1,1,1.0,1.0,1.0,1.0,1
com.jn.langx.http.rest.RestRespBody.setRequestHeaders(Servlets.headersToMultiValueMap(request)),com.jn.langx.http.rest.RestRespBody.withRequestHeaders(Servlets.headersToMultiValueMap(request)),19,19,1.0,0.6666666666666666,1.0,1.0,1
com.jn.langx.util.io.unicode.Utf8s.decodeChars(json),com.jn.langx.util.io.unicode.Utf8s.convertHexToUnicode(json),3,3,1.0,0.0,1.0,1.0,0
com.jn.langx.factory.ThreadLocalFactory.get(),com.jn.langx.ThreadLocalFactory.get(),1,1,1.0,1.0,1.0,1.0,1
com.jn.langx.util.reflect.type.Types.getRawType(parameterType),com.jn.langx.util.reflect.Parameter.getParameterizedType(),32,32,0.0,0.3333333333333333,0.0,1.0,0
com.jn.langx.util.reflect.type.Types.getRawType(parameterType),com.jn.langx.util.Objects.isNotEmpty(argumentTypes),32,35,0.0,0.0,0.0,0.25,0
com.jn.langx.util.reflect.type.Types.getRawType(parameterType),com.jn.langx.util.reflect.type.Types.isClass(firstArgumentType),32,37,1.0,0.0,0.0,0.16666666666666666,0
com.jn.langx.util.reflect.type.Types.getRawType(parameterType),com.jn.langx.util.reflect.type.Types.toClass(firstArgumentType),32,38,1.0,0.0,0.0,0.14285714285714285,0
com.jn.langx.util.reflect.type.Types.getRawType(parameterType),com.jn.langx.util.reflect.parameter.MethodParameter.getParameterizedType(),32,94,0.0,0.3333333333333333,0.0,0.015873015873015872,0
com.jn.langx.util.reflect.type.Types.getRawType(parameterType),com.jn.langx.util.Objects.isNotEmpty(argumentTypes),32,97,0.0,0.0,0.0,0.015151515151515152,0
com.jn.langx.util.reflect.type.Types.getRawType(parameterType),com.jn.langx.util.reflect.type.Types.isClass(firstArgumentType),32,99,1.0,0.0,0.0,0.014705882352941176,0
com.jn.langx.util.reflect.type.Types.getRawType(parameterType),com.jn.langx.util.reflect.type.Types.toClass(firstArgumentType),32,100,1.0,0.0,0.0,0.014492753623188406,0
com.jn.langx.util.reflect.type.Types.getRawType(parameterType),com.jn.langx.util.reflect.Parameter.getParameterizedType(),79,32,0.0,0.3333333333333333,0.0,0.020833333333333332,0
com.jn.langx.util.reflect.type.Types.getRawType(parameterType),com.jn.langx.util.Objects.isNotEmpty(argumentTypes),79,35,0.0,0.0,0.0,0.022222222222222223,0
com.jn.langx.util.reflect.type.Types.getRawType(parameterType),com.jn.langx.util.reflect.type.Types.isClass(firstArgumentType),79,37,1.0,0.0,0.0,0.023255813953488372,0
com.jn.langx.util.reflect.type.Types.getRawType(parameterType),com.jn.langx.util.reflect.type.Types.toClass(firstArgumentType),79,38,1.0,0.0,0.0,0.023809523809523808,0
com.jn.langx.util.reflect.type.Types.getRawType(parameterType),com.jn.langx.util.reflect.parameter.MethodParameter.getParameterizedType(),79,94,0.0,0.3333333333333333,0.0,0.0625,0
com.jn.langx.util.reflect.type.Types.getRawType(parameterType),com.jn.langx.util.Objects.isNotEmpty(argumentTypes),79,97,0.0,0.0,0.0,0.05263157894736842,0
com.jn.langx.util.reflect.type.Types.getRawType(parameterType),com.jn.langx.util.reflect.type.Types.isClass(firstArgumentType),79,99,1.0,0.0,0.0,0.047619047619047616,0
com.jn.langx.util.reflect.type.Types.getRawType(parameterType),com.jn.langx.util.reflect.type.Types.toClass(firstArgumentType),79,100,1.0,0.0,0.0,0.045454545454545456,0
com.jn.langx.util.Objects.isEmpty(urls),com.jn.langx.util.Objs.isEmpty(urls),3,3,0.0,1.0,1.0,1.0,1
"com.jn.langx.util.Objects.equals(entry.getKey(), resourceDefinition)","com.jn.langx.util.Objs.equals(entry.getKey(), resourceDefinition)",17,17,0.0,1.0,1.0,1.0,0
com.jn.langx.factory.Factory.get(null),com.jn.langx.Factory.get(null),8,8,1.0,1.0,1.0,1.0,1
"org.apache.ibatis.session.SqlSession.insert(namespace + ""addOutgoingCallerId"", toMap(outgoingCallerId))",org.apache.ibatis.session.SqlSession.getMapper(OutgoingCallerIdsMapper.class),4,4,1.0,0.0,0.0,1.0,0
"org.apache.ibatis.session.SqlSession.selectOne(namespace + ""hasExpiredCookies"", sid.toString())",org.apache.ibatis.session.SqlSession.getMapper(HttpCookiesMapper.class),4,4,1.0,0.0,0.0,1.0,0
"org.apache.ibatis.session.SqlSession.update(namespace + ""updateConferenceDetailRecord"", toMap(cdr))",org.apache.ibatis.session.SqlSession.getMapper(ConferenceDetailRecordsMapper.class),4,4,1.0,0.0,0.0,1.0,0
org.apache.ibatis.builder.MapperBuilderAssistant.getLanguageDriver(null),org.apache.ibatis.session.Configuration.getLanguageDriver(null),1,2,0.0,1.0,1.0,0.5,1
org.apache.ibatis.session.SqlSession.getMapper(UserMapper.class),"org.apache.ibatis.session.SqlSession.delete(""com.pf.mybatis.demo.UserMapper.deleteUser"", user)",8,12,1.0,0.0,0.0,0.2,0
org.apache.ibatis.session.SqlSession.getMapper(UserMapper.class),"org.apache.ibatis.session.SqlSession.insert(""com.pf.mybatis.demo.UserMapper.insertUser"", user)",8,13,1.0,0.0,0.0,0.16666666666666666,0
org.apache.ibatis.session.SqlSession.getMapper(UserMapper.class),"org.apache.ibatis.session.SqlSession.selectOne(""com.pf.mybatis.demo.UserMapper.getUser"", user)",8,15,1.0,0.0,0.0,0.125,0
org.apache.ibatis.session.SqlSession.getMapper(UserMapper.class),org.apache.ibatis.session.SqlSession.commit(),8,18,1.0,0.0,0.0,0.09090909090909091,0
"org.apache.ibatis.session.SqlSession.selectList(ns + "".isExists"", params)","org.apache.ibatis.session.SqlSession.selectOne(ns + "".isExists"", params)",6,6,1.0,0.0,1.0,1.0,0
org.apache.ibatis.executor.parameter.DefaultParameterHandler.setParameters(ps),org.apache.ibatis.scripting.defaults.DefaultParameterHandler.setParameters(ps),14,14,1.0,1.0,1.0,1.0,1
org.apache.ibatis.datasource.DataSourceFactory.getDataSource(),org.apache.ibatis.parsing.XNode.getChildrenAsProperties(),10,10,0.0,0.0,1.0,1.0,0
"org.apache.ibatis.session.SqlSession.delete(namespace + "".deleteDestiny"", paraMap)","org.apache.ibatis.session.SqlSession.update(namespace + "".deleteDestiny"", paraMap)",6,6,1.0,0.0,1.0,1.0,0
"org.apache.ibatis.logging.Log.debug(""异常:"" + ex.getMessage())","org.apache.ibatis.logging.Log.error(""error"", ex)",12,12,1.0,0.0,0.0,1.0,0
org.apache.poi.openxml4j.exceptions.InvalidFormatException.printStackTrace(),org.apache.poi.xssf.streaming.SXSSFWorkbook.createSheet(),25,9,0.0,0.0,1.0,0.058823529411764705,0
org.apache.poi.openxml4j.exceptions.InvalidFormatException.printStackTrace(),org.apache.poi.xssf.streaming.SXSSFWorkbook.write(os),25,23,0.0,0.0,0.0,0.3333333333333333,0
org.apache.poi.xssf.usermodel.XSSFCell.getCellTypeEnum(),org.apache.poi.xssf.usermodel.XSSFCell.getCellType(),22,22,1.0,0.6666666666666666,1.0,1.0,1
org.apache.poi.xssf.usermodel.XSSFCellStyle.getAlignment(),org.apache.poi.xssf.usermodel.XSSFCellStyle.getAlignmentEnum(),5,5,1.0,0.5,1.0,1.0,1
org.apache.poi.xssf.model.SharedStringsTable.getEntryAt(idx),org.apache.poi.xssf.model.SharedStringsTable.getItemAt(idx),27,27,1.0,0.0,1.0,1.0,1
org.apache.poi.xssf.streaming.SXSSFSheet.createRow(20),org.apache.poi.xssf.streaming.SXSSFRow.getCell(0),8,7,0.3333333333333333,0.0,0.0,0.5,0
org.apache.poi.xssf.streaming.SXSSFSheet.createRow(20),org.apache.poi.xssf.streaming.SXSSFRow.getCell(1),8,8,0.3333333333333333,0.0,0.0,1.0,0
org.apache.poi.xssf.usermodel.XSSFFont.getFontHeight(),org.apache.poi.xssf.usermodel.XSSFFont.getFontHeightInPoints(),19,20,1.0,0.6666666666666666,1.0,0.5,0
org.apache.poi.xssf.usermodel.XSSFColor.getRgb(),org.apache.poi.xssf.usermodel.XSSFColor.getRGB(),19,19,1.0,1.0,1.0,1.0,1
org.apache.poi.xssf.eventusermodel.XSSFReader.getSharedStringsTable(),org.apache.poi.xssf.eventusermodel.XSSFReader.getStylesTable(),9,7,1.0,0.25,1.0,0.3333333333333333,0
org.apache.poi.xwpf.usermodel.XWPFPictureData.getPackageRelationship(),org.apache.poi.xwpf.usermodel.XWPFPictureData.getPackagePart(),6,6,1.0,0.3333333333333333,1.0,1.0,0
org.apache.poi.openxml4j.opc.PackageRelationship.getId(),org.apache.poi.xwpf.usermodel.XWPFPictureData.getPackagePart(),7,6,0.0,0.0,1.0,0.5,0
com.ksoot.problem.core.Problem.code(ProblemUtils.statusCode(HttpStatus.BAD_REQUEST)),com.ksoot.problem.core.Problems.newInstance(HttpStatus.BAD_REQUEST),4,4,0.0,0.0,0.0,1.0,0
com.ksoot.problem.core.ProblemUtils.statusCode(HttpStatus.BAD_REQUEST),com.ksoot.problem.core.Problems.newInstance(HttpStatus.BAD_REQUEST),4,4,0.0,0.0,1.0,1.0,0
com.beust.jcommander.JCommander.newBuilder(),"com.beust.jcommander.JCommander.addCommand(commands[i], options[i])",23,26,1.0,0.0,0.0,0.25,0
"com.beust.jcommander.JCommander.Builder.addCommand(commands[i], options[i])","com.beust.jcommander.JCommander.addCommand(commands[i], options[i])",26,26,0.6666666666666666,1.0,1.0,1.0,0
com.beust.jcommander.JCommander.Builder.build(),"com.beust.jcommander.JCommander.addCommand(commands[i], options[i])",29,26,0.6666666666666666,0.0,0.0,0.25,0
com.beust.jcommander.JCommander.usage(str),com.beust.jcommander.JCommander.setConsole(new DefaultConsole(out)),4,3,1.0,0.0,0.0,0.5,0
com.beust.jcommander.JCommander.usage(str),com.beust.jcommander.DefaultUsageFormatter.usage(str),4,6,0.0,1.0,1.0,0.3333333333333333,0
com.beust.jcommander.JCommander.getCommandDescription(commanderEntry.getKey()),com.beust.jcommander.DefaultUsageFormatter.getCommandDescription(commanderEntry.getKey()),6,7,0.0,1.0,1.0,0.5,1
com.beust.jcommander.ParameterException.getMessage(),com.beust.jcommander.JCommander.getConsole(),13,14,0.0,0.0,1.0,0.5,0
com.beust.jcommander.ParameterException.getMessage(),com.beust.jcommander.JCommander.getProgramName(),13,14,0.0,0.0,1.0,0.5,0
com.beust.jcommander.JCommander.getMainParameter(),com.beust.jcommander.JCommander.getMainParameterValue(),3,3,1.0,0.6666666666666666,1.0,1.0,0
com.beust.jcommander.JCommander.getMainParameter(),com.beust.jcommander.JCommander.getMainParameterValue(),3,3,1.0,0.6666666666666666,1.0,1.0,0
com.beust.jcommander.JCommander.getMainParameter(),com.beust.jcommander.JCommander.getMainParameterValue(),3,3,1.0,0.6666666666666666,1.0,1.0,0
com.beust.jcommander.JCommander.getMainParameter(),com.beust.jcommander.JCommander.getMainParameterValue(),3,3,1.0,0.6666666666666666,1.0,1.0,0
com.beust.jcommander.ParameterDescription.getField(),com.beust.jcommander.ParameterDescription.getParameterized(),10,10,1.0,0.0,1.0,1.0,1
"com.beust.jcommander.JCommander.addCommand(""member"", member)",com.beust.jcommander.JCommander.newBuilder(),13,2,1.0,0.0,0.0,0.08333333333333333,0
"com.beust.jcommander.JCommander.addCommand(""order"", order)",com.beust.jcommander.JCommander.newBuilder(),15,2,1.0,0.0,0.0,0.07142857142857142,0
"com.beust.jcommander.JCommander.addCommand(""instance"", instance)",com.beust.jcommander.JCommander.newBuilder(),17,2,1.0,0.0,0.0,0.0625,0
"com.beust.jcommander.JCommander.addCommand(""token"", token)",com.beust.jcommander.JCommander.newBuilder(),19,2,1.0,0.0,0.0,0.05555555555555555,0
"com.beust.jcommander.JCommander.addCommand(""resource"", resource)",com.beust.jcommander.JCommander.newBuilder(),21,2,1.0,0.0,0.0,0.05,0
"com.beust.jcommander.JCommander.addCommand(""storage"", storage)",com.beust.jcommander.JCommander.newBuilder(),23,2,1.0,0.0,0.0,0.045454545454545456,0
"com.beust.jcommander.JCommander.addCommand(""network"", network)",com.beust.jcommander.JCommander.newBuilder(),25,2,1.0,0.0,0.0,0.041666666666666664,0
"com.beust.jcommander.JCommander.addCommand(""attachment"", attachment)",com.beust.jcommander.JCommander.newBuilder(),27,2,1.0,0.0,0.0,0.038461538461538464,0
"com.beust.jcommander.JCommander.addCommand(""accounting"", accounting)",com.beust.jcommander.JCommander.newBuilder(),29,2,1.0,0.0,0.0,0.03571428571428571,0
"com.beust.jcommander.JCommander.setProgramName(""fogbow-cli"")",com.beust.jcommander.JCommander.newBuilder(),31,2,1.0,0.0,0.0,0.03333333333333333,0
com.beust.jcommander.JCommander.usage(),com.beust.jcommander.JCommander.newBuilder(),36,2,1.0,0.0,1.0,0.02857142857142857,0
com.beust.jcommander.JCommander.getParsedCommand(),com.beust.jcommander.JCommander.newBuilder(),40,2,1.0,0.0,1.0,0.02564102564102564,0
com.beust.jcommander.JCommander.usage(),com.beust.jcommander.JCommander.newBuilder(),43,2,1.0,0.0,1.0,0.023809523809523808,0
com.beust.jcommander.JCommander.usage(),com.beust.jcommander.JCommander.newBuilder(),57,2,1.0,0.0,1.0,0.017857142857142856,0
com.beust.jcommander.JCommander.usage(),com.beust.jcommander.JCommander.newBuilder(),62,2,1.0,0.0,1.0,0.01639344262295082,0
com.beust.jcommander.JCommander.usage(),com.beust.jcommander.JCommander.newBuilder(),136,2,1.0,0.0,1.0,0.007407407407407408,0
com.beust.jcommander.JCommander.setProgramName(getClass().getName()),com.beust.jcommander.JCommander.newBuilder(),5,4,1.0,0.0,0.0,0.5,0
com.beust.jcommander.JCommander.setProgramName(getClass().getName()),com.beust.jcommander.JCommander.parse(parameters.getRaw().toArray(new String[0])),5,6,1.0,0.0,0.0,0.5,0
com.beust.jcommander.JCommander.setCaseSensitiveOptions(true),com.beust.jcommander.JCommander.newBuilder(),6,4,1.0,0.0,0.0,0.3333333333333333,0
com.beust.jcommander.JCommander.setCaseSensitiveOptions(true),com.beust.jcommander.JCommander.parse(parameters.getRaw().toArray(new String[0])),6,6,1.0,0.0,0.0,1.0,0
com.beust.jcommander.JCommander.parse(args),com.beust.jcommander.ParameterException.getMessage(),7,14,0.0,0.0,0.0,0.125,0
org.apache.solr.client.solrj.SolrServer.shutdown(),org.apache.solr.client.solrj.SolrClient.close(),13,13,0.3333333333333333,0.0,1.0,1.0,1
"org.apache.solr.client.solrj.impl.CloudSolrServer.query(new SolrQuery(""*:*""))","org.apache.solr.client.solrj.impl.CloudSolrClient.query(new SolrQuery(""*:*""))",5,5,0.5,1.0,1.0,1.0,1
"org.apache.solr.client.solrj.impl.CloudSolrServer.query(new SolrQuery(""*:*""))","org.apache.solr.client.solrj.impl.CloudSolrClient.query(new SolrQuery(""*:*""))",5,6,0.5,1.0,1.0,0.5,0
"org.apache.solr.client.solrj.impl.CloudSolrServer.query(new SolrQuery(""*:*""))","org.apache.solr.client.solrj.impl.CloudSolrClient.query(new SolrQuery(""*:*""))",6,5,0.5,1.0,1.0,0.5,0
"org.apache.solr.client.solrj.impl.CloudSolrServer.query(new SolrQuery(""*:*""))","org.apache.solr.client.solrj.impl.CloudSolrClient.query(new SolrQuery(""*:*""))",6,6,0.5,1.0,1.0,1.0,1
org.apache.solr.client.solrj.impl.CloudSolrServer.commit(),"org.apache.solr.client.solrj.impl.CloudSolrClient.query(new SolrQuery(""*:*""))",48,5,0.5,0.0,0.0,0.022727272727272728,0
org.apache.solr.client.solrj.impl.CloudSolrServer.commit(),"org.apache.solr.client.solrj.impl.CloudSolrClient.query(new SolrQuery(""*:*""))",48,6,0.5,0.0,0.0,0.023255813953488372,0
org.apache.solr.client.solrj.impl.CloudSolrServer.commit(),"org.apache.solr.client.solrj.impl.CloudSolrClient.query(new SolrQuery(""*:*""))",49,5,0.5,0.0,0.0,0.022222222222222223,0
org.apache.solr.client.solrj.impl.CloudSolrServer.commit(),"org.apache.solr.client.solrj.impl.CloudSolrClient.query(new SolrQuery(""*:*""))",49,6,0.5,0.0,0.0,0.022727272727272728,0
"org.apache.solr.client.solrj.impl.CloudSolrServer.query(new SolrQuery(""*:*""))","org.apache.solr.client.solrj.impl.CloudSolrClient.query(new SolrQuery(""*:*""))",51,5,0.5,1.0,1.0,0.02127659574468085,0
"org.apache.solr.client.solrj.impl.CloudSolrServer.query(new SolrQuery(""*:*""))","org.apache.solr.client.solrj.impl.CloudSolrClient.query(new SolrQuery(""*:*""))",51,6,0.5,1.0,1.0,0.021739130434782608,0
"org.apache.solr.client.solrj.impl.CloudSolrServer.query(new SolrQuery(""*:*""))","org.apache.solr.client.solrj.impl.CloudSolrClient.query(new SolrQuery(""*:*""))",52,5,0.5,1.0,1.0,0.020833333333333332,0
"org.apache.solr.client.solrj.impl.CloudSolrServer.query(new SolrQuery(""*:*""))","org.apache.solr.client.solrj.impl.CloudSolrClient.query(new SolrQuery(""*:*""))",52,6,0.5,1.0,1.0,0.02127659574468085,0
org.apache.solr.client.solrj.SolrServer.query(Mockito.any(SolrQuery.class)),org.apache.solr.client.solrj.SolrClient.query(Mockito.any(SolrQuery.class)),7,7,0.3333333333333333,1.0,1.0,1.0,1
org.apache.solr.client.solrj.SolrServer.deleteById(idsToDelete),org.apache.solr.client.solrj.SolrClient.deleteById(idsToDelete),4,4,0.3333333333333333,1.0,1.0,1.0,1
"org.apache.solr.client.solrj.impl.HttpClientUtil.setSchemaRegistryProvider(new HttpClientUtil.SchemaRegistryProvider() {
                @Override
                public Registry<ConnectionSocketFactory> getSchemaRegistry() {
                    RegistryBuilder<ConnectionSocketFactory> builder = RegistryBuilder.create();
                    builder.register(""http"", PlainConnectionSocketFactory.getSocketFactory());
                    builder.register(""https"", sslSocketFactory);
                    return builder.build();
                }
            })","org.apache.solr.client.solrj.impl.HttpClientUtil.setSocketFactoryRegistryProvider(new HttpClientUtil.SocketFactoryRegistryProvider() {
                @Override
                public Registry<ConnectionSocketFactory> getSocketFactoryRegistry() {
                    RegistryBuilder<ConnectionSocketFactory> builder = RegistryBuilder.create();
                    builder.register(""http"", PlainConnectionSocketFactory.getSocketFactory());
                    builder.register(""https"", sslSocketFactory);
                    return builder.build();
                }
            })",21,21,1.0,0.4,0.0,1.0,1
org.apache.solr.client.solrj.SolrServer.request(request),org.apache.solr.client.solrj.impl.HttpSolrClient.request(request),21,21,0.25,1.0,1.0,1.0,0
"org.apache.solr.client.solrj.SolrServer.deleteByQuery(String.format(""individual:%s"", id))","org.apache.solr.client.solrj.SolrClient.deleteByQuery(String.format(""individual:%s"", id))",3,3,0.3333333333333333,1.0,1.0,1.0,1
"org.apache.solr.client.solrj.SolrServer.deleteByQuery(String.format(""individual:%s"", id))",org.apache.solr.client.solrj.SolrClient.commit(),3,4,0.3333333333333333,0.0,0.0,0.5,0
org.apache.solr.client.solrj.SolrServer.commit(),"org.apache.solr.client.solrj.SolrClient.deleteByQuery(String.format(""individual:%s"", id))",4,3,0.3333333333333333,0.0,0.0,0.5,0
org.apache.solr.client.solrj.SolrServer.commit(),org.apache.solr.client.solrj.SolrClient.commit(),4,4,0.3333333333333333,1.0,1.0,1.0,1
"org.apache.solr.client.solrj.impl.CloudSolrServer.deleteByQuery(""*:*"")","org.apache.solr.client.solrj.impl.CloudSolrClient.deleteByQuery(""*:*"")",27,27,0.5,1.0,1.0,1.0,1
"org.apache.solr.client.solrj.impl.CloudSolrServer.deleteByQuery(""*:*"")",org.apache.solr.client.solrj.impl.CloudSolrClient.commit(),27,28,0.5,0.0,0.0,0.5,0
"org.apache.solr.client.solrj.impl.CloudSolrServer.deleteByQuery(""*:*"")","org.apache.solr.client.solrj.impl.CloudSolrClient.deleteByQuery(""*:*"")",27,29,0.5,1.0,1.0,0.3333333333333333,0
"org.apache.solr.client.solrj.impl.CloudSolrServer.deleteByQuery(""*:*"")",org.apache.solr.client.solrj.impl.CloudSolrClient.commit(),27,30,0.5,0.0,0.0,0.25,0
org.apache.solr.client.solrj.impl.CloudSolrServer.commit(),"org.apache.solr.client.solrj.impl.CloudSolrClient.deleteByQuery(""*:*"")",28,27,0.5,0.0,0.0,0.5,0
org.apache.solr.client.solrj.impl.CloudSolrServer.commit(),org.apache.solr.client.solrj.impl.CloudSolrClient.commit(),28,28,0.5,1.0,1.0,1.0,1
org.apache.solr.client.solrj.impl.CloudSolrServer.commit(),"org.apache.solr.client.solrj.impl.CloudSolrClient.deleteByQuery(""*:*"")",28,29,0.5,0.0,0.0,0.5,0
org.apache.solr.client.solrj.impl.CloudSolrServer.commit(),org.apache.solr.client.solrj.impl.CloudSolrClient.commit(),28,30,0.5,1.0,1.0,0.3333333333333333,0
"org.apache.solr.client.solrj.impl.CloudSolrServer.deleteByQuery(""*:*"")","org.apache.solr.client.solrj.impl.CloudSolrClient.deleteByQuery(""*:*"")",29,27,0.5,1.0,1.0,0.3333333333333333,0
"org.apache.solr.client.solrj.impl.CloudSolrServer.deleteByQuery(""*:*"")",org.apache.solr.client.solrj.impl.CloudSolrClient.commit(),29,28,0.5,0.0,0.0,0.5,0
"org.apache.solr.client.solrj.impl.CloudSolrServer.deleteByQuery(""*:*"")","org.apache.solr.client.solrj.impl.CloudSolrClient.deleteByQuery(""*:*"")",29,29,0.5,1.0,1.0,1.0,1
"org.apache.solr.client.solrj.impl.CloudSolrServer.deleteByQuery(""*:*"")",org.apache.solr.client.solrj.impl.CloudSolrClient.commit(),29,30,0.5,0.0,0.0,0.5,0
org.apache.solr.client.solrj.impl.CloudSolrServer.commit(),"org.apache.solr.client.solrj.impl.CloudSolrClient.deleteByQuery(""*:*"")",30,27,0.5,0.0,0.0,0.25,0
org.apache.solr.client.solrj.impl.CloudSolrServer.commit(),org.apache.solr.client.solrj.impl.CloudSolrClient.commit(),30,28,0.5,1.0,1.0,0.3333333333333333,0
org.apache.solr.client.solrj.impl.CloudSolrServer.commit(),"org.apache.solr.client.solrj.impl.CloudSolrClient.deleteByQuery(""*:*"")",30,29,0.5,0.0,0.0,0.5,0
org.apache.solr.client.solrj.impl.CloudSolrServer.commit(),org.apache.solr.client.solrj.impl.CloudSolrClient.commit(),30,30,0.5,1.0,1.0,1.0,1
org.primefaces.context.RequestContext.getCurrentInstance(),org.primefaces.event.FileUploadEvent.getFile(),2,26,0.0,0.0,1.0,0.04,0
org.primefaces.context.RequestContext.getCurrentInstance(),org.primefaces.event.FileUploadEvent.getFile(),2,29,0.0,0.0,1.0,0.03571428571428571,0
org.primefaces.context.RequestContext.getCurrentInstance(),org.primefaces.PrimeFaces.current(),1,1,0.0,0.5,1.0,1.0,1
org.primefaces.context.RequestContext.getCurrentInstance(),"org.primefaces.PrimeFaces.executeScript(""PF('dlAltSetor').hide()"")",1,7,0.0,0.0,0.0,0.14285714285714285,0
"org.primefaces.context.RequestContext.execute(""PF('dlAltSetor').hide()"")",org.primefaces.PrimeFaces.current(),7,1,0.0,0.0,0.0,0.14285714285714285,0
"org.primefaces.context.RequestContext.execute(""PF('dlAltSetor').hide()"")","org.primefaces.PrimeFaces.executeScript(""PF('dlAltSetor').hide()"")",7,7,0.0,0.5,1.0,1.0,1
org.primefaces.model.UploadedFile.getFileName(),org.primefaces.model.file.UploadedFile.getFileName(),11,11,1.0,1.0,1.0,1.0,1
org.primefaces.model.UploadedFile.getFileName(),org.primefaces.model.file.UploadedFile.getFileName(),11,13,1.0,1.0,1.0,0.3333333333333333,0
org.primefaces.model.UploadedFile.getFileName(),org.primefaces.model.file.UploadedFile.getInputStream(),11,14,1.0,0.0,1.0,0.25,0
org.primefaces.model.UploadedFile.getFileName(),org.primefaces.model.file.UploadedFile.getFileName(),11,16,1.0,1.0,1.0,0.16666666666666666,0
org.primefaces.model.UploadedFile.getFileName(),org.primefaces.model.file.UploadedFile.getFileName(),13,11,1.0,1.0,1.0,0.3333333333333333,0
org.primefaces.model.UploadedFile.getFileName(),org.primefaces.model.file.UploadedFile.getFileName(),13,13,1.0,1.0,1.0,1.0,1
org.primefaces.model.UploadedFile.getFileName(),org.primefaces.model.file.UploadedFile.getInputStream(),13,14,1.0,0.0,1.0,0.5,0
org.primefaces.model.UploadedFile.getFileName(),org.primefaces.model.file.UploadedFile.getFileName(),13,16,1.0,1.0,1.0,0.25,0
org.primefaces.model.UploadedFile.getInputstream(),org.primefaces.model.file.UploadedFile.getFileName(),14,11,1.0,0.0,1.0,0.25,0
org.primefaces.model.UploadedFile.getInputstream(),org.primefaces.model.file.UploadedFile.getFileName(),14,13,1.0,0.0,1.0,0.5,0
org.primefaces.model.UploadedFile.getInputstream(),org.primefaces.model.file.UploadedFile.getInputStream(),14,14,1.0,1.0,1.0,1.0,1
org.primefaces.model.UploadedFile.getInputstream(),org.primefaces.model.file.UploadedFile.getFileName(),14,16,1.0,0.0,1.0,0.3333333333333333,0
org.primefaces.model.UploadedFile.getFileName(),org.primefaces.model.file.UploadedFile.getFileName(),16,11,1.0,1.0,1.0,0.16666666666666666,0
org.primefaces.model.UploadedFile.getFileName(),org.primefaces.model.file.UploadedFile.getFileName(),16,13,1.0,1.0,1.0,0.25,0
org.primefaces.model.UploadedFile.getFileName(),org.primefaces.model.file.UploadedFile.getInputStream(),16,14,1.0,0.0,1.0,0.3333333333333333,0
org.primefaces.model.UploadedFile.getFileName(),org.primefaces.model.file.UploadedFile.getFileName(),16,16,1.0,1.0,1.0,1.0,1
org.primefaces.extensions.model.timeline.TimelineEvent.getData(),org.primefaces.model.timeline.TimelineEvent.getData(),5,5,1.0,1.0,1.0,1.0,0
org.primefaces.extensions.model.timeline.TimelineEvent.getData(),org.primefaces.model.timeline.TimelineModel.delete(timelineEvent),5,36,0.3333333333333333,0.0,0.0,0.03125,0
org.primefaces.extensions.model.timeline.TimelineModel.delete(timelineEvent),org.primefaces.model.timeline.TimelineEvent.getData(),36,5,0.3333333333333333,0.0,0.0,0.03125,0
org.primefaces.extensions.model.timeline.TimelineModel.delete(timelineEvent),org.primefaces.model.timeline.TimelineModel.delete(timelineEvent),36,36,1.0,1.0,1.0,1.0,0
org.primefaces.context.RequestContext.getCurrentInstance(),org.primefaces.PrimeFaces.current(),1,1,0.0,0.5,1.0,1.0,1
"org.primefaces.context.RequestContext.addCallbackParam(""loggedIn"", loggedIn)",org.primefaces.PrimeFaces.current(),7,1,0.0,0.0,0.0,0.14285714285714285,0
"org.primefaces.context.RequestContext.addCallbackParam(""loggedIn"", loggedIn)",org.primefaces.PrimeFaces.current(),17,1,0.0,0.0,0.0,0.058823529411764705,0
org.primefaces.model.UploadedFile.getContents(),org.primefaces.model.DefaultStreamedContent.builder(),2,2,0.0,0.0,1.0,1.0,0
org.primefaces.model.UploadedFile.getContents(),org.primefaces.model.file.UploadedFile.getContentType(),2,3,1.0,0.0,1.0,0.5,0
org.primefaces.model.UploadedFile.getContents(),org.primefaces.model.file.UploadedFile.getContent(),2,4,1.0,0.0,1.0,0.3333333333333333,0
org.primefaces.model.UploadedFile.getContentType(),org.primefaces.model.DefaultStreamedContent.builder(),3,2,0.0,0.0,1.0,0.5,0
org.primefaces.model.UploadedFile.getContentType(),org.primefaces.model.file.UploadedFile.getContentType(),3,3,1.0,1.0,1.0,1.0,1
org.primefaces.model.UploadedFile.getContentType(),org.primefaces.model.file.UploadedFile.getContent(),3,4,1.0,0.5,1.0,0.5,0
org.primefaces.context.RequestContext.getCurrentInstance(),org.primefaces.PrimeFaces.current(),1,3,0.0,0.5,1.0,0.3333333333333333,1
"org.primefaces.context.RequestContext.scrollTo(""listenFormKaufverkauf:tabelleausgabenPanelKaufverkauf"")",org.primefaces.PrimeFaces.current(),2,3,0.0,0.0,0.0,0.5,0
weka.core.Instance.setDataset(attributeInfo),weka.classifiers.AbstractClassifier.buildClassifier(attributeInfo),25,53,0.0,0.0,1.0,0.034482758620689655,0
weka.core.Instance.setDataset(attributeInfo),weka.classifiers.AbstractClassifier.distributionForInstance(anInstance),25,54,0.0,0.0,0.0,0.03333333333333333,0
weka.core.Instances.attribute(i),weka.classifiers.AbstractClassifier.buildClassifier(attributeInfo),29,53,0.0,0.0,0.0,0.04,0
weka.core.Instances.attribute(i),weka.classifiers.AbstractClassifier.distributionForInstance(anInstance),29,54,0.0,0.0,0.0,0.038461538461538464,0
"weka.core.Instance.setValue(attr, f.getNominalValue().toString())",weka.classifiers.AbstractClassifier.buildClassifier(attributeInfo),34,53,0.0,0.0,0.0,0.05,0
"weka.core.Instance.setValue(attr, f.getNominalValue().toString())",weka.classifiers.AbstractClassifier.distributionForInstance(anInstance),34,54,0.0,0.0,0.0,0.047619047619047616,0
"weka.core.Instance.setValue(attr, f.getBooleanValue().toString())",weka.classifiers.AbstractClassifier.buildClassifier(attributeInfo),37,53,0.0,0.0,0.0,0.058823529411764705,0
"weka.core.Instance.setValue(attr, f.getBooleanValue().toString())",weka.classifiers.AbstractClassifier.distributionForInstance(anInstance),37,54,0.0,0.0,0.0,0.05555555555555555,0
"weka.core.Instance.setValue(attr, f.getDoubleValue())",weka.classifiers.AbstractClassifier.buildClassifier(attributeInfo),40,53,0.0,0.0,0.0,0.07142857142857142,0
"weka.core.Instance.setValue(attr, f.getDoubleValue())",weka.classifiers.AbstractClassifier.distributionForInstance(anInstance),40,54,0.0,0.0,0.0,0.06666666666666667,0
weka.classifiers.Classifier.distributionForInstance(anInstance),weka.classifiers.AbstractClassifier.buildClassifier(attributeInfo),52,53,0.5,0.0,0.0,0.5,0
weka.classifiers.Classifier.distributionForInstance(anInstance),weka.classifiers.AbstractClassifier.distributionForInstance(anInstance),52,54,0.5,1.0,1.0,0.3333333333333333,0
weka.classifiers.Classifier.buildClassifier(trainingData),weka.classifiers.AbstractClassifier.buildClassifier(trainingData),18,18,0.5,1.0,1.0,1.0,0
weka.clusterers.SimpleKMeans.setDontReplaceMissingValues(true),weka.core.Instances.numInstances(),11,25,0.0,0.0,0.0,0.06666666666666667,0
weka.clusterers.SimpleKMeans.setDontReplaceMissingValues(true),weka.core.Instances.instance(i),11,27,0.0,0.0,0.0,0.058823529411764705,0
weka.core.Instances.firstInstance(),weka.core.Instances.numInstances(),25,25,1.0,0.0,1.0,1.0,0
weka.core.Instances.firstInstance(),weka.core.Instances.instance(i),25,27,1.0,0.5,0.0,0.3333333333333333,0
weka.classifiers.meta.CVParameterSelection.setClassifier(classifier),weka.classifiers.AbstractClassifier.getClass(),1,5,0.0,0.0,0.0,0.2,0
weka.classifiers.meta.CVParameterSelection.setClassifier(classifier),weka.classifiers.AbstractClassifier.getClass(),1,8,0.0,0.0,0.0,0.125,0
weka.classifiers.meta.CVParameterSelection.getBestClassifierOptions(),weka.classifiers.AbstractClassifier.getClass(),2,5,0.0,0.0,1.0,0.25,0
weka.classifiers.meta.CVParameterSelection.getBestClassifierOptions(),weka.classifiers.AbstractClassifier.getClass(),2,8,0.0,0.0,1.0,0.14285714285714285,0
weka.classifiers.AbstractClassifier.setOptions(bestParameters),weka.classifiers.AbstractClassifier.getClass(),3,5,1.0,0.0,0.0,0.3333333333333333,0
weka.classifiers.AbstractClassifier.setOptions(bestParameters),weka.classifiers.AbstractClassifier.getClass(),3,8,1.0,0.0,0.0,0.16666666666666666,0
weka.classifiers.AbstractClassifier.buildClassifier(learningData),weka.classifiers.AbstractClassifier.getClass(),4,5,1.0,0.0,0.0,0.5,0
weka.classifiers.AbstractClassifier.buildClassifier(learningData),weka.classifiers.AbstractClassifier.getClass(),4,8,1.0,0.0,0.0,0.2,0
weka.classifiers.Evaluation.rootMeanSquaredError(),weka.classifiers.AbstractClassifier.getClass(),5,5,0.0,0.0,1.0,1.0,0
weka.classifiers.Evaluation.rootMeanSquaredError(),weka.classifiers.AbstractClassifier.getClass(),5,8,0.0,0.0,1.0,0.25,0
com.github.javaparser.ast.expr.AnnotationExpr.getName(),com.github.javaparser.ast.expr.AnnotationExpr.getNameAsString(),5,5,1.0,0.5,1.0,1.0,0
com.github.javaparser.ast.expr.AnnotationExpr.getName(),com.github.javaparser.ast.body.MethodDeclaration.getNameAsString(),5,11,0.0,0.5,1.0,0.14285714285714285,0
com.github.javaparser.ast.body.MethodDeclaration.getName(),com.github.javaparser.ast.expr.AnnotationExpr.getNameAsString(),11,5,0.0,0.5,1.0,0.14285714285714285,0
com.github.javaparser.ast.body.MethodDeclaration.getName(),com.github.javaparser.ast.body.MethodDeclaration.getNameAsString(),11,11,1.0,0.5,1.0,1.0,0
com.github.javaparser.ast.expr.ClassExpr.getChildrenNodes(),com.github.javaparser.ast.expr.ClassExpr.getChildNodes(),3,3,1.0,0.3333333333333333,1.0,1.0,1
com.github.javaparser.ast.expr.ClassExpr.getChildrenNodes(),com.github.javaparser.ast.expr.ClassExpr.remove(node),3,5,1.0,0.0,0.0,0.3333333333333333,0
com.github.javaparser.ast.expr.ClassExpr.getChildrenNodes(),com.github.javaparser.ast.expr.ClassExpr.getChildNodes(),5,3,1.0,0.3333333333333333,1.0,0.3333333333333333,0
com.github.javaparser.ast.expr.ClassExpr.getChildrenNodes(),com.github.javaparser.ast.expr.ClassExpr.remove(node),5,5,1.0,0.0,0.0,1.0,0
com.github.javaparser.ast.CompilationUnit.getBeginLine(),com.github.javaparser.ast.CompilationUnit.getBegin(),30,30,1.0,0.5,1.0,1.0,0
com.github.javaparser.ast.CompilationUnit.getBeginLine(),com.github.javaparser.ast.CompilationUnit.getBegin(),30,30,1.0,0.5,1.0,1.0,0
com.github.javaparser.ast.CompilationUnit.getBeginLine(),com.github.javaparser.ast.CompilationUnit.getEnd(),30,30,1.0,0.0,1.0,1.0,0
com.github.javaparser.ast.CompilationUnit.getBeginLine(),com.github.javaparser.ast.CompilationUnit.getEnd(),30,30,1.0,0.0,1.0,1.0,0
com.github.javaparser.ast.CompilationUnit.getBeginColumn(),com.github.javaparser.ast.CompilationUnit.getBegin(),30,30,1.0,0.5,1.0,1.0,0
com.github.javaparser.ast.CompilationUnit.getBeginColumn(),com.github.javaparser.ast.CompilationUnit.getBegin(),30,30,1.0,0.5,1.0,1.0,0
com.github.javaparser.ast.CompilationUnit.getBeginColumn(),com.github.javaparser.ast.CompilationUnit.getEnd(),30,30,1.0,0.0,1.0,1.0,0
com.github.javaparser.ast.CompilationUnit.getBeginColumn(),com.github.javaparser.ast.CompilationUnit.getEnd(),30,30,1.0,0.0,1.0,1.0,0
com.github.javaparser.ast.CompilationUnit.getEndLine(),com.github.javaparser.ast.CompilationUnit.getBegin(),30,30,1.0,0.0,1.0,1.0,0
com.github.javaparser.ast.CompilationUnit.getEndLine(),com.github.javaparser.ast.CompilationUnit.getBegin(),30,30,1.0,0.0,1.0,1.0,0
com.github.javaparser.ast.CompilationUnit.getEndLine(),com.github.javaparser.ast.CompilationUnit.getEnd(),30,30,1.0,0.5,1.0,1.0,0
com.github.javaparser.ast.CompilationUnit.getEndLine(),com.github.javaparser.ast.CompilationUnit.getEnd(),30,30,1.0,0.5,1.0,1.0,0
com.github.javaparser.ast.CompilationUnit.getEndColumn(),com.github.javaparser.ast.CompilationUnit.getBegin(),30,30,1.0,0.0,1.0,1.0,0
com.github.javaparser.ast.CompilationUnit.getEndColumn(),com.github.javaparser.ast.CompilationUnit.getBegin(),30,30,1.0,0.0,1.0,1.0,0
com.github.javaparser.ast.CompilationUnit.getEndColumn(),com.github.javaparser.ast.CompilationUnit.getEnd(),30,30,1.0,0.5,1.0,1.0,0
com.github.javaparser.ast.CompilationUnit.getEndColumn(),com.github.javaparser.ast.CompilationUnit.getEnd(),30,30,1.0,0.5,1.0,1.0,0
com.github.javaparser.ast.body.ClassOrInterfaceDeclaration.getName(),com.github.javaparser.ast.body.ClassOrInterfaceDeclaration.getNameAsString(),3,3,1.0,0.5,1.0,1.0,0
com.github.javaparser.ast.body.ClassOrInterfaceDeclaration.getExtends(),com.github.javaparser.ast.body.ClassOrInterfaceDeclaration.getNameAsString(),7,3,1.0,0.0,1.0,0.2,0
com.github.javaparser.ast.body.ClassOrInterfaceDeclaration.getExtends(),com.github.javaparser.ast.body.ClassOrInterfaceDeclaration.getNameAsString(),7,3,1.0,0.0,1.0,0.2,0
com.github.javaparser.ast.body.ClassOrInterfaceDeclaration.getExtends(),com.github.javaparser.ast.body.ClassOrInterfaceDeclaration.getNameAsString(),8,3,1.0,0.0,1.0,0.16666666666666666,0
com.github.javaparser.ast.body.ClassOrInterfaceDeclaration.getImplements(),com.github.javaparser.ast.body.ClassOrInterfaceDeclaration.getNameAsString(),21,3,1.0,0.0,1.0,0.05263157894736842,0
com.github.javaparser.ast.body.ClassOrInterfaceDeclaration.getImplements(),com.github.javaparser.ast.body.ClassOrInterfaceDeclaration.getNameAsString(),22,3,1.0,0.0,1.0,0.05,0
com.github.javaparser.ast.type.ClassOrInterfaceType.getName(),com.github.javaparser.ast.body.ClassOrInterfaceDeclaration.getNameAsString(),23,3,0.6,0.5,1.0,0.047619047619047616,0
org.skife.jdbi.v2.IDBI.open(),org.skife.jdbi.v2.DBI.open(),4,5,0.0,1.0,1.0,0.5,0
org.skife.jdbi.v2.IDBI.onDemand(MetadataDao.class),org.skife.jdbi.v2.DBI.onDemand(MetadataDao.class),7,7,0.0,1.0,1.0,1.0,0
org.skife.jdbi.v2.Handle.attach(MetadataDao.class),org.skife.jdbi.v2.IDBI.open(),5,5,0.0,0.0,0.0,1.0,0
org.skife.jdbi.v2.Handle.attach(MetadataDao.class),org.skife.jdbi.v2.IDBI.onDemand(MetadataDao.class),5,6,0.0,0.0,1.0,0.5,0
org.skife.jdbi.v2.DBI.registerMapper(new Db.CollectionMapper()),org.skife.jdbi.v2.DBI.registerArgumentFactory(new PathArgumentFactory()),8,13,1.0,0.25,0.0,0.16666666666666666,0
org.skife.jdbi.v2.DBI.registerMapper(new Db.CollectionMapper()),org.skife.jdbi.v2.DBI.onDemand(DAO.class),8,27,1.0,0.0,0.0,0.05,0
org.skife.jdbi.v2.DBI.registerMapper(new Db.CollectionWithFiltersMapper()),org.skife.jdbi.v2.DBI.registerArgumentFactory(new PathArgumentFactory()),9,13,1.0,0.25,0.0,0.2,0
org.skife.jdbi.v2.DBI.registerMapper(new Db.CollectionWithFiltersMapper()),org.skife.jdbi.v2.DBI.onDemand(DAO.class),9,27,1.0,0.0,0.0,0.05263157894736842,0
org.skife.jdbi.v2.DBI.registerMapper(new Db.CollectionWarcMapper()),org.skife.jdbi.v2.DBI.registerArgumentFactory(new PathArgumentFactory()),10,13,1.0,0.25,0.0,0.25,0
org.skife.jdbi.v2.DBI.registerMapper(new Db.CollectionWarcMapper()),org.skife.jdbi.v2.DBI.onDemand(DAO.class),10,27,1.0,0.0,0.0,0.05555555555555555,0
org.skife.jdbi.v2.DBI.registerMapper(new Db.CrawlMapper()),org.skife.jdbi.v2.DBI.registerArgumentFactory(new PathArgumentFactory()),11,13,1.0,0.25,0.0,0.3333333333333333,0
org.skife.jdbi.v2.DBI.registerMapper(new Db.CrawlMapper()),org.skife.jdbi.v2.DBI.onDemand(DAO.class),11,27,1.0,0.0,0.0,0.058823529411764705,0
org.skife.jdbi.v2.DBI.registerMapper(new Db.CrawlWithSeriesNameMapper()),org.skife.jdbi.v2.DBI.registerArgumentFactory(new PathArgumentFactory()),12,13,1.0,0.25,0.0,0.5,0
org.skife.jdbi.v2.DBI.registerMapper(new Db.CrawlWithSeriesNameMapper()),org.skife.jdbi.v2.DBI.onDemand(DAO.class),12,27,1.0,0.0,0.0,0.0625,0
org.skife.jdbi.v2.DBI.registerMapper(new Db.CrawlSeriesMapper()),org.skife.jdbi.v2.DBI.registerArgumentFactory(new PathArgumentFactory()),13,13,1.0,0.25,0.0,1.0,0
org.skife.jdbi.v2.DBI.registerMapper(new Db.CrawlSeriesMapper()),org.skife.jdbi.v2.DBI.onDemand(DAO.class),13,27,1.0,0.0,0.0,0.06666666666666667,0
org.skife.jdbi.v2.DBI.registerMapper(new Db.CrawlSeriesWithCountMapper()),org.skife.jdbi.v2.DBI.registerArgumentFactory(new PathArgumentFactory()),14,13,1.0,0.25,0.0,0.5,0
org.skife.jdbi.v2.DBI.registerMapper(new Db.CrawlSeriesWithCountMapper()),org.skife.jdbi.v2.DBI.onDemand(DAO.class),14,27,1.0,0.0,0.0,0.07142857142857142,0
org.skife.jdbi.v2.DBI.registerMapper(new Db.SeedMapper()),org.skife.jdbi.v2.DBI.registerArgumentFactory(new PathArgumentFactory()),15,13,1.0,0.25,0.0,0.3333333333333333,0
org.skife.jdbi.v2.DBI.registerMapper(new Db.SeedMapper()),org.skife.jdbi.v2.DBI.onDemand(DAO.class),15,27,1.0,0.0,0.0,0.07692307692307693,0
org.skife.jdbi.v2.DBI.registerMapper(new Db.SeedlistMapper()),org.skife.jdbi.v2.DBI.registerArgumentFactory(new PathArgumentFactory()),16,13,1.0,0.25,0.0,0.25,0
org.skife.jdbi.v2.DBI.registerMapper(new Db.SeedlistMapper()),org.skife.jdbi.v2.DBI.onDemand(DAO.class),16,27,1.0,0.0,0.0,0.08333333333333333,0
org.skife.jdbi.v2.DBI.registerMapper(new Db.WarcMapper()),org.skife.jdbi.v2.DBI.registerArgumentFactory(new PathArgumentFactory()),17,13,1.0,0.25,0.0,0.2,0
org.skife.jdbi.v2.DBI.registerMapper(new Db.WarcMapper()),org.skife.jdbi.v2.DBI.onDemand(DAO.class),17,27,1.0,0.0,0.0,0.09090909090909091,0
"org.skife.jdbi.v2.Handle.execute(""DROP "" + graph.tempTableDrop + "" TABLE IF EXISTS vp; CREATE TEMPORARY TABLE vp (id BIGINT) "" + graph.tempTableEngine + "";"")",org.skife.jdbi.v2.Handle.createQuery(sql),7,4,1.0,0.0,0.0,0.25,0
"org.skife.jdbi.v2.Handle.execute(""DROP "" + graph.tempTableDrop + "" TABLE IF EXISTS vp; CREATE TEMPORARY TABLE vp (id BIGINT) "" + graph.tempTableEngine + "";"")","org.skife.jdbi.v2.Query.bind(""value""+i, properties.get(i).getValue())",7,6,0.0,0.0,0.0,0.5,0
"org.skife.jdbi.v2.Handle.execute(""DROP "" + graph.tempTableDrop + "" TABLE IF EXISTS vp; CREATE TEMPORARY TABLE vp (id BIGINT) "" + graph.tempTableEngine + "";"")",org.skife.jdbi.v2.Query.map(new AmberVertexMapper(graph)),7,8,0.0,0.0,0.0,0.5,0
org.skife.jdbi.v2.Handle.createStatement(generateQuery()),org.skife.jdbi.v2.Handle.createQuery(sql),8,4,1.0,0.3333333333333333,0.0,0.2,0
org.skife.jdbi.v2.Handle.createStatement(generateQuery()),"org.skife.jdbi.v2.Query.bind(""value""+i, properties.get(i).getValue())",8,6,0.0,0.0,0.0,0.3333333333333333,0
org.skife.jdbi.v2.Handle.createStatement(generateQuery()),org.skife.jdbi.v2.Query.map(new AmberVertexMapper(graph)),8,8,0.0,0.0,0.0,1.0,0
"org.skife.jdbi.v2.Update.bind(""name""+i, properties.get(i).getName())",org.skife.jdbi.v2.Handle.createQuery(sql),11,4,0.0,0.0,0.0,0.125,0
"org.skife.jdbi.v2.Update.bind(""name""+i, properties.get(i).getName())","org.skife.jdbi.v2.Query.bind(""value""+i, properties.get(i).getValue())",11,6,0.0,1.0,0.0,0.16666666666666666,0
"org.skife.jdbi.v2.Update.bind(""name""+i, properties.get(i).getName())",org.skife.jdbi.v2.Query.map(new AmberVertexMapper(graph)),11,8,0.0,0.0,0.0,0.25,0
"org.skife.jdbi.v2.Update.bind(""value""+i, AmberProperty.encode(properties.get(i).getValue()))",org.skife.jdbi.v2.Handle.createQuery(sql),12,4,0.0,0.0,0.0,0.1111111111111111,0
"org.skife.jdbi.v2.Update.bind(""value""+i, AmberProperty.encode(properties.get(i).getValue()))","org.skife.jdbi.v2.Query.bind(""value""+i, properties.get(i).getValue())",12,6,0.0,1.0,0.5,0.14285714285714285,0
"org.skife.jdbi.v2.Update.bind(""value""+i, AmberProperty.encode(properties.get(i).getValue()))",org.skife.jdbi.v2.Query.map(new AmberVertexMapper(graph)),12,8,0.0,0.0,0.0,0.2,0
org.skife.jdbi.v2.Update.execute(),org.skife.jdbi.v2.Handle.createQuery(sql),14,4,0.0,0.0,0.0,0.09090909090909091,0
org.skife.jdbi.v2.Update.execute(),"org.skife.jdbi.v2.Query.bind(""value""+i, properties.get(i).getValue())",14,6,0.0,0.0,0.0,0.1111111111111111,0
org.skife.jdbi.v2.Update.execute(),org.skife.jdbi.v2.Query.map(new AmberVertexMapper(graph)),14,8,0.0,0.0,0.0,0.14285714285714285,0
org.skife.jdbi.v2.Handle.commit(),org.skife.jdbi.v2.Handle.createQuery(sql),15,4,1.0,0.0,0.0,0.08333333333333333,0
org.skife.jdbi.v2.Handle.commit(),"org.skife.jdbi.v2.Query.bind(""value""+i, properties.get(i).getValue())",15,6,0.0,0.0,0.0,0.1,0
org.skife.jdbi.v2.Handle.commit(),org.skife.jdbi.v2.Query.map(new AmberVertexMapper(graph)),15,8,0.0,0.0,0.0,0.125,0
org.skife.jdbi.v2.DBI.onDemand(DummySqlTest.class),org.skife.jdbi.v2.IDBI.onDemand(DummySqlTest.class),3,3,0.0,1.0,1.0,1.0,0
org.apache.jena.sparql.core.DatasetGraphFactory.createMem(),org.apache.jena.sparql.core.DatasetGraphFactory.createGeneral(),1,1,1.0,0.3333333333333333,1.0,1.0,1
org.apache.jena.sparql.core.DatasetGraphFactory.createMem(),org.apache.jena.sparql.core.DatasetGraphFactory.createGeneral(),1,1,1.0,0.3333333333333333,1.0,1.0,0
org.apache.jena.sparql.core.DatasetGraphFactory.createMem(),org.apache.jena.sparql.core.DatasetGraphFactory.createGeneral(),1,1,1.0,0.3333333333333333,1.0,1.0,0
org.apache.jena.sparql.core.DatasetGraphFactory.createMem(),org.apache.jena.sparql.core.DatasetGraphFactory.createGeneral(),1,1,1.0,0.3333333333333333,1.0,1.0,1
"org.apache.jena.riot.RiotReader.createIteratorTriples(tis, lang, base)","org.apache.jena.riot.RDFDataMgr.createIteratorTriples(tis, lang, base)",6,6,0.0,1.0,1.0,1.0,1
org.apache.jena.query.DatasetFactory.createMem(),org.apache.jena.query.DatasetFactory.createGeneral(),1,1,1.0,0.3333333333333333,1.0,1.0,1
org.apache.jena.update.GraphStoreFactory.create(ModelFactory.createDefaultModel()),org.apache.jena.sparql.core.DatasetGraphFactory.createGeneral(),5,5,0.5,0.0,0.0,1.0,0
org.apache.jena.riot.rowset.rw.RowSetReaderJSON.factory.create(ResultSetLang.RS_JSON),org.apache.jena.riot.rowset.RowSetReaderRegistry.getFactory(ResultSetLang.RS_JSON),12,12,0.5,0.0,1.0,1.0,0
org.apache.jena.query.Query.getResolver(),org.apache.jena.query.Query.getPrologue(),5,3,1.0,0.0,1.0,0.3333333333333333,0
org.apache.jena.sparql.expr.E_LogicalAnd.getArg(1),org.apache.jena.sparql.expr.E_LogicalAnd.getArg1(),78,83,1.0,0.0,0.0,0.16666666666666666,0
org.apache.jena.sparql.expr.E_LogicalAnd.getArg(1),org.apache.jena.sparql.expr.E_LogicalAnd.getArg2(),78,86,1.0,0.0,0.0,0.1111111111111111,0
org.apache.jena.sparql.expr.E_LogicalAnd.getArg(2),org.apache.jena.sparql.expr.E_LogicalAnd.getArg1(),78,83,1.0,0.0,0.0,0.16666666666666666,0
org.apache.jena.sparql.expr.E_LogicalAnd.getArg(2),org.apache.jena.sparql.expr.E_LogicalAnd.getArg2(),78,86,1.0,0.0,0.0,0.1111111111111111,0
"org.apache.jena.query.QueryExecutionFactory.sparqlService(knowledgeSource.getService(), query)",org.apache.jena.query.QueryExecution.service(knowledgeSource.getService()),3,3,0.6666666666666666,0.5,0.6666666666666667,1.0,1
"org.apache.jena.riot.system.StreamOps.sendTriplesToStream(triples, writer)","org.apache.jena.riot.system.StreamRDFOps.sendTriplesToStream(triples, writer)",6,6,0.6666666666666666,1.0,1.0,1.0,1
org.apache.jena.sparql.sse.SSEParseException.getMessage(),org.apache.jena.sparql.sse.SSE_ParseException.getMessage(),10,10,1.0,1.0,1.0,1.0,1
org.jpmml.evaluator.NeuralNetworkEvaluator.evaluate(map),org.jpmml.evaluator.neural_network.NeuralNetworkEvaluator.evaluate(map),10,10,1.0,1.0,1.0,1.0,1
org.jpmml.evaluator.ModelEvaluatorFactory.newModelManager(pmml),org.jpmml.evaluator.ModelEvaluatorFactory.newModelEvaluator(pmml),22,22,1.0,0.5,1.0,1.0,1
org.jpmml.evaluator.ModelEvaluatorFactory.getInstance(),org.jpmml.evaluator.ModelEvaluatorFactory.newInstance(),5,5,1.0,1.0,1.0,1.0,1
org.jpmml.evaluator.ModelEvaluator.getGroupFields(),org.jpmml.evaluator.HasGroupFields.getGroupFields(),5,10,0.0,1.0,1.0,0.16666666666666666,0
org.jpmml.evaluator.ModelEvaluator.getGroupFields(),org.jpmml.evaluator.ModelEvaluator.getTargetFields(),5,16,1.0,0.3333333333333333,1.0,0.08333333333333333,0
org.jpmml.evaluator.ModelEvaluator.getGroupFields(),org.jpmml.evaluator.ModelEvaluator.getOutputFields(),5,20,1.0,0.3333333333333333,1.0,0.0625,0
org.jpmml.evaluator.EvaluatorUtil.getTargetFields(evaluator),org.jpmml.evaluator.HasGroupFields.getGroupFields(),10,10,0.0,0.3333333333333333,0.0,1.0,0
org.jpmml.evaluator.EvaluatorUtil.getTargetFields(evaluator),org.jpmml.evaluator.ModelEvaluator.getTargetFields(),10,16,0.3333333333333333,1.0,0.0,0.14285714285714285,0
org.jpmml.evaluator.EvaluatorUtil.getTargetFields(evaluator),org.jpmml.evaluator.ModelEvaluator.getOutputFields(),10,20,0.3333333333333333,0.3333333333333333,0.0,0.09090909090909091,0
org.jpmml.evaluator.EvaluatorUtil.getOutputFields(evaluator),org.jpmml.evaluator.HasGroupFields.getGroupFields(),14,10,0.0,0.3333333333333333,0.0,0.2,0
org.jpmml.evaluator.EvaluatorUtil.getOutputFields(evaluator),org.jpmml.evaluator.ModelEvaluator.getTargetFields(),14,16,0.3333333333333333,0.3333333333333333,0.0,0.3333333333333333,0
org.jpmml.evaluator.EvaluatorUtil.getOutputFields(evaluator),org.jpmml.evaluator.ModelEvaluator.getOutputFields(),14,20,0.3333333333333333,1.0,0.0,0.14285714285714285,0
org.jpmml.evaluator.ModelEvaluatorFactory.newModelManager(pmml),org.jpmml.evaluator.ModelEvaluatorFactory.newModelEvaluator(pmml),12,10,1.0,0.5,1.0,0.3333333333333333,1
org.jpmml.evaluator.ModelEvaluatorFactory.newModelManager(pmml),org.jpmml.evaluator.Evaluator.getSummary(),12,12,0.3333333333333333,0.0,0.0,1.0,0
org.jpmml.evaluator.ModelEvaluatorFactory.newModelManager(pmml),org.jpmml.evaluator.HasGroupFields.getGroupFields(),12,25,0.0,0.0,0.0,0.07142857142857142,0
org.jpmml.evaluator.ModelEvaluatorFactory.newModelManager(pmml),org.jpmml.evaluator.HasOrderFields.getOrderFields(),12,34,0.0,0.0,0.0,0.043478260869565216,0
org.jpmml.evaluator.Evaluator.getGroupFields(),org.jpmml.evaluator.ModelEvaluatorFactory.newModelEvaluator(pmml),18,10,0.3333333333333333,0.0,0.0,0.1111111111111111,0
org.jpmml.evaluator.Evaluator.getGroupFields(),org.jpmml.evaluator.Evaluator.getSummary(),18,12,1.0,0.0,1.0,0.14285714285714285,0
org.jpmml.evaluator.Evaluator.getGroupFields(),org.jpmml.evaluator.HasGroupFields.getGroupFields(),18,25,0.0,1.0,1.0,0.125,0
org.jpmml.evaluator.Evaluator.getGroupFields(),org.jpmml.evaluator.HasOrderFields.getOrderFields(),18,34,0.0,0.3333333333333333,1.0,0.058823529411764705,0
org.jpmml.evaluator.Evaluator.getActiveFields(),org.jpmml.evaluator.Evaluator.getInputFields(),9,9,1.0,0.3333333333333333,1.0,1.0,1
org.jpmml.evaluator.ModelEvaluatorFactory.newInstance(),org.jpmml.evaluator.LoadingModelEvaluatorBuilder.setSchema(schema),14,17,0.4,0.0,0.0,0.25,0
org.jpmml.evaluator.ModelEvaluatorFactory.newInstance(),org.jpmml.evaluator.LoadingModelEvaluatorBuilder.setVisitors(visitors),14,47,0.4,0.0,0.0,0.029411764705882353,0
org.jpmml.evaluator.ModelEvaluatorFactory.newInstance(),org.jpmml.evaluator.LoadingModelEvaluatorBuilder.setModelEvaluatorFactory(newInstance(modelEvaluatorFactoryClazz)),14,53,0.4,0.75,0.0,0.025,0
org.jpmml.evaluator.ModelEvaluatorFactory.newInstance(),org.jpmml.evaluator.LoadingModelEvaluatorBuilder.setValueFactoryFactory(newInstance(valueFactoryFactoryClazz)),14,60,0.4,0.16666666666666666,0.0,0.02127659574468085,0
org.jpmml.evaluator.ModelEvaluatorFactory.newInstance(),org.jpmml.evaluator.LoadingModelEvaluatorBuilder.setResultMapper(resultMapper),14,77,0.4,0.0,0.0,0.015625,0
org.jpmml.evaluator.ModelEvaluator.getOutputFields(),org.jpmml.evaluator.EvaluatorUtil.getOutputFields(evaluator),14,14,0.3333333333333333,1.0,0.0,1.0,1
org.apache.commons.mail.HtmlEmail.setSSL(true),org.apache.commons.mail.HtmlEmail.isSSLOnConnect(),50,52,1.0,0.0,0.0,0.3333333333333333,0
org.apache.commons.mail.MultiPartEmail.setSSL(smtpSsl),org.apache.commons.mail.MultiPartEmail.setSSLOnConnect(smtpSsl),8,8,1.0,0.5,1.0,1.0,1
org.apache.commons.mail.Email.setTLS(tls),org.apache.commons.mail.Email.setStartTLSEnabled(tls),7,7,1.0,0.3333333333333333,1.0,1.0,1
org.apache.commons.mail.MultiPartEmail.getSubject(),org.apache.commons.mail.HtmlEmail.getSubject(),3,3,0.25,1.0,1.0,1.0,0
org.apache.commons.mail.MultiPartEmail.getSubject(),org.apache.commons.mail.HtmlEmail.send(),3,4,0.25,0.0,1.0,0.5,0
org.apache.commons.mail.MultiPartEmail.getSubject(),org.apache.commons.mail.HtmlEmail.getSubject(),3,5,0.25,1.0,1.0,0.3333333333333333,0
org.apache.commons.mail.MultiPartEmail.send(),org.apache.commons.mail.HtmlEmail.getSubject(),4,3,0.25,0.0,1.0,0.5,0
org.apache.commons.mail.MultiPartEmail.send(),org.apache.commons.mail.HtmlEmail.send(),4,4,0.25,1.0,1.0,1.0,0
org.apache.commons.mail.MultiPartEmail.send(),org.apache.commons.mail.HtmlEmail.getSubject(),4,5,0.25,0.0,1.0,0.5,0
org.apache.commons.mail.MultiPartEmail.getSubject(),org.apache.commons.mail.HtmlEmail.getSubject(),5,3,0.25,1.0,1.0,0.3333333333333333,0
org.apache.commons.mail.MultiPartEmail.getSubject(),org.apache.commons.mail.HtmlEmail.send(),5,4,0.25,0.0,1.0,0.5,0
org.apache.commons.mail.MultiPartEmail.getSubject(),org.apache.commons.mail.HtmlEmail.getSubject(),5,5,0.25,1.0,1.0,1.0,0
org.apache.commons.mail.SimpleEmail.setMsg(message),"org.apache.commons.mail.SimpleEmail.setContent(message, ""text/plain; charset=UTF-8"")",12,15,1.0,0.0,0.6666666666666667,0.25,0
"org.apache.commons.mail.MultiPartEmail.addTo(convertToEmail(r, sparseSession))",org.apache.commons.mail.MultiPartEmail.setTo(Lists.newArrayList(new InternetAddress(to))),27,20,1.0,0.0,0.0,0.125,0
"org.apache.commons.mail.MultiPartEmail.addTo(convertToEmail(r, sparseSession))","org.apache.commons.mail.MultiPartEmail.addHeader(""To"", ""undisclosed-recipients:;"")",27,25,1.0,0.0,0.0,0.3333333333333333,0
org.apache.commons.mail.HtmlEmail.setTLS(useTls),org.apache.commons.mail.HtmlEmail.setStartTLSEnabled(useTls),10,10,1.0,0.3333333333333333,1.0,1.0,1
org.apache.commons.mail.HtmlEmail.setTLS(useTls),org.apache.commons.mail.HtmlEmail.setSSLOnConnect(useSsl),10,11,1.0,0.0,0.0,0.5,0
org.apache.commons.mail.HtmlEmail.setSSL(useSsl),org.apache.commons.mail.HtmlEmail.setStartTLSEnabled(useTls),11,10,1.0,0.0,0.0,0.5,0
org.apache.commons.mail.HtmlEmail.setSSL(useSsl),org.apache.commons.mail.HtmlEmail.setSSLOnConnect(useSsl),11,11,1.0,0.5,1.0,1.0,1
org.apache.commons.mail.HtmlEmail.setTextMsg(message.getData()),org.apache.commons.mail.HtmlEmail.setSSLCheckServerIdentity(smtpssl || smtptls),29,6,1.0,0.0,0.0,0.041666666666666664,0
org.apache.commons.mail.HtmlEmail.setTextMsg(message.getData()),org.apache.commons.mail.HtmlEmail.setSslSmtpPort(Integer.toString(smtpport)),29,16,1.0,0.0,0.0,0.07142857142857142,0
org.apache.commons.mail.HtmlEmail.setTextMsg(message.getData()),org.apache.commons.mail.HtmlEmail.setMsg(message.getMessage()),29,36,1.0,0.5,0.0,0.125,0
org.apache.commons.mail.HtmlEmail.setTextMsg(message.getData()),"org.apache.commons.mail.HtmlEmail.setAuthenticator(new DefaultAuthenticator(smtpuser, smtppassword))",29,41,1.0,0.0,0.0,0.07692307692307693,0
org.apache.commons.mail.HtmlEmail.setTextMsg(message.getData()),"org.apache.commons.mail.HtmlEmail.setAuthenticator(new DefaultAuthenticator(message.getLogin(), message.getPassword()))",29,45,1.0,0.0,0.0,0.058823529411764705,0
"org.apache.commons.mail.HtmlEmail.setAuthentication(EMAIL.smtpuser, EMAIL.smtppassword)",org.apache.commons.mail.HtmlEmail.setSSLCheckServerIdentity(smtpssl || smtptls),33,6,1.0,0.0,0.0,0.03571428571428571,0
"org.apache.commons.mail.HtmlEmail.setAuthentication(EMAIL.smtpuser, EMAIL.smtppassword)",org.apache.commons.mail.HtmlEmail.setSslSmtpPort(Integer.toString(smtpport)),33,16,1.0,0.0,0.0,0.05555555555555555,0
"org.apache.commons.mail.HtmlEmail.setAuthentication(EMAIL.smtpuser, EMAIL.smtppassword)",org.apache.commons.mail.HtmlEmail.setMsg(message.getMessage()),33,36,1.0,0.0,0.0,0.25,0
"org.apache.commons.mail.HtmlEmail.setAuthentication(EMAIL.smtpuser, EMAIL.smtppassword)","org.apache.commons.mail.HtmlEmail.setAuthenticator(new DefaultAuthenticator(smtpuser, smtppassword))",33,41,1.0,0.0,0.0,0.1111111111111111,0
"org.apache.commons.mail.HtmlEmail.setAuthentication(EMAIL.smtpuser, EMAIL.smtppassword)","org.apache.commons.mail.HtmlEmail.setAuthenticator(new DefaultAuthenticator(message.getLogin(), message.getPassword()))",33,45,1.0,0.0,0.0,0.07692307692307693,0
"org.apache.commons.mail.HtmlEmail.setAuthentication(message.getLogin(), message.getPassword())",org.apache.commons.mail.HtmlEmail.setSSLCheckServerIdentity(smtpssl || smtptls),36,6,1.0,0.0,0.0,0.03225806451612903,0
"org.apache.commons.mail.HtmlEmail.setAuthentication(message.getLogin(), message.getPassword())",org.apache.commons.mail.HtmlEmail.setSslSmtpPort(Integer.toString(smtpport)),36,16,1.0,0.0,0.0,0.047619047619047616,0
"org.apache.commons.mail.HtmlEmail.setAuthentication(message.getLogin(), message.getPassword())",org.apache.commons.mail.HtmlEmail.setMsg(message.getMessage()),36,36,1.0,0.0,0.0,1.0,0
"org.apache.commons.mail.HtmlEmail.setAuthentication(message.getLogin(), message.getPassword())","org.apache.commons.mail.HtmlEmail.setAuthenticator(new DefaultAuthenticator(smtpuser, smtppassword))",36,41,1.0,0.0,0.0,0.16666666666666666,0
"org.apache.commons.mail.HtmlEmail.setAuthentication(message.getLogin(), message.getPassword())","org.apache.commons.mail.HtmlEmail.setAuthenticator(new DefaultAuthenticator(message.getLogin(), message.getPassword()))",36,45,1.0,0.0,0.0,0.1,0
com.alibaba.fastjson.JSON.toJSONString(resJson),com.alibaba.fastjson.JSON.toJSON(resJson),5,5,1.0,0.5,1.0,1.0,0
com.alibaba.fastjson.JSONArray.parseArray(JSON.toJSONString(record.getData())),"com.alibaba.fastjson.JSON.parseObject(jsonData, Struct.class)",8,9,0.5,0.3333333333333333,0.0,0.5,0
com.alibaba.fastjson.JSONArray.parseArray(JSON.toJSONString(record.getData())),com.alibaba.fastjson.JSON.parseObject(jsonData),8,10,0.5,0.3333333333333333,0.0,0.3333333333333333,0
com.alibaba.fastjson.JSONObject.toJSONString(response),com.alibaba.fastjson.JSON.toJSONString(response),32,32,0.5,1.0,1.0,1.0,0
"com.alibaba.fastjson.JSON.parseObject(response.toJSONString(), new TypeReference<List<Post>>(){}.getType())",com.alibaba.fastjson.JSONObject.toJavaObject(new TypeReference<List<Post>>(){}.getType()),1,1,0.5,0.25,0.6666666666666667,1.0,0
com.alibaba.fastjson.JSONObject.toJSONString(),com.alibaba.fastjson.JSONObject.toJavaObject(new TypeReference<List<Post>>(){}.getType()),1,1,1.0,0.0,0.0,1.0,0
com.alibaba.fastjson.JSONObject.toJSONBytes(paramsMap),com.alibaba.fastjson.JSONObject.toJSONString(paramsMap),26,26,1.0,0.3333333333333333,1.0,1.0,0
com.alibaba.fastjson.JSONArray.size(),com.alibaba.fastjson.JSONArray.iterator(),30,31,1.0,0.0,1.0,0.5,0
com.alibaba.fastjson.JSONArray.getJSONObject(row),com.alibaba.fastjson.JSONArray.iterator(),33,31,1.0,0.0,0.0,0.3333333333333333,0
com.alibaba.fastjson.JSONArray.getJSONObject(row),com.alibaba.fastjson.JSONArray.iterator(),39,31,1.0,0.0,0.0,0.1111111111111111,0
"com.alibaba.fastjson.JSONObject.getString(""order_pay_code"")","com.alibaba.fastjson.JSONObject.getJSONObject(""plain"")",7,10,1.0,0.0,0.0,0.25,0
com.alibaba.fastjson.support.spring.FastJsonHttpMessageConverter.getFastJsonConfig(),"com.alibaba.fastjson.support.config.FastJsonConfig.setSerializerFeatures(SerializerFeature.WriteMapNullValue, SerializerFeature.WriteNullListAsEmpty, SerializerFeature.WriteNullStringAsEmpty, SerializerFeature.WriteDateUseDateFormat, SerializerFeature.DisableCircularReferenceDetect)",3,5,0.3333333333333333,0.0,0.0,0.3333333333333333,0
com.alibaba.fastjson.support.spring.FastJsonHttpMessageConverter.getFastJsonConfig(),com.alibaba.fastjson.support.spring.FastJsonHttpMessageConverter.setFastJsonConfig(config),3,15,1.0,0.0,0.0,0.07692307692307693,0
com.alibaba.fastjson.support.spring.FastJsonHttpMessageConverter.getFastJsonConfig(),com.alibaba.fastjson.support.spring.FastJsonHttpMessageConverter.setSupportedMediaTypes(fastMediaTypes),3,22,1.0,0.0,0.0,0.05,0
com.alibaba.fastjson.support.spring.FastJsonHttpMessageConverter.getFastJsonConfig(),com.alibaba.fastjson.support.spring.FastJsonHttpMessageConverter.setFastJsonConfig(config),3,23,1.0,0.0,0.0,0.047619047619047616,0
com.github.bgora.rpnlibrary.Calculator.createDefaultCalculator(),com.github.bgora.rpnlibrary.Calculator.createCalculator(),2,2,1.0,0.6666666666666666,1.0,1.0,1
"com.alibaba.nacos.api.naming.NamingService.registerInstance(taskDO.getServiceName(), buildSyncInstance(instanceInfo, taskDO))",com.alibaba.nacos.api.naming.NamingService.getAllInstances(taskDO.getServiceName()),11,6,1.0,0.0,0.6666666666666667,0.16666666666666666,0
"com.alibaba.nacos.api.naming.NamingService.deregisterInstance(instanceInfo.getAppName(), instanceInfo.getIPAddr(), instanceInfo.getPort())",com.alibaba.nacos.api.naming.NamingService.getAllInstances(taskDO.getServiceName()),14,6,1.0,0.0,0.0,0.1111111111111111,0
"com.alibaba.nacos.common.utils.Md5Utils.getMD5(content, ""UTF-8"")","com.alibaba.nacos.common.utils.MD5Utils.md5Hex(content, ""UTF-8"")",13,13,1.0,0.5,1.0,1.0,0
com.alibaba.nacos.api.naming.pojo.Instance.setCluster(new Cluster(cluster)),com.alibaba.nacos.api.naming.pojo.Instance.setClusterName(clusterName),12,13,1.0,0.5,0.0,0.5,0
com.alibaba.nacos.api.config.ConfigType.YAML.getType(),com.alibaba.nacos.api.config.ConfigType.UNSET.equals(typeEunm),18,15,0.5,0.0,0.0,0.25,0
com.alibaba.nacos.api.config.ConfigType.YAML.getType(),com.alibaba.nacos.api.config.ConfigType.getType(),18,19,0.6666666666666666,1.0,1.0,0.5,0
"com.alibaba.nacos.common.util.Md5Utils.getMD5(content, ""UTF-8"")","com.alibaba.nacos.common.utils.Md5Utils.getMD5(content, ""UTF-8"")",13,13,1.0,1.0,1.0,1.0,0
com.alibaba.nacos.client.config.utils.MD5.getInstance(),"com.alibaba.nacos.common.utils.MD5Utils.md5Hex(newValue, Constants.ENCODE)",14,14,0.5,0.5,0.0,1.0,0
com.alibaba.nacos.api.naming.pojo.Instance.isHealthy(),com.alibaba.nacos.api.naming.pojo.Instance.isEnabled(),1,1,1.0,0.0,1.0,1.0,0
com.alibaba.nacos.api.naming.pojo.Instance.isHealthy(),com.alibaba.nacos.api.naming.pojo.Instance.isEnabled(),1,4,1.0,0.0,1.0,0.25,0
com.alibaba.nacos.api.naming.pojo.Instance.isHealthy(),com.alibaba.nacos.api.naming.pojo.Instance.isEnabled(),4,1,1.0,0.0,1.0,0.25,0
com.alibaba.nacos.api.naming.pojo.Instance.isHealthy(),com.alibaba.nacos.api.naming.pojo.Instance.isEnabled(),4,4,1.0,0.0,1.0,1.0,0
com.alibaba.nacos.api.naming.pojo.Instance.getServiceName(),com.alibaba.nacos.api.naming.pojo.Instance.isEnabled(),15,1,1.0,0.0,1.0,0.06666666666666667,0
com.alibaba.nacos.api.naming.pojo.Instance.getServiceName(),com.alibaba.nacos.api.naming.pojo.Instance.isEnabled(),15,4,1.0,0.0,1.0,0.08333333333333333,0
"com.alibaba.nacos.api.config.ConfigService.getConfig(DATA_ID_2, GROUP, 5000)","com.alibaba.nacos.shaded.com.google.common.base.Preconditions.checkState(ret, ""publish must be success"")",41,39,0.0,0.0,0.0,0.3333333333333333,0
"com.alibaba.nacos.api.config.ConfigService.getConfig(DATA_ID_2, GROUP, 5000)",com.alibaba.nacos.shaded.com.google.common.base.Preconditions.checkState(receiveCnt.get() == (i + 1)),41,41,0.0,0.0,0.0,1.0,0
"com.alibaba.nacos.api.config.ConfigService.getConfig(DATA_ID_2, GROUP, 5000)","com.alibaba.nacos.shaded.com.google.common.base.Preconditions.checkState(latch.await(100, TimeUnit.SECONDS))",41,48,0.0,0.0,0.0,0.125,0
org.apache.lucene.search.spans.Spans.next(),org.apache.lucene.search.spans.Spans.nextDoc(),21,19,1.0,0.5,1.0,0.3333333333333333,1
org.apache.lucene.search.spans.Spans.next(),org.apache.lucene.search.spans.Spans.nextStartPosition(),21,23,1.0,0.3333333333333333,1.0,0.3333333333333333,0
org.apache.lucene.search.spans.Spans.next(),org.apache.lucene.search.spans.Spans.nextStartPosition(),21,26,1.0,0.3333333333333333,1.0,0.16666666666666666,0
org.apache.lucene.search.spans.Spans.next(),org.apache.lucene.search.spans.Spans.nextDoc(),21,28,1.0,0.5,1.0,0.125,0
org.apache.lucene.search.spans.Spans.doc(),org.apache.lucene.search.spans.Spans.nextDoc(),22,19,1.0,0.5,1.0,0.25,0
org.apache.lucene.search.spans.Spans.doc(),org.apache.lucene.search.spans.Spans.nextStartPosition(),22,23,1.0,0.0,1.0,0.5,0
org.apache.lucene.search.spans.Spans.doc(),org.apache.lucene.search.spans.Spans.nextStartPosition(),22,26,1.0,0.0,1.0,0.2,0
org.apache.lucene.search.spans.Spans.doc(),org.apache.lucene.search.spans.Spans.nextDoc(),22,28,1.0,0.5,1.0,0.14285714285714285,0
org.apache.lucene.search.spans.Spans.start(),org.apache.lucene.search.spans.Spans.nextDoc(),27,19,1.0,0.0,1.0,0.1111111111111111,0
org.apache.lucene.search.spans.Spans.start(),org.apache.lucene.search.spans.Spans.nextStartPosition(),27,23,1.0,0.3333333333333333,1.0,0.2,0
org.apache.lucene.search.spans.Spans.start(),org.apache.lucene.search.spans.Spans.nextStartPosition(),27,26,1.0,0.3333333333333333,1.0,0.5,0
org.apache.lucene.search.spans.Spans.start(),org.apache.lucene.search.spans.Spans.nextDoc(),27,28,1.0,0.0,1.0,0.5,0
"org.apache.lucene.index.TermsEnum.docsAndPositions(null, dp)",org.apache.lucene.index.TermsEnum.postings(dp),13,13,1.0,0.0,0.6666666666666667,1.0,0
"org.apache.lucene.index.TermsEnum.docsAndPositions(null, dp)",org.apache.lucene.index.PostingsEnum.nextDoc(),13,14,0.3333333333333333,0.0,0.0,0.5,0
"org.apache.lucene.index.TermsEnum.docsAndPositions(null, dp)",org.apache.lucene.index.PostingsEnum.freq(),13,15,0.3333333333333333,0.0,0.0,0.3333333333333333,0
"org.apache.lucene.index.TermsEnum.docsAndPositions(null, dp)",org.apache.lucene.index.PostingsEnum.nextPosition(),13,17,0.3333333333333333,0.0,0.0,0.2,0
org.apache.lucene.index.DocsAndPositionsEnum.nextDoc(),org.apache.lucene.index.TermsEnum.postings(dp),14,13,0.2,0.0,0.0,0.5,0
org.apache.lucene.index.DocsAndPositionsEnum.nextDoc(),org.apache.lucene.index.PostingsEnum.nextDoc(),14,14,0.2,1.0,1.0,1.0,1
org.apache.lucene.index.DocsAndPositionsEnum.nextDoc(),org.apache.lucene.index.PostingsEnum.freq(),14,15,0.2,0.0,1.0,0.5,0
org.apache.lucene.index.DocsAndPositionsEnum.nextDoc(),org.apache.lucene.index.PostingsEnum.nextPosition(),14,17,0.2,0.3333333333333333,1.0,0.25,0
org.apache.lucene.index.DocsAndPositionsEnum.freq(),org.apache.lucene.index.TermsEnum.postings(dp),15,13,0.2,0.0,0.0,0.3333333333333333,0
org.apache.lucene.index.DocsAndPositionsEnum.freq(),org.apache.lucene.index.PostingsEnum.nextDoc(),15,14,0.2,0.0,1.0,0.5,0
org.apache.lucene.index.DocsAndPositionsEnum.freq(),org.apache.lucene.index.PostingsEnum.freq(),15,15,0.2,1.0,1.0,1.0,1
org.apache.lucene.index.DocsAndPositionsEnum.freq(),org.apache.lucene.index.PostingsEnum.nextPosition(),15,17,0.2,0.0,1.0,0.3333333333333333,0
org.apache.lucene.index.DocsAndPositionsEnum.nextPosition(),org.apache.lucene.index.TermsEnum.postings(dp),17,13,0.2,0.0,0.0,0.2,0
org.apache.lucene.index.DocsAndPositionsEnum.nextPosition(),org.apache.lucene.index.PostingsEnum.nextDoc(),17,14,0.2,0.3333333333333333,1.0,0.25,0
org.apache.lucene.index.DocsAndPositionsEnum.nextPosition(),org.apache.lucene.index.PostingsEnum.freq(),17,15,0.2,0.0,1.0,0.3333333333333333,0
org.apache.lucene.index.DocsAndPositionsEnum.nextPosition(),org.apache.lucene.index.PostingsEnum.nextPosition(),17,17,0.2,1.0,1.0,1.0,1
org.apache.lucene.index.AtomicReaderContext.reader(),org.apache.lucene.index.LeafReaderContext.reader(),10,10,0.5,1.0,1.0,1.0,1
org.apache.lucene.document.Document.getFieldables(CDStubIndexField.COMMENT.getName()),org.apache.lucene.document.Document.getFields(CDStubIndexField.COMMENT.getName()),11,11,1.0,0.0,1.0,1.0,1
org.apache.lucene.document.Document.getFieldables(CDStubIndexField.COMMENT.getName()),org.apache.lucene.document.Document.getField(CDStubIndexField.COMMENT.getName()),11,12,1.0,0.0,1.0,0.5,0
org.apache.lucene.document.Document.getFieldable(CDStubIndexField.COMMENT.getName()),org.apache.lucene.document.Document.getFields(CDStubIndexField.COMMENT.getName()),12,11,1.0,0.0,1.0,0.5,0
org.apache.lucene.document.Document.getFieldable(CDStubIndexField.COMMENT.getName()),org.apache.lucene.document.Document.getField(CDStubIndexField.COMMENT.getName()),12,12,1.0,0.0,1.0,1.0,1
"org.apache.commons.io.FileUtils.fileWrite(f.getAbsolutePath(), data)","org.apache.commons.io.FileUtils.writeStringToFile(f, data)",2,2,1.0,0.5,0.5,1.0,1
"org.apache.commons.io.IOUtil.toString(this.getClass().getClassLoader().getResourceAsStream(""unitTestOutput/conceptSearch.xml""))","org.apache.commons.io.IOUtils.toString(this.getClass().getClassLoader().getResourceAsStream(""unitTestOutput/conceptSearch.xml""))",5,5,0.3333333333333333,1.0,1.0,1.0,1
org.apache.commons.io.FileUtils.cleanDirectory(SystemFileFactory.INSTANCE.getFile(getDirName(queryId))),org.apache.commons.io.FileUtils.deleteDirectory(SystemFileFactory.INSTANCE.getFile(getDirName(queryId))),14,14,1.0,0.3333333333333333,1.0,1.0,0
org.apache.commons.io.FileUtils.forceMkdir(tempDirectory),org.apache.commons.io.FileUtils.touch(v1File),8,10,1.0,0.0,0.0,0.3333333333333333,0
org.apache.commons.io.FileUtils.forceMkdir(tempDirectory),org.apache.commons.io.FileUtils.touch(v3File),8,12,1.0,0.0,0.0,0.2,0
org.apache.commons.io.FileUtils.forceMkdir(v3Dir),org.apache.commons.io.FileUtils.touch(v1File),10,10,1.0,0.0,0.0,1.0,0
org.apache.commons.io.FileUtils.forceMkdir(v3Dir),org.apache.commons.io.FileUtils.touch(v3File),10,12,1.0,0.0,0.0,0.3333333333333333,0
"org.apache.commons.io.FileUtils.copyFile(metaFile, v3MetaFile)",org.apache.commons.io.FileUtils.touch(v1File),16,10,1.0,0.0,0.0,0.14285714285714285,0
"org.apache.commons.io.FileUtils.copyFile(metaFile, v3MetaFile)",org.apache.commons.io.FileUtils.touch(v3File),16,12,1.0,0.0,0.0,0.2,0
"org.apache.commons.io.FileUtils.readFileToString(new File(JFXResources.getResource(""css/icon.css"").toURI()), ""UTF-8"")","org.apache.commons.io.FileUtils.fileRead(new File(JFXResources.getResource(""css/icon.css"").toURI()).toString())",3,3,1.0,0.5,0.0,1.0,1
org.apache.commons.io.FileUtils.deleteDirectory(tempFolder.toFile()),org.apache.commons.io.file.PathUtils.delete(tempFolder),2,2,0.3333333333333333,0.0,0.0,1.0,0
"org.apache.commons.io.FileUtils.copyURLToFile(new URL(form.getImgNetUrl()), new File(imgPath))",org.apache.commons.io.FilenameUtils.normalizeNoEndSeparator(path),68,61,0.3333333333333333,0.0,0.0,0.125,0
"org.apache.commons.io.IOUtils.copy(is, os)","org.apache.commons.io.IOUtil.copy(is, os)",24,24,0.3333333333333333,1.0,1.0,1.0,1
"org.apache.commons.io.IOUtils.copy(is, os)",org.apache.commons.io.IOUtil.shutdownStream(os),24,34,0.3333333333333333,0.0,0.6666666666666667,0.09090909090909091,0
org.apache.commons.io.IOUtils.closeQuietly(os),"org.apache.commons.io.IOUtil.copy(is, os)",34,24,0.3333333333333333,0.0,0.6666666666666667,0.09090909090909091,0
org.apache.commons.io.IOUtils.closeQuietly(os),org.apache.commons.io.IOUtil.shutdownStream(os),34,34,0.3333333333333333,0.0,1.0,1.0,1
org.quartz.impl.DirectSchedulerFactory.getScheduler(),org.quartz.impl.DirectSchedulerFactory.getAllSchedulers(),11,17,1.0,0.0,1.0,0.14285714285714285,0
org.quartz.Scheduler.addGlobalJobListener(jobListener),org.quartz.Scheduler.getListenerManager(),5,5,1.0,0.0,0.0,1.0,0
"org.quartz.Scheduler.triggerJobWithVolatileTrigger(name, group)","org.quartz.JobKey.jobKey(name, group)",2,2,0.0,0.2,1.0,1.0,0
"org.quartz.Scheduler.triggerJobWithVolatileTrigger(name, group)",org.quartz.Scheduler.triggerJob(key),2,3,1.0,0.5,0.0,0.5,1
org.quartz.CronTrigger.setTimeZone(TimeZone.getDefault()),org.quartz.impl.triggers.CronTriggerImpl.setTimeZone(TimeZone.getDefault()),5,5,0.6666666666666666,1.0,1.0,1.0,1
org.quartz.JobDetail.getName(),org.quartz.JobDetail.getKey(),14,14,1.0,0.0,1.0,1.0,0
org.quartz.SchedulerFactory.getScheduler(),org.quartz.impl.StdSchedulerFactory.getDefaultScheduler(),5,6,0.6666666666666666,0.5,1.0,0.5,0
org.quartz.SchedulerFactory.getScheduler(),org.quartz.CronScheduleBuilder.cronSchedule(_horaEjecucionJob),5,69,0.0,0.0,0.0,0.015384615384615385,0
"org.quartz.JobBuilder.withIdentity(""jobPrincipal"", ""group1"")",org.quartz.impl.StdSchedulerFactory.getDefaultScheduler(),15,6,0.0,0.0,0.0,0.1,0
"org.quartz.JobBuilder.withIdentity(""jobPrincipal"", ""group1"")",org.quartz.CronScheduleBuilder.cronSchedule(_horaEjecucionJob),15,69,0.25,0.0,0.0,0.01818181818181818,0
"org.quartz.CronScheduleBuilder.dailyAtHourAndMinute(_horaEjecucionJob, _minutoEjecucionJob)",org.quartz.impl.StdSchedulerFactory.getDefaultScheduler(),49,6,0.0,0.0,0.0,0.022727272727272728,0
"org.quartz.CronScheduleBuilder.dailyAtHourAndMinute(_horaEjecucionJob, _minutoEjecucionJob)",org.quartz.CronScheduleBuilder.cronSchedule(_horaEjecucionJob),49,69,1.0,0.0,0.6666666666666667,0.047619047619047616,0
org.quartz.JobDetail.setJobDataMap(jobDataMap),org.quartz.impl.JobDetailImpl.setJobDataMap(jobDataMap),5,7,0.6666666666666666,1.0,1.0,0.3333333333333333,1
org.quartz.JobDetail.getFullName(),org.quartz.JobDetail.getKey(),4,4,1.0,0.0,1.0,1.0,0
org.quartz.Trigger.getName(),org.quartz.Trigger.getKey(),17,17,1.0,0.0,1.0,1.0,0
org.quartz.Trigger.getName(),org.quartz.JobDetail.getKey(),17,22,0.0,0.0,1.0,0.16666666666666666,0
org.quartz.Trigger.getName(),org.quartz.JobDetail.getKey(),17,30,0.0,0.0,1.0,0.07142857142857142,0
org.quartz.JobDetail.getName(),org.quartz.Trigger.getKey(),22,17,0.0,0.0,1.0,0.16666666666666666,0
org.quartz.JobDetail.getName(),org.quartz.JobDetail.getKey(),22,22,1.0,0.0,1.0,1.0,0
org.quartz.JobDetail.getName(),org.quartz.JobDetail.getKey(),22,30,1.0,0.0,1.0,0.1111111111111111,0
org.quartz.JobDetail.getName(),org.quartz.Trigger.getKey(),30,17,0.0,0.0,1.0,0.07142857142857142,0
org.quartz.JobDetail.getName(),org.quartz.JobDetail.getKey(),30,22,1.0,0.0,1.0,0.1111111111111111,0
org.quartz.JobDetail.getName(),org.quartz.JobDetail.getKey(),30,30,1.0,0.0,1.0,1.0,0
com.opengamma.strata.pricer.curve.CurveCalibrator.standard(),com.opengamma.strata.pricer.curve.RatesCurveCalibrator.standard(),16,16,0.6666666666666666,1.0,1.0,1.0,1
"com.opengamma.strata.pricer.curve.CurveCalibrator.calibrate(GROUP_STD_DEFINITION, marketData, refData)","com.opengamma.strata.pricer.curve.RatesCurveCalibrator.calibrate(GROUP_STD_DEFINITION, marketData, refData)",5,5,0.6666666666666666,1.0,1.0,1.0,1
"io.opentelemetry.api.trace.TraceId.copyHexInto(spanContext.getTraceIdBytes(), chars, 3)",io.opentelemetry.api.trace.SpanContext.isValid(),6,2,0.0,0.0,0.0,0.2,0
"io.opentelemetry.api.trace.TraceId.copyHexInto(spanContext.getTraceIdBytes(), chars, 3)",io.opentelemetry.api.trace.SpanContext.getTraceId(),6,11,0.0,0.0,0.0,0.16666666666666666,0
"io.opentelemetry.api.trace.TraceId.copyHexInto(spanContext.getTraceIdBytes(), chars, 3)",io.opentelemetry.api.trace.SpanContext.getSpanId(),6,18,0.0,0.0,0.0,0.07692307692307693,0
"io.opentelemetry.api.trace.TraceId.copyHexInto(spanContext.getTraceIdBytes(), chars, 3)",io.opentelemetry.api.trace.SpanContext.getTraceFlags(),6,24,0.0,0.0,0.0,0.05263157894736842,0
io.opentelemetry.api.trace.SpanContext.getTraceIdBytes(),io.opentelemetry.api.trace.SpanContext.isValid(),6,2,1.0,0.0,1.0,0.2,0
io.opentelemetry.api.trace.SpanContext.getTraceIdBytes(),io.opentelemetry.api.trace.SpanContext.getTraceId(),6,11,1.0,0.6666666666666666,1.0,0.16666666666666666,0
io.opentelemetry.api.trace.SpanContext.getTraceIdBytes(),io.opentelemetry.api.trace.SpanContext.getSpanId(),6,18,1.0,0.25,1.0,0.07692307692307693,0
io.opentelemetry.api.trace.SpanContext.getTraceIdBytes(),io.opentelemetry.api.trace.SpanContext.getTraceFlags(),6,24,1.0,0.25,1.0,0.05263157894736842,0
io.opentelemetry.api.trace.SpanContext.getSpanIdAsHexString(),io.opentelemetry.api.trace.SpanContext.isValid(),8,2,1.0,0.0,1.0,0.14285714285714285,0
io.opentelemetry.api.trace.SpanContext.getSpanIdAsHexString(),io.opentelemetry.api.trace.SpanContext.getTraceId(),8,11,1.0,0.2,1.0,0.25,0
io.opentelemetry.api.trace.SpanContext.getSpanIdAsHexString(),io.opentelemetry.api.trace.SpanContext.getSpanId(),8,18,1.0,0.5,1.0,0.09090909090909091,1
io.opentelemetry.api.trace.SpanContext.getSpanIdAsHexString(),io.opentelemetry.api.trace.SpanContext.getTraceFlags(),8,24,1.0,0.0,1.0,0.058823529411764705,0
"io.opentelemetry.api.trace.SpanContext.copyTraceFlagsHexTo(chars, 53)",io.opentelemetry.api.trace.SpanContext.isValid(),13,2,1.0,0.0,0.0,0.08333333333333333,0
"io.opentelemetry.api.trace.SpanContext.copyTraceFlagsHexTo(chars, 53)",io.opentelemetry.api.trace.SpanContext.getTraceId(),13,11,1.0,0.16666666666666666,0.0,0.3333333333333333,0
"io.opentelemetry.api.trace.SpanContext.copyTraceFlagsHexTo(chars, 53)",io.opentelemetry.api.trace.SpanContext.getSpanId(),13,18,1.0,0.0,0.0,0.16666666666666666,0
"io.opentelemetry.api.trace.SpanContext.copyTraceFlagsHexTo(chars, 53)",io.opentelemetry.api.trace.SpanContext.getTraceFlags(),13,24,1.0,0.4,0.0,0.08333333333333333,0
"io.opentelemetry.api.OpenTelemetry.getGlobalTracer(""io.opentelemetry.trace.Tracer"")","io.opentelemetry.api.GlobalOpenTelemetry.getTracer(""io.opentelemetry.trace.Tracer"")",6,12,0.6666666666666666,0.5,1.0,0.14285714285714285,1
io.opentelemetry.api.OpenTelemetry.setGlobalPropagators(ContextPropagators.create(W3CTraceContextPropagator.getInstance())),"io.opentelemetry.api.GlobalOpenTelemetry.getTracer(""io.opentelemetry.trace.Tracer"")",12,12,0.6666666666666666,0.0,0.0,1.0,0
io.opentelemetry.api.trace.Span.recordException(throwable),io.opentelemetry.api.trace.Span.isRecording(),2,1,1.0,0.0,0.0,0.5,0
io.opentelemetry.api.trace.Span.recordException(throwable),"io.opentelemetry.api.trace.Span.setAttribute(ERROR_TYPE_ATTRIBUTE, statusMessage != null ? statusMessage : throwable.getClass().getName())",2,15,1.0,0.0,0.0,0.07142857142857142,0
io.opentelemetry.api.GlobalOpenTelemetry.getPropagators(),io.opentelemetry.api.OpenTelemetry.getPropagators(),11,14,0.6666666666666666,1.0,1.0,0.25,0
io.opentelemetry.api.trace.SpanContext.getTraceIdAsHexString(),io.opentelemetry.api.trace.SpanContext.getTraceId(),1,1,1.0,0.5,1.0,1.0,1
io.opentelemetry.api.trace.SpanContext.getTraceIdAsHexString(),io.opentelemetry.api.trace.SpanContext.getTraceId(),1,1,1.0,0.5,1.0,1.0,0
io.opentelemetry.api.trace.SpanContext.getTraceIdAsHexString(),io.opentelemetry.api.trace.SpanContext.getSpanId(),1,2,1.0,0.2,1.0,0.5,0
io.opentelemetry.api.trace.SpanContext.getTraceIdAsHexString(),io.opentelemetry.api.trace.SpanContext.getSpanId(),1,2,1.0,0.2,1.0,0.5,0
io.opentelemetry.api.trace.SpanContext.getTraceIdAsHexString(),io.opentelemetry.api.trace.SpanContext.getTraceId(),1,1,1.0,0.5,1.0,1.0,0
io.opentelemetry.api.trace.SpanContext.getTraceIdAsHexString(),io.opentelemetry.api.trace.SpanContext.getTraceId(),1,1,1.0,0.5,1.0,1.0,1
io.opentelemetry.api.trace.SpanContext.getTraceIdAsHexString(),io.opentelemetry.api.trace.SpanContext.getSpanId(),1,2,1.0,0.2,1.0,0.5,0
io.opentelemetry.api.trace.SpanContext.getTraceIdAsHexString(),io.opentelemetry.api.trace.SpanContext.getSpanId(),1,2,1.0,0.2,1.0,0.5,0
io.opentelemetry.api.trace.SpanContext.getSpanIdAsHexString(),io.opentelemetry.api.trace.SpanContext.getTraceId(),2,1,1.0,0.2,1.0,0.5,0
io.opentelemetry.api.trace.SpanContext.getSpanIdAsHexString(),io.opentelemetry.api.trace.SpanContext.getTraceId(),2,1,1.0,0.2,1.0,0.5,0
io.opentelemetry.api.trace.SpanContext.getSpanIdAsHexString(),io.opentelemetry.api.trace.SpanContext.getSpanId(),2,2,1.0,0.5,1.0,1.0,1
io.opentelemetry.api.trace.SpanContext.getSpanIdAsHexString(),io.opentelemetry.api.trace.SpanContext.getSpanId(),2,2,1.0,0.5,1.0,1.0,0
io.opentelemetry.api.trace.SpanContext.getSpanIdAsHexString(),io.opentelemetry.api.trace.SpanContext.getTraceId(),2,1,1.0,0.2,1.0,0.5,0
io.opentelemetry.api.trace.SpanContext.getSpanIdAsHexString(),io.opentelemetry.api.trace.SpanContext.getTraceId(),2,1,1.0,0.2,1.0,0.5,0
io.opentelemetry.api.trace.SpanContext.getSpanIdAsHexString(),io.opentelemetry.api.trace.SpanContext.getSpanId(),2,2,1.0,0.5,1.0,1.0,0
io.opentelemetry.api.trace.SpanContext.getSpanIdAsHexString(),io.opentelemetry.api.trace.SpanContext.getSpanId(),2,2,1.0,0.5,1.0,1.0,1
"io.opentelemetry.api.trace.TraceId.bytesToHex(TraceId.bytesFromHex(diagnosticId, 3))",io.opentelemetry.api.trace.TraceId.getLength(),5,5,1.0,0.0,0.0,1.0,0
"io.opentelemetry.api.trace.TraceId.bytesToHex(TraceId.bytesFromHex(diagnosticId, 3))",io.opentelemetry.api.trace.SpanId.getLength(),5,6,0.3333333333333333,0.0,0.0,0.5,0
"io.opentelemetry.api.trace.TraceId.bytesToHex(TraceId.bytesFromHex(diagnosticId, 3))","io.opentelemetry.api.trace.TraceFlags.fromHex(traceparent, TRACE_OPTION_OFFSET)",5,8,0.3333333333333333,0.3333333333333333,0.0,0.25,0
"io.opentelemetry.api.trace.TraceId.bytesFromHex(diagnosticId, 3)",io.opentelemetry.api.trace.TraceId.getLength(),5,5,1.0,0.0,0.0,1.0,0
"io.opentelemetry.api.trace.TraceId.bytesFromHex(diagnosticId, 3)",io.opentelemetry.api.trace.SpanId.getLength(),5,6,0.3333333333333333,0.0,0.0,0.5,0
"io.opentelemetry.api.trace.TraceId.bytesFromHex(diagnosticId, 3)","io.opentelemetry.api.trace.TraceFlags.fromHex(traceparent, TRACE_OPTION_OFFSET)",5,8,0.3333333333333333,0.5,0.0,0.25,0
"io.opentelemetry.api.trace.SpanId.bytesToHex(SpanId.bytesFromHex(diagnosticId, 36))",io.opentelemetry.api.trace.TraceId.getLength(),6,5,0.3333333333333333,0.0,0.0,0.5,0
"io.opentelemetry.api.trace.SpanId.bytesToHex(SpanId.bytesFromHex(diagnosticId, 36))",io.opentelemetry.api.trace.SpanId.getLength(),6,6,1.0,0.0,0.0,1.0,0
"io.opentelemetry.api.trace.SpanId.bytesToHex(SpanId.bytesFromHex(diagnosticId, 36))","io.opentelemetry.api.trace.TraceFlags.fromHex(traceparent, TRACE_OPTION_OFFSET)",6,8,0.0,0.3333333333333333,0.0,0.3333333333333333,0
"io.opentelemetry.api.trace.SpanId.bytesFromHex(diagnosticId, 36)",io.opentelemetry.api.trace.TraceId.getLength(),6,5,0.3333333333333333,0.0,0.0,0.5,0
"io.opentelemetry.api.trace.SpanId.bytesFromHex(diagnosticId, 36)",io.opentelemetry.api.trace.SpanId.getLength(),6,6,1.0,0.0,0.0,1.0,0
"io.opentelemetry.api.trace.SpanId.bytesFromHex(diagnosticId, 36)","io.opentelemetry.api.trace.TraceFlags.fromHex(traceparent, TRACE_OPTION_OFFSET)",6,8,0.0,0.5,0.0,0.3333333333333333,0
"io.opentelemetry.api.trace.TraceFlags.byteFromHex(diagnosticId, 53)",io.opentelemetry.api.trace.TraceId.getLength(),7,5,0.3333333333333333,0.0,0.0,0.3333333333333333,0
"io.opentelemetry.api.trace.TraceFlags.byteFromHex(diagnosticId, 53)",io.opentelemetry.api.trace.SpanId.getLength(),7,6,0.0,0.0,0.0,0.5,0
"io.opentelemetry.api.trace.TraceFlags.byteFromHex(diagnosticId, 53)","io.opentelemetry.api.trace.TraceFlags.fromHex(traceparent, TRACE_OPTION_OFFSET)",7,8,1.0,1.0,0.0,0.5,0
org.commonjava.indy.promote.model.GroupPromoteRequest.getTargetGroup(),org.commonjava.indy.promote.model.GroupPromoteRequest.getTarget(),11,11,1.0,0.5,1.0,1.0,1
com.mashape.unirest.http.HttpResponse.getCode(),com.mashape.unirest.http.HttpResponse.getStatus(),9,11,1.0,0.0,1.0,0.3333333333333333,1
com.mashape.unirest.http.HttpResponse.getCode(),com.mashape.unirest.http.HttpResponse.getStatus(),9,24,1.0,0.0,1.0,0.0625,0
com.mashape.unirest.http.HttpResponse.getCode(),com.mashape.unirest.http.HttpResponse.getStatus(),9,24,1.0,0.0,1.0,0.0625,0
com.mashape.unirest.http.HttpResponse.getCode(),com.mashape.unirest.http.HttpResponse.getStatus(),9,28,1.0,0.0,1.0,0.05,0
com.mashape.unirest.http.HttpResponse.getCode(),com.mashape.unirest.http.HttpResponse.getStatus(),22,11,1.0,0.0,1.0,0.08333333333333333,0
com.mashape.unirest.http.HttpResponse.getCode(),com.mashape.unirest.http.HttpResponse.getStatus(),22,24,1.0,0.0,1.0,0.3333333333333333,1
com.mashape.unirest.http.HttpResponse.getCode(),com.mashape.unirest.http.HttpResponse.getStatus(),22,24,1.0,0.0,1.0,0.3333333333333333,0
com.mashape.unirest.http.HttpResponse.getCode(),com.mashape.unirest.http.HttpResponse.getStatus(),22,28,1.0,0.0,1.0,0.14285714285714285,0
com.mashape.unirest.http.HttpResponse.getCode(),com.mashape.unirest.http.HttpResponse.getStatus(),22,11,1.0,0.0,1.0,0.08333333333333333,0
com.mashape.unirest.http.HttpResponse.getCode(),com.mashape.unirest.http.HttpResponse.getStatus(),22,24,1.0,0.0,1.0,0.3333333333333333,0
com.mashape.unirest.http.HttpResponse.getCode(),com.mashape.unirest.http.HttpResponse.getStatus(),22,24,1.0,0.0,1.0,0.3333333333333333,1
com.mashape.unirest.http.HttpResponse.getCode(),com.mashape.unirest.http.HttpResponse.getStatus(),22,28,1.0,0.0,1.0,0.14285714285714285,0
com.mashape.unirest.http.HttpResponse.getCode(),com.mashape.unirest.http.HttpResponse.getStatus(),26,11,1.0,0.0,1.0,0.0625,0
com.mashape.unirest.http.HttpResponse.getCode(),com.mashape.unirest.http.HttpResponse.getStatus(),26,24,1.0,0.0,1.0,0.3333333333333333,0
com.mashape.unirest.http.HttpResponse.getCode(),com.mashape.unirest.http.HttpResponse.getStatus(),26,24,1.0,0.0,1.0,0.3333333333333333,0
com.mashape.unirest.http.HttpResponse.getCode(),com.mashape.unirest.http.HttpResponse.getStatus(),26,28,1.0,0.0,1.0,0.3333333333333333,1
com.mashape.unirest.request.HttpRequestWithBody.asJson(),com.mashape.unirest.request.body.RequestBodyEntity.asJson(),8,12,0.4,1.0,1.0,0.2,0
"com.mashape.unirest.request.GetRequest.fields(with(new Delegate<HashMap<String, Object>>() {
					@SuppressWarnings(""unused"")
					void checkRequestParameters(final Map<String, Object> queryParameters) {
						assertNotNull(queryParameters);
						assertTrue(queryParameters.size() == 1);
						assertEquals(QUERY_PARAMETER_VALUE, queryParameters.get(QUERY_PARAMETER));
					}
				}))","com.mashape.unirest.request.GetRequest.queryString(with(new Delegate<HashMap<String, Object>>() {
					@SuppressWarnings(""unused"")
					void checkRequestParameters(final Map<String, Object> queryParameters) {
						assertNotNull(queryParameters);
						assertTrue(queryParameters.size() == 1);
						assertEquals(QUERY_PARAMETER_VALUE, queryParameters.get(QUERY_PARAMETER));
					}
				}))",14,14,1.0,0.0,1.0,1.0,1
"com.mashape.unirest.request.GetRequest.fields(with(new Delegate<HashMap<String, Object>>() {
					@SuppressWarnings(""unused"")
					void checkRequestParameters(final Map<String, Object> queryParameters) {
						assertNotNull(queryParameters);
						assertTrue(queryParameters.size() == 1);
						assertEquals(QUERY_PARAMETER_VALUE, queryParameters.get(QUERY_PARAMETER));
					}
				}))",com.mashape.unirest.http.HttpResponse.getStatus(),14,24,0.0,0.0,0.0,0.09090909090909091,0
com.mashape.unirest.http.HttpResponse.getCode(),"com.mashape.unirest.request.GetRequest.queryString(with(new Delegate<HashMap<String, Object>>() {
					@SuppressWarnings(""unused"")
					void checkRequestParameters(final Map<String, Object> queryParameters) {
						assertNotNull(queryParameters);
						assertTrue(queryParameters.size() == 1);
						assertEquals(QUERY_PARAMETER_VALUE, queryParameters.get(QUERY_PARAMETER));
					}
				}))",24,14,0.0,0.0,0.0,0.09090909090909091,0
com.mashape.unirest.http.HttpResponse.getCode(),com.mashape.unirest.http.HttpResponse.getStatus(),24,24,1.0,0.0,1.0,1.0,1
com.mashape.unirest.request.BaseRequest.asJson(),com.mashape.unirest.request.BaseRequest.asString(),4,4,1.0,0.0,1.0,1.0,0
"com.mashape.unirest.http.Unirest.get(urlBase + ""/chat/{roomid}"")","com.mashape.unirest.http.Unirest.post(urlBase + ""/chat/{roomid}"")",1,1,1.0,0.0,1.0,1.0,0
com.codeborne.selenide.Selenide.closeWebDriver(),com.codeborne.selenide.Selenide.close(),2,2,1.0,0.3333333333333333,1.0,1.0,1
com.codeborne.selenide.Selenide.open(betaUrl),"com.codeborne.selenide.Selectors.byText(""What would you like to do?"")",6,9,0.0,0.0,0.0,0.25,0
com.codeborne.selenide.Selenide.assertNoJavascriptErrors(),"com.codeborne.selenide.Selenide.getWebDriverLogs(LogType.BROWSER, Level.SEVERE)",3,5,1.0,0.0,0.0,0.3333333333333333,0
"com.codeborne.selenide.SelenideElement.waitWhile(condition, PageConfiguration.timeout)","com.codeborne.selenide.SelenideElement.shouldNot(condition, Duration.ofMillis(PageConfiguration.timeout))",2,2,1.0,0.0,0.5,1.0,0
com.codeborne.selenide.Condition.hasText(title),com.codeborne.selenide.Condition.text(title),8,8,1.0,0.5,1.0,1.0,1
"com.codeborne.selenide.Selenide.$(By.xpath(""//a[contains(@href, '/pay/00')]""))",com.codeborne.selenide.ElementsCollection.get(0),3,3,0.0,0.0,0.0,1.0,0
com.codeborne.selenide.ElementsCollection.shouldHave(CollectionCondition.sizeGreaterThan(0)),"com.codeborne.selenide.Selenide.open(applicationContextUrl, SearchPage.class)",16,7,0.0,0.0,0.0,0.1,0
com.codeborne.selenide.ElementsCollection.shouldHave(CollectionCondition.sizeGreaterThan(0)),com.codeborne.selenide.Condition.exactText(uploadUser),16,17,0.0,0.0,0.0,0.5,0
com.codeborne.selenide.ElementsCollection.shouldHave(CollectionCondition.sizeGreaterThan(0)),com.codeborne.selenide.Condition.exactText(uploadDate),16,18,0.0,0.0,0.0,0.3333333333333333,0
com.codeborne.selenide.ElementsCollection.shouldHave(CollectionCondition.sizeGreaterThan(0)),"com.codeborne.selenide.Selenide.screenshot(""searchByIndex_uploadUser_uploadDate"")",16,32,0.0,0.0,0.0,0.058823529411764705,0
com.codeborne.selenide.ElementsCollection.size(),"com.codeborne.selenide.Selenide.open(applicationContextUrl, SearchPage.class)",17,7,0.0,0.0,0.0,0.09090909090909091,0
com.codeborne.selenide.ElementsCollection.size(),com.codeborne.selenide.Condition.exactText(uploadUser),17,17,0.0,0.0,0.0,1.0,0
com.codeborne.selenide.ElementsCollection.size(),com.codeborne.selenide.Condition.exactText(uploadDate),17,18,0.0,0.0,0.0,0.5,0
com.codeborne.selenide.ElementsCollection.size(),"com.codeborne.selenide.Selenide.screenshot(""searchByIndex_uploadUser_uploadDate"")",17,32,0.0,0.0,0.0,0.0625,0
com.codeborne.selenide.ElementsCollection.get(i),"com.codeborne.selenide.Selenide.open(applicationContextUrl, SearchPage.class)",20,7,0.0,0.0,0.0,0.07142857142857142,0
com.codeborne.selenide.ElementsCollection.get(i),com.codeborne.selenide.Condition.exactText(uploadUser),20,17,0.0,0.0,0.0,0.25,0
com.codeborne.selenide.ElementsCollection.get(i),com.codeborne.selenide.Condition.exactText(uploadDate),20,18,0.0,0.0,0.0,0.3333333333333333,0
com.codeborne.selenide.ElementsCollection.get(i),"com.codeborne.selenide.Selenide.screenshot(""searchByIndex_uploadUser_uploadDate"")",20,32,0.0,0.0,0.0,0.07692307692307693,0
"com.codeborne.selenide.SelenideElement.$$(""td"")","com.codeborne.selenide.Selenide.open(applicationContextUrl, SearchPage.class)",21,7,0.5,0.0,0.0,0.06666666666666667,0
"com.codeborne.selenide.SelenideElement.$$(""td"")",com.codeborne.selenide.Condition.exactText(uploadUser),21,17,0.0,0.0,0.0,0.2,0
"com.codeborne.selenide.SelenideElement.$$(""td"")",com.codeborne.selenide.Condition.exactText(uploadDate),21,18,0.0,0.0,0.0,0.25,0
"com.codeborne.selenide.SelenideElement.$$(""td"")","com.codeborne.selenide.Selenide.screenshot(""searchByIndex_uploadUser_uploadDate"")",21,32,0.5,0.0,0.0,0.08333333333333333,0
com.tvd12.ezyfoxserver.context.EzyAppContext.getApp(),"com.tvd12.ezyfoxserver.context.EzyZoneContext.getProperty(""mongoProperties"")",2,3,0.5,0.0,0.0,0.5,0
"com.tvd12.ezyfoxserver.context.EzyServerContext.setProperty(MongoClient.class, mongoClient)","com.tvd12.ezyfoxserver.context.EzyZoneContext.setProperty(MongoClient.class, mongoClient)",23,14,0.5,1.0,1.0,0.1,0
"com.tvd12.ezyfoxserver.context.EzyServerContext.setProperty(MongoClient.class, mongoClient)","com.tvd12.ezyfoxserver.context.EzyZoneContext.setProperty(""mongoProperties"", properties)",23,15,0.5,1.0,0.0,0.1111111111111111,0
"com.tvd12.ezyfoxserver.context.EzyServerContext.setProperty(HazelcastInstance.class, hzInstance)","com.tvd12.ezyfoxserver.context.EzyZoneContext.setProperty(MongoClient.class, mongoClient)",24,14,0.5,1.0,0.0,0.09090909090909091,0
"com.tvd12.ezyfoxserver.context.EzyServerContext.setProperty(HazelcastInstance.class, hzInstance)","com.tvd12.ezyfoxserver.context.EzyZoneContext.setProperty(""mongoProperties"", properties)",24,15,0.5,1.0,0.0,0.1,0
"com.tvd12.ezyfoxserver.context.EzyServerContext.setProperty(EzyMapTransactionFactory.class, mapTransactionFactory)","com.tvd12.ezyfoxserver.context.EzyZoneContext.setProperty(MongoClient.class, mongoClient)",25,14,0.5,1.0,0.0,0.08333333333333333,0
"com.tvd12.ezyfoxserver.context.EzyServerContext.setProperty(EzyMapTransactionFactory.class, mapTransactionFactory)","com.tvd12.ezyfoxserver.context.EzyZoneContext.setProperty(""mongoProperties"", properties)",25,15,0.5,1.0,0.0,0.09090909090909091,0
com.tvd12.ezyfoxserver.context.EzyZoneContext.get(MongoClient.class),com.tvd12.ezyfoxserver.context.EzyAppContext.getApp(),4,2,0.5,0.0,0.0,0.3333333333333333,0
"com.google.firestore.v1beta1.DatabaseRootName.create(options.getProjectId(), options.getDatabaseId())","com.google.firestore.v1beta1.DatabaseRootName.of(options.getProjectId(), options.getDatabaseId())",9,9,1.0,1.0,1.0,1.0,1
"com.google.firestore.v1beta1.DatabaseName.create(parts[1], parts[3])","com.google.firestore.v1beta1.DatabaseRootName.create(parts[1], parts[3])",6,6,0.6666666666666666,0.6666666666666666,1.0,1.0,1
"com.google.firestore.v1beta1.DatabaseName.create(parts[1], parts[3])",com.google.firestore.v1beta1.DatabaseRootName.parse(resourceName),6,10,0.6666666666666666,0.0,0.0,0.2,0
com.google.firestore.v1beta1.DatabaseName.parse(resourceName),"com.google.firestore.v1beta1.DatabaseRootName.create(parts[1], parts[3])",10,6,0.6666666666666666,0.0,0.0,0.2,0
com.google.firestore.v1beta1.DatabaseName.parse(resourceName),com.google.firestore.v1beta1.DatabaseRootName.parse(resourceName),10,10,0.6666666666666666,1.0,1.0,1.0,1
"com.google.firestore.v1beta1.DatabaseName.create(options.getProjectId(), options.getDatabaseId())","com.google.firestore.v1beta1.DatabaseRootName.create(options.getProjectId(), options.getDatabaseId())",19,19,0.6666666666666666,0.6666666666666666,1.0,1.0,1
"com.google.firestore.v1beta1.DatabaseName.create(options.getProjectId(), options.getDatabaseId())",com.google.firestore.v1beta1.DatabaseRootName.toString(),19,25,0.6666666666666666,0.0,0.0,0.14285714285714285,0
com.google.firestore.v1beta1.DatabaseName.toString(),"com.google.firestore.v1beta1.DatabaseRootName.create(options.getProjectId(), options.getDatabaseId())",25,19,0.6666666666666666,0.0,0.0,0.14285714285714285,0
com.google.firestore.v1beta1.DatabaseName.toString(),com.google.firestore.v1beta1.DatabaseRootName.toString(),25,25,0.6666666666666666,1.0,1.0,1.0,1
org.openqa.selenium.devtools.v107.browser.Browser.GetVersionResponse.getProduct(),org.openqa.selenium.devtools.v108.browser.Browser.GetVersionResponse.getProduct(),7,7,1.0,1.0,1.0,1.0,0
org.openqa.selenium.devtools.v107.browser.Browser.GetVersionResponse.getProduct(),org.openqa.selenium.devtools.v108.browser.Browser.GetVersionResponse.getUserAgent(),7,8,1.0,0.0,1.0,0.5,0
org.openqa.selenium.devtools.v107.browser.Browser.GetVersionResponse.getProduct(),org.openqa.selenium.devtools.v108.browser.Browser.GetVersionResponse.getProtocolVersion(),7,8,1.0,0.0,1.0,0.5,0
org.openqa.selenium.devtools.v107.browser.Browser.GetVersionResponse.getProduct(),org.openqa.selenium.devtools.v108.browser.Browser.GetVersionResponse.getJsVersion(),7,9,1.0,0.0,1.0,0.3333333333333333,0
org.openqa.selenium.devtools.v107.browser.Browser.GetVersionResponse.getUserAgent(),org.openqa.selenium.devtools.v108.browser.Browser.GetVersionResponse.getProduct(),8,7,1.0,0.0,1.0,0.5,0
org.openqa.selenium.devtools.v107.browser.Browser.GetVersionResponse.getUserAgent(),org.openqa.selenium.devtools.v108.browser.Browser.GetVersionResponse.getUserAgent(),8,8,1.0,1.0,1.0,1.0,0
org.openqa.selenium.devtools.v107.browser.Browser.GetVersionResponse.getUserAgent(),org.openqa.selenium.devtools.v108.browser.Browser.GetVersionResponse.getProtocolVersion(),8,8,1.0,0.0,1.0,1.0,0
org.openqa.selenium.devtools.v107.browser.Browser.GetVersionResponse.getUserAgent(),org.openqa.selenium.devtools.v108.browser.Browser.GetVersionResponse.getJsVersion(),8,9,1.0,0.0,1.0,0.5,0
org.openqa.selenium.devtools.v107.browser.Browser.GetVersionResponse.getProtocolVersion(),org.openqa.selenium.devtools.v108.browser.Browser.GetVersionResponse.getProduct(),8,7,1.0,0.0,1.0,0.5,0
org.openqa.selenium.devtools.v107.browser.Browser.GetVersionResponse.getProtocolVersion(),org.openqa.selenium.devtools.v108.browser.Browser.GetVersionResponse.getUserAgent(),8,8,1.0,0.0,1.0,1.0,0
org.openqa.selenium.devtools.v107.browser.Browser.GetVersionResponse.getProtocolVersion(),org.openqa.selenium.devtools.v108.browser.Browser.GetVersionResponse.getProtocolVersion(),8,8,1.0,1.0,1.0,1.0,0
org.openqa.selenium.devtools.v107.browser.Browser.GetVersionResponse.getProtocolVersion(),org.openqa.selenium.devtools.v108.browser.Browser.GetVersionResponse.getJsVersion(),8,9,1.0,0.3333333333333333,1.0,0.5,0
org.openqa.selenium.devtools.v107.browser.Browser.GetVersionResponse.getJsVersion(),org.openqa.selenium.devtools.v108.browser.Browser.GetVersionResponse.getProduct(),9,7,1.0,0.0,1.0,0.3333333333333333,0
org.openqa.selenium.devtools.v107.browser.Browser.GetVersionResponse.getJsVersion(),org.openqa.selenium.devtools.v108.browser.Browser.GetVersionResponse.getUserAgent(),9,8,1.0,0.0,1.0,0.5,0
org.openqa.selenium.devtools.v107.browser.Browser.GetVersionResponse.getJsVersion(),org.openqa.selenium.devtools.v108.browser.Browser.GetVersionResponse.getProtocolVersion(),9,8,1.0,0.3333333333333333,1.0,0.5,0
org.openqa.selenium.devtools.v107.browser.Browser.GetVersionResponse.getJsVersion(),org.openqa.selenium.devtools.v108.browser.Browser.GetVersionResponse.getJsVersion(),9,9,1.0,1.0,1.0,1.0,0
org.openqa.selenium.devtools.v99.systeminfo.SystemInfo.getProcessInfo(),org.openqa.selenium.devtools.v100.systeminfo.SystemInfo.getProcessInfo(),4,4,1.0,1.0,1.0,1.0,0
org.openqa.selenium.devtools.v104.performance.Performance.disable(),org.openqa.selenium.devtools.v105.performance.Performance.disable(),2,2,1.0,1.0,1.0,1.0,0
"org.openqa.selenium.devtools.v120.dom.DOM.getDocument(Optional.of(1), Optional.of(false))","org.openqa.selenium.devtools.v121.dom.DOM.getDocument(Optional.of(1), Optional.of(false))",6,6,1.0,1.0,1.0,1.0,0
"org.openqa.selenium.devtools.v120.dom.DOM.getDocument(Optional.of(1), Optional.of(false))","org.openqa.selenium.devtools.v121.dom.DOM.getOuterHTML(Optional.of(result.getNodeId()), Optional.empty(), Optional.empty())",6,7,1.0,0.0,0.0,0.5,0
"org.openqa.selenium.devtools.v120.dom.DOM.getDocument(Optional.of(1), Optional.of(false))",org.openqa.selenium.devtools.v121.dom.model.Node.getNodeId(),6,8,0.0,0.0,0.0,0.3333333333333333,0
"org.openqa.selenium.devtools.v120.dom.DOM.getOuterHTML(Optional.of(result.getNodeId()), Optional.empty(), Optional.empty())","org.openqa.selenium.devtools.v121.dom.DOM.getDocument(Optional.of(1), Optional.of(false))",7,6,1.0,0.0,0.0,0.5,0
"org.openqa.selenium.devtools.v120.dom.DOM.getOuterHTML(Optional.of(result.getNodeId()), Optional.empty(), Optional.empty())","org.openqa.selenium.devtools.v121.dom.DOM.getOuterHTML(Optional.of(result.getNodeId()), Optional.empty(), Optional.empty())",7,7,1.0,1.0,1.0,1.0,0
"org.openqa.selenium.devtools.v120.dom.DOM.getOuterHTML(Optional.of(result.getNodeId()), Optional.empty(), Optional.empty())",org.openqa.selenium.devtools.v121.dom.model.Node.getNodeId(),7,8,0.0,0.0,0.0,0.5,0
org.openqa.selenium.devtools.v120.dom.model.Node.getNodeId(),"org.openqa.selenium.devtools.v121.dom.DOM.getDocument(Optional.of(1), Optional.of(false))",8,6,0.0,0.0,0.0,0.3333333333333333,0
org.openqa.selenium.devtools.v120.dom.model.Node.getNodeId(),"org.openqa.selenium.devtools.v121.dom.DOM.getOuterHTML(Optional.of(result.getNodeId()), Optional.empty(), Optional.empty())",8,7,0.0,0.0,0.0,0.5,0
org.openqa.selenium.devtools.v120.dom.model.Node.getNodeId(),org.openqa.selenium.devtools.v121.dom.model.Node.getNodeId(),8,8,1.0,1.0,1.0,1.0,0
org.openqa.selenium.devtools.v122.overlay.Overlay.disable(),org.openqa.selenium.devtools.v123.overlay.Overlay.disable(),2,2,1.0,1.0,1.0,1.0,0
org.openqa.selenium.devtools.v122.overlay.Overlay.disable(),org.openqa.selenium.devtools.v123.dom.DOM.disable(),2,3,0.0,1.0,1.0,0.5,0
org.openqa.selenium.devtools.v122.dom.DOM.disable(),org.openqa.selenium.devtools.v123.overlay.Overlay.disable(),3,2,0.0,1.0,1.0,0.5,0
org.openqa.selenium.devtools.v122.dom.DOM.disable(),org.openqa.selenium.devtools.v123.dom.DOM.disable(),3,3,1.0,1.0,1.0,1.0,0
org.jgrapht.alg.ConnectivityInspector.connectedSets(),org.jgrapht.alg.connectivity.ConnectivityInspector.connectedSets(),11,11,1.0,1.0,1.0,1.0,1
org.jgrapht.UndirectedGraph.addVertex(transformer),org.jgrapht.Graph.addVertex(transformer),2,2,0.5,1.0,1.0,1.0,1
org.jgrapht.UndirectedGraph.addVertex(transformer),"org.jgrapht.Graph.addEdge(bus, transformer, new Object())",2,3,0.5,0.0,0.5,0.5,0
"org.jgrapht.UndirectedGraph.addEdge(bus, transformer, new Object())",org.jgrapht.Graph.addVertex(transformer),3,2,0.5,0.0,0.5,0.5,0
"org.jgrapht.UndirectedGraph.addEdge(bus, transformer, new Object())","org.jgrapht.Graph.addEdge(bus, transformer, new Object())",3,3,0.5,1.0,1.0,1.0,1
org.jgrapht.DirectedGraph.outDegreeOf(stage.getFragment().getId()),org.jgrapht.Graph.outDegreeOf(stage.getFragment().getId()),8,8,0.5,1.0,1.0,1.0,1
org.jgrapht.alg.CycleDetector.detectCycles(),org.jgrapht.alg.cycle.CycleDetector.detectCycles(),2,2,1.0,1.0,1.0,1.0,1
org.jgrapht.DirectedGraph.edgeSet(),org.jgrapht.Graph.edgeSet(),14,14,0.5,1.0,1.0,1.0,1
org.jgrapht.experimental.dag.DirectedAcyclicGraph.edgeSet(),org.jgrapht.graph.DirectedAcyclicGraph.edgeSet(),406,406,1.0,1.0,1.0,1.0,1
org.jgrapht.DirectedGraph.addVertex(fragmentId),org.jgrapht.Graph.addVertex(fragmentId),3,3,0.5,1.0,1.0,1.0,1
org.jgrapht.DirectedGraph.addVertex(fragmentId),org.jgrapht.Graph.addVertex(fragmentId),3,4,0.5,1.0,1.0,0.5,0
org.jgrapht.DirectedGraph.addVertex(fragmentId),org.jgrapht.Graph.addVertex(fragmentId),4,3,0.5,1.0,1.0,0.5,0
org.jgrapht.DirectedGraph.addVertex(fragmentId),org.jgrapht.Graph.addVertex(fragmentId),4,4,0.5,1.0,1.0,1.0,1
org.jgrapht.DirectedGraph.outgoingEdgesOf(vertex),org.jgrapht.Graph.outgoingEdgesOf(vertex),3,3,0.5,1.0,1.0,1.0,1
org.jgrapht.experimental.dag.DirectedAcyclicGraph.vertexSet(),org.jgrapht.graph.DirectedAcyclicGraph.vertexSet(),2,2,1.0,1.0,1.0,1.0,1
com.mongodb.Mongo.getDB(TEST_DATABASE_NAME),com.mongodb.MongoClient.getDatabase(TEST_DATABASE_NAME),4,4,0.5,0.0,1.0,1.0,1
com.mongodb.Mongo.getDB(TEST_DATABASE_NAME),com.mongodb.client.MongoCollection.drop(),4,5,0.5,0.0,0.0,0.5,0
com.mongodb.DBCollection.drop(),com.mongodb.MongoClient.getDatabase(TEST_DATABASE_NAME),5,4,0.0,0.0,0.0,0.5,0
com.mongodb.DBCollection.drop(),com.mongodb.client.MongoCollection.drop(),5,5,0.3333333333333333,1.0,1.0,1.0,0
com.mongodb.Mongo.getDB(TEST_DATABASE_NAME),com.mongodb.MongoClient.getDatabase(TEST_DATABASE_NAME),8,4,0.5,0.0,1.0,0.2,0
com.mongodb.Mongo.getDB(TEST_DATABASE_NAME),com.mongodb.client.MongoCollection.drop(),8,5,0.5,0.0,0.0,0.25,0
com.mongodb.client.MongoCollection.count(),com.mongodb.client.MongoCollection.countDocuments(),18,18,1.0,0.5,1.0,1.0,1
com.mongodb.client.MongoCollection.count(),com.mongodb.client.MongoCollection.countDocuments(),18,41,1.0,0.5,1.0,0.041666666666666664,0
com.mongodb.client.MongoCollection.count(),com.mongodb.client.MongoCollection.countDocuments(),41,18,1.0,0.5,1.0,0.041666666666666664,0
com.mongodb.client.MongoCollection.count(),com.mongodb.client.MongoCollection.countDocuments(),41,41,1.0,0.5,1.0,1.0,1
com.mongodb.BasicDBObject.get(path),org.bson.Document.get(path),2,2,0.0,1.0,1.0,1.0,0
com.mongodb.BasicDBObject.get(path),"org.bson.Document.put(path, mergeConstraints(path, constraint, existingConstraint))",2,4,0.0,0.0,0.6666666666666667,0.3333333333333333,0
com.mongodb.BasicDBObject.get(path),"org.bson.Document.put(path, constraint)",2,6,0.0,0.0,0.6666666666666667,0.2,0
"com.mongodb.BasicDBObject.put(path, mergeConstraints(path, constraint, existingConstraint))",org.bson.Document.get(path),4,2,0.0,0.0,0.6666666666666667,0.3333333333333333,0
"com.mongodb.BasicDBObject.put(path, mergeConstraints(path, constraint, existingConstraint))","org.bson.Document.put(path, mergeConstraints(path, constraint, existingConstraint))",4,4,0.0,1.0,1.0,1.0,0
"com.mongodb.BasicDBObject.put(path, mergeConstraints(path, constraint, existingConstraint))","org.bson.Document.put(path, constraint)",4,6,0.0,1.0,0.5,0.3333333333333333,0
"com.mongodb.BasicDBObject.put(path, constraint)",org.bson.Document.get(path),6,2,0.0,0.0,0.6666666666666667,0.2,0
"com.mongodb.BasicDBObject.put(path, constraint)","org.bson.Document.put(path, mergeConstraints(path, constraint, existingConstraint))",6,4,0.0,1.0,0.5,0.3333333333333333,0
"com.mongodb.BasicDBObject.put(path, constraint)","org.bson.Document.put(path, constraint)",6,6,0.0,1.0,1.0,1.0,0
com.mongodb.QueryBuilder.and(andQuery),com.mongodb.client.model.Filters.and(andQuery),11,12,0.0,1.0,1.0,0.5,0
com.mongodb.QueryBuilder.and(andQuery),"com.mongodb.client.model.Filters.and(query, andQuery)",11,14,0.0,1.0,0.6666666666666667,0.25,0
com.mongodb.QueryBuilder.and(andQuery),com.mongodb.client.model.Filters.or(orQuery),11,23,0.0,0.0,0.0,0.07692307692307693,0
com.mongodb.QueryBuilder.and(andQuery),"com.mongodb.client.model.Filters.or(query, orQuery)",11,25,0.0,0.0,0.0,0.06666666666666667,0
com.mongodb.QueryBuilder.or(orQuery),com.mongodb.client.model.Filters.and(andQuery),18,12,0.0,0.0,0.0,0.14285714285714285,0
com.mongodb.QueryBuilder.or(orQuery),"com.mongodb.client.model.Filters.and(query, andQuery)",18,14,0.0,0.0,0.0,0.2,0
com.mongodb.QueryBuilder.or(orQuery),com.mongodb.client.model.Filters.or(orQuery),18,23,0.0,1.0,1.0,0.16666666666666666,0
com.mongodb.QueryBuilder.or(orQuery),"com.mongodb.client.model.Filters.or(query, orQuery)",18,25,0.0,1.0,0.6666666666666667,0.125,0
com.mongodb.QueryBuilder.get(),com.mongodb.client.model.Filters.and(andQuery),30,12,0.0,0.0,0.0,0.05263157894736842,0
com.mongodb.QueryBuilder.get(),"com.mongodb.client.model.Filters.and(query, andQuery)",30,14,0.0,0.0,0.0,0.058823529411764705,0
com.mongodb.QueryBuilder.get(),com.mongodb.client.model.Filters.or(orQuery),30,23,0.0,0.0,0.0,0.125,0
com.mongodb.QueryBuilder.get(),"com.mongodb.client.model.Filters.or(query, orQuery)",30,25,0.0,0.0,0.0,0.16666666666666666,0
com.mongodb.QueryBuilder.get(),com.mongodb.client.model.Filters.and(andQuery),38,12,0.0,0.0,0.0,0.037037037037037035,0
com.mongodb.QueryBuilder.get(),"com.mongodb.client.model.Filters.and(query, andQuery)",38,14,0.0,0.0,0.0,0.04,0
com.mongodb.QueryBuilder.get(),com.mongodb.client.model.Filters.or(orQuery),38,23,0.0,0.0,0.0,0.0625,0
com.mongodb.QueryBuilder.get(),"com.mongodb.client.model.Filters.or(query, orQuery)",38,25,0.0,0.0,0.0,0.07142857142857142,0
com.mongodb.util.JSON.parse(fieldSpec),org.bson.Document.parse(fieldSpec),35,35,0.0,1.0,1.0,1.0,0
com.mongodb.DBObject.toString(),org.bson.Document.toJson(),7,7,0.0,0.0,1.0,1.0,0
org.jdom2.xpath.XPath.selectSingleNode(element),org.jdom2.xpath.XPathExpression.evaluateFirst(element),4,3,0.6666666666666666,0.0,1.0,0.5,1
org.jdom2.JDOMException.printStackTrace(),org.jdom2.xpath.XPathExpression.evaluateFirst(element),6,3,0.0,0.0,0.0,0.25,0
org.jdom2.Element.getText(),org.jdom2.Element.getTextTrim(),10,9,1.0,0.5,1.0,0.5,0
org.jdom2.Element.getText(),org.jdom2.Element.getTextTrim(),10,26,1.0,0.5,1.0,0.058823529411764705,0
org.jdom2.Element.getText(),org.jdom2.Element.getTextTrim(),27,9,1.0,0.5,1.0,0.05263157894736842,0
org.jdom2.Element.getText(),org.jdom2.Element.getTextTrim(),27,26,1.0,0.5,1.0,0.5,0
org.jdom2.xpath.XPathHelper.getAbsolutePath(element),org.jdom2.Element.getDocument(),1,4,0.0,0.0,0.0,0.25,0
org.jdom2.xpath.XPathHelper.getAbsolutePath(element),org.jdom2.Element.getDocument(),1,11,0.0,0.0,0.0,0.09090909090909091,0
org.jdom2.xpath.XPathHelper.getAbsolutePath(element),org.jdom2.Element.getParentElement(),1,13,0.0,0.0,0.0,0.07692307692307693,0
org.jdom2.xpath.XPathHelper.getAbsolutePath(element),org.jdom2.Element.getParentElement(),1,14,0.0,0.0,0.0,0.07142857142857142,0
org.jdom2.xpath.XPath.selectNodes(element),org.jdom2.xpath.XPathExpression.evaluate(element),4,3,0.6666666666666666,0.0,1.0,0.5,1
org.jdom2.JDOMException.printStackTrace(),org.jdom2.xpath.XPathExpression.evaluate(element),6,3,0.0,0.0,0.0,0.25,0
org.jdom2.xpath.XPath.newInstance(query),org.jdom2.xpath.XPathFactory.instance(),8,6,0.6666666666666666,0.0,0.0,0.3333333333333333,1
org.jdom2.JDOMException.printStackTrace(),org.jdom2.xpath.XPathFactory.instance(),10,6,0.0,0.0,1.0,0.2,0
"com.google.common.truth.Truth8.assertThat(network.edgesConnecting(N1, N2))","com.google.common.truth.Truth.assertThat(network.edgesConnecting(N1, N2))",8,8,0.0,1.0,1.0,1.0,1
com.google.common.truth.Truth.ASSERT.about(javaSource()),com.google.common.truth.Truth.assert_(),22,22,0.5,0.0,0.0,1.0,0
com.google.common.truth.Truth.assertThat(employee.getKey().getId()),"com.google.common.truth.Truth.assertWithMessage(""key id"")",10,10,1.0,0.0,0.0,1.0,0
com.google.common.truth.TruthJUnit.assume(),com.google.common.truth.Truth.assertAbout(javaSource()),6,1,0.3333333333333333,0.0,0.0,0.16666666666666666,0
com.google.common.truth.Truth.assert_(),com.google.common.truth.Truth.assertThat(SuperficialValidation.validateElement(testClassElement)),3,3,1.0,0.0,0.0,1.0,0
"com.google.common.truth.Expect.withFailureMessage(from + "" assignable to "" + to)","com.google.common.truth.Expect.withMessage(from + "" assignable to "" + to)",8,8,1.0,0.5,1.0,1.0,1
"org.ops4j.pax.exam.container.def.PaxRunnerOptions.rawPaxRunnerOption(""clean"")",org.ops4j.pax.exam.CoreOptions.junitBundles(),3,10,0.25,0.0,0.0,0.125,0
"org.ops4j.pax.exam.container.def.PaxRunnerOptions.repositories(""http://repo1.maven.org/maven2"", ""http://repository.apache.org/content/groups/snapshots-group"", ""http://repository.ops4j.org/maven2"", ""http://svn.apache.org/repos/asf/servicemix/m2-repo"", ""http://repository.springsource.com/maven/bundles/release"", ""http://repository.springsource.com/maven/bundles/external"", ""http://maven.java.net/content/repositories/snapshots"")",org.ops4j.pax.exam.CoreOptions.junitBundles(),8,10,0.25,0.0,0.0,0.3333333333333333,0
"org.ops4j.pax.exam.CoreOptions.wrappedBundle(mavenBundle().groupId(""javax.annotation"").artifactId(""javax.annotation-api"").versionAsInProject())",org.ops4j.pax.exam.CoreOptions.junitBundles(),30,10,1.0,0.0,0.0,0.047619047619047616,0
org.ops4j.pax.exam.CoreOptions.felix(),org.ops4j.pax.exam.CoreOptions.junitBundles(),59,10,1.0,0.0,1.0,0.02,0
"org.ops4j.pax.exam.MavenUtils.getArtifactVersion(""org.apache.karaf"", ""apache-karaf"")",org.ops4j.pax.exam.CoreOptions.maven(),2,2,0.0,0.0,0.0,1.0,0
"org.ops4j.pax.exam.MavenUtils.getArtifactVersion(""org.apache.karaf"", ""apache-karaf"")",org.ops4j.pax.exam.CoreOptions.composite(super.config()),2,6,0.0,0.0,0.0,0.2,0
"org.ops4j.pax.exam.CoreOptions.options(regressionDefaults(), mvnBundle(""org.ops4j.pax.jdbc"", ""pax-jdbc-mariadb""), mvnBundle(""org.mariadb.jdbc"", ""mariadb-java-client""))","org.ops4j.pax.exam.OptionUtils.combine(regressionDefaults(), mvnBundle(""org.ops4j.pax.jdbc"", ""pax-jdbc-mariadb""), mvnBundle(""org.mariadb.jdbc"", ""mariadb-java-client""))",2,2,0.0,0.0,1.0,1.0,0
org.ops4j.pax.exam.CoreOptions.keepCaches(),"org.ops4j.pax.exam.CoreOptions.composite(vmOption(vmOpt), baseConfiguration(), slingQuickstart(), mavenBundle().groupId(""org.apache.felix"").artifactId(""org.apache.felix.converter"").version(""1.0.12""), testBundle(""bundle.filename""), wrappedBundle(mavenBundle().groupId(""org.apache.sling"").artifactId(""org.apache.sling.servlet-helpers"").versionAsInProject()), junitBundles(), newConfiguration(""org.apache.sling.jcr.base.internal.LoginAdminWhitelist"")
                    .put(""whitelist.bundles.regexp"", ""^PAXEXAM.*$"")
                    .asOption())",18,9,1.0,0.0,0.0,0.1,0
"org.ops4j.pax.exam.CoreOptions.systemProperty(""org.ops4j.pax.url.mvn.repositories"")","org.ops4j.pax.exam.CoreOptions.composite(vmOption(vmOpt), baseConfiguration(), slingQuickstart(), mavenBundle().groupId(""org.apache.felix"").artifactId(""org.apache.felix.converter"").version(""1.0.12""), testBundle(""bundle.filename""), wrappedBundle(mavenBundle().groupId(""org.apache.sling"").artifactId(""org.apache.sling.servlet-helpers"").versionAsInProject()), junitBundles(), newConfiguration(""org.apache.sling.jcr.base.internal.LoginAdminWhitelist"")
                    .put(""whitelist.bundles.regexp"", ""^PAXEXAM.*$"")
                    .asOption())",19,9,1.0,0.0,0.0,0.09090909090909091,0
org.ops4j.pax.exam.CoreOptions.when(localRepo.length() > 0),"org.ops4j.pax.exam.CoreOptions.composite(vmOption(vmOpt), baseConfiguration(), slingQuickstart(), mavenBundle().groupId(""org.apache.felix"").artifactId(""org.apache.felix.converter"").version(""1.0.12""), testBundle(""bundle.filename""), wrappedBundle(mavenBundle().groupId(""org.apache.sling"").artifactId(""org.apache.sling.servlet-helpers"").versionAsInProject()), junitBundles(), newConfiguration(""org.apache.sling.jcr.base.internal.LoginAdminWhitelist"")
                    .put(""whitelist.bundles.regexp"", ""^PAXEXAM.*$"")
                    .asOption())",20,9,1.0,0.0,0.0,0.08333333333333333,0
"org.ops4j.pax.exam.CoreOptions.systemProperty(""org.ops4j.pax.url.mvn.localRepository"")","org.ops4j.pax.exam.CoreOptions.composite(vmOption(vmOpt), baseConfiguration(), slingQuickstart(), mavenBundle().groupId(""org.apache.felix"").artifactId(""org.apache.felix.converter"").version(""1.0.12""), testBundle(""bundle.filename""), wrappedBundle(mavenBundle().groupId(""org.apache.sling"").artifactId(""org.apache.sling.servlet-helpers"").versionAsInProject()), junitBundles(), newConfiguration(""org.apache.sling.jcr.base.internal.LoginAdminWhitelist"")
                    .put(""whitelist.bundles.regexp"", ""^PAXEXAM.*$"")
                    .asOption())",21,9,1.0,0.0,0.0,0.07692307692307693,0
"org.ops4j.pax.exam.CoreOptions.provision(CoreOptions.mavenBundle()
                                       .groupId(""org.apache.ws.xmlschema"").artifactId(""xmlschema-core""))","org.ops4j.pax.exam.CoreOptions.url(""link:classpath:org.apache.ws.xmlschema.core.link"")",3,4,1.0,0.0,0.0,0.5,0
"org.ops4j.pax.exam.CoreOptions.provision(CoreOptions.mavenBundle()
                                       .groupId(""org.apache.ws.xmlschema"").artifactId(""xmlschema-core""))","org.ops4j.pax.exam.CoreOptions.url(""link:classpath:org.apache.ws.xmlschema.walker.link"")",3,5,1.0,0.0,0.0,0.3333333333333333,0
org.ops4j.pax.exam.CoreOptions.mavenBundle(),"org.ops4j.pax.exam.CoreOptions.url(""link:classpath:org.apache.ws.xmlschema.core.link"")",3,4,1.0,0.0,0.0,0.5,0
org.ops4j.pax.exam.CoreOptions.mavenBundle(),"org.ops4j.pax.exam.CoreOptions.url(""link:classpath:org.apache.ws.xmlschema.walker.link"")",3,5,1.0,0.0,0.0,0.3333333333333333,0
"org.ops4j.pax.exam.CoreOptions.provision(CoreOptions.mavenBundle()
                                       .groupId(""org.apache.ws.xmlschema"").artifactId(""xmlschema-walker""))","org.ops4j.pax.exam.CoreOptions.url(""link:classpath:org.apache.ws.xmlschema.core.link"")",5,4,1.0,0.0,0.0,0.5,0
"org.ops4j.pax.exam.CoreOptions.provision(CoreOptions.mavenBundle()
                                       .groupId(""org.apache.ws.xmlschema"").artifactId(""xmlschema-walker""))","org.ops4j.pax.exam.CoreOptions.url(""link:classpath:org.apache.ws.xmlschema.walker.link"")",5,5,1.0,0.0,0.0,1.0,0
org.ops4j.pax.exam.CoreOptions.mavenBundle(),"org.ops4j.pax.exam.CoreOptions.url(""link:classpath:org.apache.ws.xmlschema.core.link"")",5,4,1.0,0.0,0.0,0.5,0
org.ops4j.pax.exam.CoreOptions.mavenBundle(),"org.ops4j.pax.exam.CoreOptions.url(""link:classpath:org.apache.ws.xmlschema.walker.link"")",5,5,1.0,0.0,0.0,1.0,0
org.apache.commons.csv.CSVFormat.RFC4180.withHeader(),org.apache.commons.csv.CSVFormat.Builder.create(CSVFormat.RFC4180),10,10,0.5,0.0,0.0,1.0,0
org.apache.commons.csv.CSVFormat.RFC4180.withHeader(),org.apache.commons.csv.CSVFormat.parse(new InputStreamReader(stream)),10,11,0.6666666666666666,0.0,0.0,0.5,0
org.apache.commons.csv.CSVFormat.withFirstRecordAsHeader(),org.apache.commons.csv.CSVFormat.withHeader(),2,2,1.0,0.3333333333333333,1.0,1.0,0
org.apache.commons.csv.CSVFormat.DEFAULT.withHeader(headers),org.apache.commons.csv.CSVFormat.Builder.create(),5,5,0.5,0.0,0.0,1.0,0
org.apache.commons.csv.CSVFormat.DEFAULT.withRecordSeparator(UserMapper.NEWLINE),org.apache.commons.csv.CSVFormat.DEFAULT.builder(),8,8,1.0,0.0,0.0,1.0,0
org.apache.commons.csv.CSVFormat.DEFAULT.withDelimiter(delimiter),org.apache.commons.csv.CSVFormat.DEFAULT.builder(),1,1,1.0,0.0,0.0,1.0,0
org.apache.commons.csv.CSVFormat.withQuote(quoteChar),org.apache.commons.csv.CSVFormat.DEFAULT.builder(),3,1,0.6666666666666666,0.0,0.0,0.3333333333333333,0
org.apache.commons.csv.CSVFormat.RFC4180.withFirstRecordAsHeader(),"org.apache.commons.csv.CSVFormat.newFormat(',')",6,6,0.6666666666666666,0.0,0.0,1.0,0
org.apache.commons.csv.CSVFormat.RFC4180.withFirstRecordAsHeader(),org.apache.commons.csv.CSVParser.getRecords(),6,8,0.25,0.0,1.0,0.3333333333333333,0
org.apache.commons.csv.CSVFormat.RFC4180.withFirstRecordAsHeader(),org.apache.commons.csv.CSVFormat.RFC4180.builder(),6,6,1.0,0.0,1.0,1.0,0
org.apache.commons.csv.CSVFormat.RFC4180.withFirstRecordAsHeader(),org.apache.commons.csv.CSVFormat.parse(in),6,10,0.6666666666666666,0.0,0.0,0.2,0
org.apache.commons.csv.CSVFormat.RFC4180.withFirstRecordAsHeader(),org.apache.commons.csv.CSVParser.getRecords(),6,12,0.25,0.0,1.0,0.14285714285714285,0
org.apache.commons.csv.CSVParser.spliterator(),org.apache.commons.csv.CSVFormat.RFC4180.builder(),8,6,0.25,0.0,1.0,0.3333333333333333,0
org.apache.commons.csv.CSVParser.spliterator(),org.apache.commons.csv.CSVFormat.parse(in),8,10,0.3333333333333333,0.0,0.0,0.3333333333333333,0
org.apache.commons.csv.CSVParser.spliterator(),org.apache.commons.csv.CSVParser.getRecords(),8,12,1.0,0.0,1.0,0.2,0
org.apache.commons.csv.CSVFormat.DEFAULT.withFirstRecordAsHeader(),org.apache.commons.csv.CSVFormat.DEFAULT.withDelimiter(';'),4,6,1.0,0.0,0.0,0.3333333333333333,0
org.apache.commons.csv.CSVFormat.DEFAULT.withDelimiter(delimiter),org.apache.commons.csv.CSVFormat.DEFAULT.builder(),1,1,1.0,0.0,0.0,1.0,0
org.apache.commons.csv.CSVFormat.withCommentMarker(commentMarker),org.apache.commons.csv.CSVFormat.DEFAULT.builder(),8,1,0.6666666666666666,0.0,0.0,0.125,0
org.apache.commons.csv.CSVFormat.withHeader(userSpecifiedHeader),org.apache.commons.csv.CSVFormat.DEFAULT.builder(),10,1,0.6666666666666666,0.0,0.0,0.1,0
org.apache.commons.csv.CSVFormat.withSkipHeaderRecord(skipFirstRow),org.apache.commons.csv.CSVFormat.DEFAULT.builder(),12,1,0.6666666666666666,0.0,0.0,0.08333333333333333,0
org.apache.commons.csv.CSVFormat.withSkipHeaderRecord(false),org.apache.commons.csv.CSVFormat.DEFAULT.builder(),14,1,0.6666666666666666,0.0,0.0,0.07142857142857142,0
org.jfrog.build.extractor.clientConfiguration.ArtifactoryBuildInfoClientBuilder.build(),org.jfrog.build.extractor.clientConfiguration.ArtifactoryManagerBuilder.build(),5,5,0.3333333333333333,1.0,1.0,1.0,1
org.jfrog.build.extractor.clientConfiguration.ArtifactoryBuildInfoClientBuilder.build(),"org.jfrog.build.extractor.clientConfiguration.client.artifactory.ArtifactoryManager.publishBuildInfo(build, """")",5,12,0.16666666666666666,0.3333333333333333,0.0,0.125,0
org.jfrog.build.extractor.clientConfiguration.ArtifactoryBuildInfoClientBuilder.build(),org.jfrog.build.extractor.clientConfiguration.client.artifactory.ArtifactoryManager.getUrl(),5,15,0.16666666666666666,0.0,1.0,0.09090909090909091,0
org.jfrog.build.extractor.clientConfiguration.ArtifactoryBuildInfoClientBuilder.build(),org.jfrog.build.extractor.ci.BuildInfo.getName(),5,15,0.4,0.0,1.0,0.09090909090909091,0
org.jfrog.build.extractor.clientConfiguration.ArtifactoryBuildInfoClientBuilder.build(),org.jfrog.build.extractor.ci.BuildInfo.getNumber(),5,15,0.4,0.0,1.0,0.09090909090909091,0
"org.jfrog.build.extractor.clientConfiguration.client.ArtifactoryBuildInfoClient.sendBuildInfo(build, """")",org.jfrog.build.extractor.clientConfiguration.ArtifactoryManagerBuilder.build(),12,5,0.16666666666666666,0.3333333333333333,0.0,0.125,0
"org.jfrog.build.extractor.clientConfiguration.client.ArtifactoryBuildInfoClient.sendBuildInfo(build, """")","org.jfrog.build.extractor.clientConfiguration.client.artifactory.ArtifactoryManager.publishBuildInfo(build, """")",12,12,0.2,0.5,1.0,1.0,1
"org.jfrog.build.extractor.clientConfiguration.client.ArtifactoryBuildInfoClient.sendBuildInfo(build, """")",org.jfrog.build.extractor.clientConfiguration.client.artifactory.ArtifactoryManager.getUrl(),12,15,0.2,0.0,0.0,0.25,0
"org.jfrog.build.extractor.clientConfiguration.client.ArtifactoryBuildInfoClient.sendBuildInfo(build, """")",org.jfrog.build.extractor.ci.BuildInfo.getName(),12,15,0.5,0.0,0.0,0.25,0
"org.jfrog.build.extractor.clientConfiguration.client.ArtifactoryBuildInfoClient.sendBuildInfo(build, """")",org.jfrog.build.extractor.ci.BuildInfo.getNumber(),12,15,0.5,0.0,0.0,0.25,0
org.jfrog.build.extractor.clientConfiguration.client.ArtifactoryBuildInfoClient.getArtifactoryUrl(),org.jfrog.build.extractor.clientConfiguration.ArtifactoryManagerBuilder.build(),15,5,0.16666666666666666,0.0,1.0,0.09090909090909091,0
org.jfrog.build.extractor.clientConfiguration.client.ArtifactoryBuildInfoClient.getArtifactoryUrl(),"org.jfrog.build.extractor.clientConfiguration.client.artifactory.ArtifactoryManager.publishBuildInfo(build, """")",15,12,0.2,0.0,0.0,0.25,0
org.jfrog.build.extractor.clientConfiguration.client.ArtifactoryBuildInfoClient.getArtifactoryUrl(),org.jfrog.build.extractor.clientConfiguration.client.artifactory.ArtifactoryManager.getUrl(),15,15,0.2,0.5,1.0,1.0,1
org.jfrog.build.extractor.clientConfiguration.client.ArtifactoryBuildInfoClient.getArtifactoryUrl(),org.jfrog.build.extractor.ci.BuildInfo.getName(),15,15,0.5,0.0,1.0,1.0,0
org.jfrog.build.extractor.clientConfiguration.client.ArtifactoryBuildInfoClient.getArtifactoryUrl(),org.jfrog.build.extractor.ci.BuildInfo.getNumber(),15,15,0.5,0.0,1.0,1.0,0
org.jfrog.build.extractor.clientConfiguration.client.ArtifactoryBuildInfoClient.getVirtualRepositoryKeys(),org.jfrog.build.extractor.clientConfiguration.client.artifactory.ArtifactoryManager.getVirtualRepositoriesKeys(),9,9,0.2,0.5,1.0,1.0,1
org.jfrog.build.extractor.clientConfiguration.client.ArtifactoryBuildInfoClient.getLocalRepositoriesKeys(),org.jfrog.build.extractor.clientConfiguration.ArtifactoryManagerBuilder.build(),34,33,0.16666666666666666,0.0,1.0,0.5,0
org.jfrog.build.extractor.clientConfiguration.client.ArtifactoryBuildInfoClient.getLocalRepositoriesKeys(),org.jfrog.build.extractor.clientConfiguration.client.artifactory.ArtifactoryManager.getLocalRepositoriesKeys(),34,34,0.2,1.0,1.0,1.0,1
org.jfrog.build.extractor.clientConfiguration.client.ArtifactoryBuildInfoClient.close(),org.jfrog.build.extractor.clientConfiguration.ArtifactoryManagerBuilder.build(),48,33,0.16666666666666666,0.0,1.0,0.0625,0
org.jfrog.build.extractor.clientConfiguration.client.ArtifactoryBuildInfoClient.close(),org.jfrog.build.extractor.clientConfiguration.client.artifactory.ArtifactoryManager.getLocalRepositoriesKeys(),48,34,0.2,0.0,1.0,0.06666666666666667,0
org.jfrog.build.extractor.clientConfiguration.client.ArtifactoryBuildInfoClient.verifyCompatibleArtifactoryVersion(),org.jfrog.build.extractor.clientConfiguration.client.artifactory.ArtifactoryManager.getVersion(),9,9,0.2,0.25,1.0,1.0,0
"org.jfrog.build.extractor.clientConfiguration.client.artifactory.services.PublishBuildInfo.createBuildInfoUrl(platformUrl, buildName, buildNumber, startedTimeStamp, project, false)","org.jfrog.build.extractor.BuildInfoExtractorUtils.createBuildInfoUrl(url, buildName, buildNumber, startedTimeStamp, project, false, isPlatformUrl)",3,3,0.4,1.0,0.7692307692307692,1.0,1
"org.jfrog.build.extractor.clientConfiguration.client.artifactory.services.PublishBuildInfo.createBuildInfoUrl(this.artifactoryUrl, this.buildName, this.buildNumber, false)","org.jfrog.build.extractor.BuildInfoExtractorUtils.createBuildInfoUrl(url, buildName, buildNumber, startedTimeStamp, project, false, isPlatformUrl)",5,3,0.4,1.0,0.18181818181818177,0.3333333333333333,0
org.jfrog.build.extractor.clientConfiguration.client.ArtifactoryBuildInfoClient.setConnectionTimeout(serverConfig.getTimeout()),org.jfrog.build.extractor.clientConfiguration.ArtifactoryManagerBuilder.setConnectionTimeout(serverConfig.getTimeout()),28,28,0.16666666666666666,1.0,1.0,1.0,1
org.jfrog.build.extractor.clientConfiguration.client.ArtifactoryBuildInfoClient.setConnectionTimeout(serverConfig.getTimeout()),org.jfrog.build.extractor.clientConfiguration.ArtifactoryManagerBuilder.build(),28,30,0.16666666666666666,0.0,0.0,0.3333333333333333,0
org.jfrog.build.extractor.clientConfiguration.client.ArtifactoryBuildInfoClient.setConnectionTimeout(serverConfig.getTimeout()),org.jfrog.build.extractor.clientConfiguration.client.artifactory.ArtifactoryManager.getVirtualRepositoriesKeys(),28,31,0.2,0.0,0.0,0.25,0
org.jfrog.build.extractor.clientConfiguration.client.ArtifactoryBuildInfoClient.getVirtualRepositoryKeys(),org.jfrog.build.extractor.clientConfiguration.ArtifactoryManagerBuilder.setConnectionTimeout(serverConfig.getTimeout()),31,28,0.16666666666666666,0.0,0.0,0.25,0
org.jfrog.build.extractor.clientConfiguration.client.ArtifactoryBuildInfoClient.getVirtualRepositoryKeys(),org.jfrog.build.extractor.clientConfiguration.ArtifactoryManagerBuilder.build(),31,30,0.16666666666666666,0.0,1.0,0.5,0
org.jfrog.build.extractor.clientConfiguration.client.ArtifactoryBuildInfoClient.getVirtualRepositoryKeys(),org.jfrog.build.extractor.clientConfiguration.client.artifactory.ArtifactoryManager.getVirtualRepositoriesKeys(),31,31,0.2,0.5,1.0,1.0,1
org.jfrog.build.extractor.clientConfiguration.client.ArtifactoryBuildInfoClient.close(),org.jfrog.build.extractor.clientConfiguration.ArtifactoryManagerBuilder.setConnectionTimeout(serverConfig.getTimeout()),44,28,0.16666666666666666,0.0,0.0,0.058823529411764705,0
org.jfrog.build.extractor.clientConfiguration.client.ArtifactoryBuildInfoClient.close(),org.jfrog.build.extractor.clientConfiguration.ArtifactoryManagerBuilder.build(),44,30,0.16666666666666666,0.0,1.0,0.06666666666666667,0
org.jfrog.build.extractor.clientConfiguration.client.ArtifactoryBuildInfoClient.close(),org.jfrog.build.extractor.clientConfiguration.client.artifactory.ArtifactoryManager.getVirtualRepositoriesKeys(),44,31,0.2,0.0,1.0,0.07142857142857142,0
"org.jfrog.build.extractor.clientConfiguration.client.ArtifactoryBuildInfoClient.setConnectionTimeout(Integer.parseInt(request.getParameter(""timeout"")))","org.jfrog.build.extractor.clientConfiguration.client.artifactory.ArtifactoryManager.setConnectionTimeout(Integer.parseInt(request.getParameter(""timeout"")))",8,9,0.2,1.0,1.0,0.5,1
"org.jfrog.build.extractor.clientConfiguration.client.ArtifactoryBuildInfoClient.setConnectionTimeout(Integer.parseInt(request.getParameter(""timeout"")))","org.jfrog.build.extractor.clientConfiguration.client.artifactory.ArtifactoryManager.setProxyConfiguration(proxyInfo.getHost(), proxyInfo.getPort(), proxyInfo.getUsername(), proxyInfo.getPassword())",8,12,0.2,0.0,0.0,0.2,0
"org.jfrog.build.extractor.clientConfiguration.client.ArtifactoryBuildInfoClient.setConnectionTimeout(Integer.parseInt(request.getParameter(""timeout"")))",org.jfrog.build.extractor.clientConfiguration.client.artifactory.ArtifactoryManager.getVersion(),8,17,0.2,0.0,0.0,0.1,0
"org.jfrog.build.extractor.clientConfiguration.client.ArtifactoryBuildInfoClient.setProxyConfiguration(proxyInfo.getHost(), proxyInfo.getPort(), proxyInfo.getUsername(), proxyInfo.getPassword())","org.jfrog.build.extractor.clientConfiguration.client.artifactory.ArtifactoryManager.setConnectionTimeout(Integer.parseInt(request.getParameter(""timeout"")))",12,9,0.2,0.0,0.0,0.25,0
"org.jfrog.build.extractor.clientConfiguration.client.ArtifactoryBuildInfoClient.setProxyConfiguration(proxyInfo.getHost(), proxyInfo.getPort(), proxyInfo.getUsername(), proxyInfo.getPassword())","org.jfrog.build.extractor.clientConfiguration.client.artifactory.ArtifactoryManager.setProxyConfiguration(proxyInfo.getHost(), proxyInfo.getPort(), proxyInfo.getUsername(), proxyInfo.getPassword())",12,12,0.2,1.0,1.0,1.0,1
"org.jfrog.build.extractor.clientConfiguration.client.ArtifactoryBuildInfoClient.setProxyConfiguration(proxyInfo.getHost(), proxyInfo.getPort(), proxyInfo.getUsername(), proxyInfo.getPassword())",org.jfrog.build.extractor.clientConfiguration.client.artifactory.ArtifactoryManager.getVersion(),12,17,0.2,0.0,0.0,0.16666666666666666,0
org.jfrog.build.extractor.clientConfiguration.client.ArtifactoryBuildInfoClient.verifyCompatibleArtifactoryVersion(),"org.jfrog.build.extractor.clientConfiguration.client.artifactory.ArtifactoryManager.setConnectionTimeout(Integer.parseInt(request.getParameter(""timeout"")))",17,9,0.2,0.0,0.0,0.1111111111111111,0
org.jfrog.build.extractor.clientConfiguration.client.ArtifactoryBuildInfoClient.verifyCompatibleArtifactoryVersion(),"org.jfrog.build.extractor.clientConfiguration.client.artifactory.ArtifactoryManager.setProxyConfiguration(proxyInfo.getHost(), proxyInfo.getPort(), proxyInfo.getUsername(), proxyInfo.getPassword())",17,12,0.2,0.0,0.0,0.16666666666666666,0
org.jfrog.build.extractor.clientConfiguration.client.ArtifactoryBuildInfoClient.verifyCompatibleArtifactoryVersion(),org.jfrog.build.extractor.clientConfiguration.client.artifactory.ArtifactoryManager.getVersion(),17,17,0.2,0.25,1.0,1.0,0
org.jfrog.build.extractor.clientConfiguration.client.ArtifactoryBuildInfoClient.close(),"org.jfrog.build.extractor.clientConfiguration.client.artifactory.ArtifactoryManager.setConnectionTimeout(Integer.parseInt(request.getParameter(""timeout"")))",23,9,0.2,0.0,0.0,0.06666666666666667,0
org.jfrog.build.extractor.clientConfiguration.client.ArtifactoryBuildInfoClient.close(),"org.jfrog.build.extractor.clientConfiguration.client.artifactory.ArtifactoryManager.setProxyConfiguration(proxyInfo.getHost(), proxyInfo.getPort(), proxyInfo.getUsername(), proxyInfo.getPassword())",23,12,0.2,0.0,0.0,0.08333333333333333,0
org.jfrog.build.extractor.clientConfiguration.client.ArtifactoryBuildInfoClient.close(),org.jfrog.build.extractor.clientConfiguration.client.artifactory.ArtifactoryManager.getVersion(),23,17,0.2,0.0,1.0,0.14285714285714285,0
org.osgi.service.cm.Configuration.getProperties(),org.osgi.service.cm.Configuration.getProcessedProperties(ref),32,33,1.0,0.5,0.0,0.5,0
org.osgi.service.cm.Configuration.getProperties(),org.osgi.service.cm.Configuration.getProcessedProperties(ref),32,55,1.0,0.5,0.0,0.041666666666666664,0
org.osgi.service.cm.Configuration.getProperties(),org.osgi.service.cm.Configuration.getProcessedProperties(ref),53,33,1.0,0.5,0.0,0.047619047619047616,0
org.osgi.service.cm.Configuration.getProperties(),org.osgi.service.cm.Configuration.getProcessedProperties(ref),53,55,1.0,0.5,0.0,0.3333333333333333,0
"org.osgi.service.cm.ConfigurationAdmin.createFactoryConfiguration(factoryPid, location)","org.osgi.service.cm.ConfigurationAdmin.getFactoryConfiguration(factoryPid, configPidOrName, location)",42,21,1.0,0.6666666666666666,0.8,0.045454545454545456,0
"org.apache.commons.logging.Log.info(""SAMLSSO Authenticator bundle is activated"")","org.apache.commons.logging.Log.debug(""STS Authenticator bundle is activated"")",7,6,1.0,0.0,0.0,0.5,0
"org.apache.commons.logging.Log.info(""SAMLSSO Authenticator bundle is activated"")","org.apache.commons.logging.Log.error(""STS Authenticator bundle activation Failed"", e)",7,9,1.0,0.0,0.0,0.3333333333333333,0
"org.apache.commons.logging.Log.warn(""Signature validation failed for the SAML Message : Failed to construct the X509CredentialImpl for the alias "" +
                        alias)",org.apache.commons.logging.Log.isDebugEnabled(),17,17,1.0,0.0,0.0,1.0,0
"org.apache.commons.logging.Log.warn(""Signature validation failed for the SAML Message : Failed to construct the X509CredentialImpl for the alias "" +
                        alias)",org.apache.commons.logging.Log.isDebugEnabled(),17,22,1.0,0.0,0.0,0.16666666666666666,0
"org.apache.commons.logging.Log.warn(""Signature validation failed for the SAML Message : Failed to construct the X509CredentialImpl for the alias "" +
                        alias)",org.apache.commons.logging.Log.isDebugEnabled(),17,35,1.0,0.0,0.0,0.05263157894736842,0
"org.apache.commons.logging.Log.warn(""Signature Validation Failed for the SAML Assertion : Signature is invalid."")",org.apache.commons.logging.Log.isDebugEnabled(),21,17,1.0,0.0,0.0,0.2,0
"org.apache.commons.logging.Log.warn(""Signature Validation Failed for the SAML Assertion : Signature is invalid."")",org.apache.commons.logging.Log.isDebugEnabled(),21,22,1.0,0.0,0.0,0.5,0
"org.apache.commons.logging.Log.warn(""Signature Validation Failed for the SAML Assertion : Signature is invalid."")",org.apache.commons.logging.Log.isDebugEnabled(),21,35,1.0,0.0,0.0,0.06666666666666667,0
"org.apache.commons.logging.Log.debug(String.format(""Removing autoscaling policy: [tenant-id] %d [autoscaling-policy-uuid] %s "" +
                                ""[autoscaling-policy-id] %s"", autoscalePolicyBean.getTenantId(),
                        autoscalePolicyBean.getUuid(), autoscalePolicyId))","org.apache.commons.logging.Log.info(String.format(""Removing autoscaling policy: [id] %s"", autoscalePolicyId))",11,4,1.0,0.0,0.0,0.125,0
"org.apache.commons.logging.Log.error(""Error registering FIDOAuthenticator service"", e)","org.apache.commons.logging.Log.fatal(""Error registering FIDOAuthenticator service"", e)",10,10,1.0,0.0,1.0,1.0,0
"org.apache.commons.logging.Log.error(""Error registering FIDOAuthenticator service"", e)","org.apache.commons.logging.Log.fatal(""Error registering U2FService service"", e)",10,20,1.0,0.0,0.5,0.09090909090909091,0
"org.apache.commons.logging.Log.error(""Error registering U2FService service"", e)","org.apache.commons.logging.Log.fatal(""Error registering FIDOAuthenticator service"", e)",20,10,1.0,0.0,0.5,0.09090909090909091,0
"org.apache.commons.logging.Log.error(""Error registering U2FService service"", e)","org.apache.commons.logging.Log.fatal(""Error registering U2FService service"", e)",20,20,1.0,0.0,1.0,1.0,0
org.apache.commons.logging.Log.isTraceEnabled(),org.apache.commons.logging.Log.isDebugEnabled(),8,6,1.0,0.0,1.0,0.3333333333333333,0
org.apache.commons.logging.Log.isTraceEnabled(),"org.apache.commons.logging.Log.debug(""RepositoryMessagePublisherImpl.shouldBroadcast = false.  So ""+currentQueue.size()+"" messages will be thrown away."")",8,7,1.0,0.0,0.0,0.5,0
"org.apache.commons.logging.Log.info(""Publishing a message: ""+json)",org.apache.commons.logging.Log.isDebugEnabled(),9,6,1.0,0.0,0.0,0.25,0
"org.apache.commons.logging.Log.info(""Publishing a message: ""+json)","org.apache.commons.logging.Log.debug(""RepositoryMessagePublisherImpl.shouldBroadcast = false.  So ""+currentQueue.size()+"" messages will be thrown away."")",9,7,1.0,0.0,0.0,0.3333333333333333,0
"org.apache.commons.logging.Log.error(""Error registering FIDOAuthenticator service"", e)","org.apache.commons.logging.Log.fatal(""Error registering FIDOAuthenticator service"", e)",10,10,1.0,0.0,1.0,1.0,0
"org.apache.commons.logging.Log.error(""Error registering FIDOAuthenticator service"", e)","org.apache.commons.logging.Log.fatal(""Error registering U2FService service"", e)",10,20,1.0,0.0,0.5,0.09090909090909091,0
"org.apache.commons.logging.Log.error(""Error registering U2FService service"", e)","org.apache.commons.logging.Log.fatal(""Error registering FIDOAuthenticator service"", e)",20,10,1.0,0.0,0.5,0.09090909090909091,0
"org.apache.commons.logging.Log.error(""Error registering U2FService service"", e)","org.apache.commons.logging.Log.fatal(""Error registering U2FService service"", e)",20,20,1.0,0.0,1.0,1.0,0
org.apache.commons.logging.Log.isDebugEnabled(),org.apache.commons.logging.Log.isTraceEnabled(),9,9,1.0,0.0,1.0,1.0,0
org.apache.commons.logging.Log.isDebugEnabled(),"org.apache.commons.logging.Log.trace(""Closing scanner id="" + currentScannerCallable.scannerId)",9,10,1.0,0.0,0.0,0.5,0
"org.apache.commons.logging.Log.debug(""Closing scanner "" + currentScannerCallable.scannerId)",org.apache.commons.logging.Log.isTraceEnabled(),10,9,1.0,0.0,0.0,0.5,0
"org.apache.commons.logging.Log.debug(""Closing scanner "" + currentScannerCallable.scannerId)","org.apache.commons.logging.Log.trace(""Closing scanner id="" + currentScannerCallable.scannerId)",10,10,1.0,0.0,0.0,1.0,0
"org.apache.commons.logging.Log.trace(""Source "" + sourceX.getSource().getName()
                            + "" ["" + period.getStartDate() + "" - "" + period.getEndDate() + ""]""
                            + "" currentValueMap2["" + currentValueMap2.size() + ""]"")",org.apache.commons.logging.Log.error(DebugUtils.getStackTrace( ex )),22,9,1.0,0.0,0.0,0.07142857142857142,0
"org.apache.commons.logging.Log.trace(""-->Evaluated "" + rule.getName()
                                                + "", combo id "" + combo + "": ""
                                                + (violation ? ""violation"" : ""OK"") + "" "" + ( leftSide == null ? ""(null)"" : leftSide.toString() )
                                                + "" "" + rule.getOperator() + "" "" + ( rightSide == null ? ""(null)"" : rightSide.toString() )
                                                + "" ("" + context.getValidationResults().size() + "" results)"")",org.apache.commons.logging.Log.error(DebugUtils.getStackTrace( ex )),72,9,1.0,0.0,0.0,0.015625,0
org.apache.commons.logging.Log.isInfoEnabled(),"org.apache.commons.logging.Log.error(""Tenant "" + tenantId + "" not found for deletion"")",7,12,1.0,0.0,0.0,0.16666666666666666,0
"org.apache.commons.logging.Log.info(""Tenant "" + tenantId + "" not found for deletion"")","org.apache.commons.logging.Log.error(""Tenant "" + tenantId + "" not found for deletion"")",8,12,1.0,0.0,1.0,0.2,0
"org.apache.commons.logging.LogFactory.getLog(""Taverna.Server.Utils"")",org.apache.commons.logging.Log.isDebugEnabled(),21,10,0.5,0.0,0.0,0.08333333333333333,0
"org.apache.commons.logging.LogFactory.getLog(""Taverna.Server.Utils"")","org.apache.commons.logging.Log.debug(""starting transaction #"" + id)",21,11,0.5,0.0,0.0,0.09090909090909091,0
"org.apache.commons.logging.LogFactory.getLog(""Taverna.Server.Utils"")",org.apache.commons.logging.Log.isDebugEnabled(),21,18,0.5,0.0,0.0,0.25,0
"org.apache.commons.logging.LogFactory.getLog(""Taverna.Server.Utils"")","org.apache.commons.logging.Log.debug(""committed transaction #"" + id)",21,19,0.5,0.0,0.0,0.3333333333333333,0
"org.apache.commons.logging.LogFactory.getLog(""Taverna.Server.Utils"")",org.apache.commons.logging.Log.isDebugEnabled(),21,27,0.5,0.0,0.0,0.14285714285714285,0
"org.apache.commons.logging.LogFactory.getLog(""Taverna.Server.Utils"")","org.apache.commons.logging.Log.debug(""rolled back transaction #"" + id)",21,28,0.5,0.0,0.0,0.125,0
"org.apache.commons.logging.LogFactory.getLog(""Taverna.Server.Utils"")","org.apache.commons.logging.Log.warn(""rollback failed unexpectedly"", e)",21,31,0.5,0.0,0.0,0.09090909090909091,0
com.fasterxml.jackson.core.JsonParser.getCurrentTokenId(),com.fasterxml.jackson.core.JsonParser.currentTokenId(),1,1,1.0,1.0,1.0,1.0,1
"com.fasterxml.jackson.core.JsonGenerator.writeFieldName(""status"")","com.fasterxml.jackson.core.JsonGenerator.writeObjectField(""status"", serverInstance.getStatus())",12,11,1.0,0.3333333333333333,0.6666666666666667,0.5,0
com.fasterxml.jackson.core.JsonParser.getCurrentToken(),com.fasterxml.jackson.core.JsonParser.hasTokenId(JsonTokenId.ID_STRING),3,3,1.0,0.25,0.0,1.0,0
com.fasterxml.jackson.core.JsonParser.getCurrentToken(),com.fasterxml.jackson.core.JsonParser.isExpectedStartArrayToken(),3,10,1.0,0.0,1.0,0.125,0
com.fasterxml.jackson.core.JsonGenerator.writeObject(value.getEntries()),com.fasterxml.jackson.core.JsonGenerator.writeStartObject(),3,3,1.0,0.5,0.0,1.0,0
com.fasterxml.jackson.core.JsonGenerator.writeObject(value.getEntries()),"com.fasterxml.jackson.core.JsonGenerator.writeStringField(key, values.get(0))",3,9,1.0,0.0,0.0,0.14285714285714285,0
com.fasterxml.jackson.core.JsonGenerator.writeObject(value.getEntries()),com.fasterxml.jackson.core.JsonGenerator.writeFieldName(key),3,11,1.0,0.0,0.0,0.1111111111111111,0
com.fasterxml.jackson.core.JsonGenerator.writeObject(value.getEntries()),com.fasterxml.jackson.core.JsonGenerator.writeStartArray(values.size()),3,12,1.0,0.0,0.0,0.1,0
com.fasterxml.jackson.core.JsonGenerator.writeObject(value.getEntries()),com.fasterxml.jackson.core.JsonGenerator.writeString(val),3,14,1.0,0.0,0.0,0.08333333333333333,0
com.fasterxml.jackson.core.JsonGenerator.writeObject(value.getEntries()),com.fasterxml.jackson.core.JsonGenerator.writeEndArray(),3,16,1.0,0.0,0.0,0.07142857142857142,0
com.fasterxml.jackson.core.JsonGenerator.writeObject(value.getEntries()),com.fasterxml.jackson.core.JsonGenerator.writeEndObject(),3,20,1.0,0.5,0.0,0.05555555555555555,0
com.fasterxml.jackson.core.JsonParser.getCurrentToken(),com.fasterxml.jackson.core.JsonParser.currentToken(),4,4,1.0,1.0,1.0,1.0,1
com.fasterxml.jackson.core.JsonParser.getCurrentToken(),com.fasterxml.jackson.core.JsonParser.currentLocation(),4,5,1.0,0.3333333333333333,1.0,0.5,0
com.fasterxml.jackson.core.JsonParser.getCurrentLocation(),com.fasterxml.jackson.core.JsonParser.currentToken(),5,4,1.0,0.3333333333333333,1.0,0.5,0
com.fasterxml.jackson.core.JsonParser.getCurrentLocation(),com.fasterxml.jackson.core.JsonParser.currentLocation(),5,5,1.0,1.0,1.0,1.0,1
com.fasterxml.jackson.core.JsonGenerator.useDefaultPrettyPrinter(),"com.fasterxml.jackson.core.util.DefaultPrettyPrinter.Lf2SpacesIndenter.instance.withLinefeed(""\n"")",7,6,0.0,0.0,0.0,0.5,0
com.fasterxml.jackson.core.JsonGenerator.useDefaultPrettyPrinter(),com.fasterxml.jackson.core.JsonGenerator.setPrettyPrinter(pp),7,11,1.0,0.4,0.0,0.2,0
com.fasterxml.jackson.core.JsonFactory.createJsonParser(reader),com.fasterxml.jackson.core.JsonFactory.createParser(reader),1,1,1.0,0.6666666666666666,1.0,1.0,1
com.fasterxml.jackson.core.JsonGenerator.writeFieldName(value.getName()),"com.fasterxml.jackson.core.JsonGenerator.writeObjectField(value.getName(), humanize(value.getName()))",3,3,1.0,0.3333333333333333,0.6666666666666667,1.0,0
"com.fasterxml.jackson.core.JsonGenerator.writeRawValue("":"")","com.fasterxml.jackson.core.JsonGenerator.writeObjectField(value.getName(), humanize(value.getName()))",4,3,1.0,0.0,0.0,0.5,0
com.fasterxml.jackson.core.JsonGenerator.writeObject(humanize(value.getName())),"com.fasterxml.jackson.core.JsonGenerator.writeObjectField(value.getName(), humanize(value.getName()))",5,3,1.0,0.5,0.6666666666666667,0.3333333333333333,0
com.fasterxml.jackson.core.JsonFactory.createJsonGenerator(out),com.fasterxml.jackson.core.JsonFactory.createGenerator(out),5,5,1.0,0.6666666666666666,1.0,1.0,1
"com.fasterxml.jackson.core.sym.BytesToNameCanonicalizer.findName(_quadBuffer, quads)","com.fasterxml.jackson.core.sym.ByteQuadsCanonicalizer.findName(_quadBuffer, quads)",62,61,0.2,1.0,1.0,0.5,1
com.fasterxml.jackson.core.sym.Name.getName(),"com.fasterxml.jackson.core.sym.ByteQuadsCanonicalizer.findName(_quadBuffer, quads)",64,61,0.0,0.0,0.0,0.25,0
com.laserfiche.api.client.httphandlers.UsernamePasswordHandler.beforeSendAsync(customRequest),com.laserfiche.api.client.httphandlers.UsernamePasswordHandler.beforeSend(customRequest),3,3,1.0,0.0,1.0,1.0,1
com.laserfiche.api.client.httphandlers.OAuthClientCredentialsHandler.beforeSendAsync(customRequest),com.laserfiche.api.client.httphandlers.OAuthClientCredentialsHandler.beforeSend(customRequest),3,3,1.0,0.0,1.0,1.0,1
